sale_date,sku,product_name,category,brand,store_name,city,region,supplier_name,supplier_country,quantity,unit_price
2024-07-23,SKU-004,Cold Brew Coffee 330ml,Beverages,Pilot Coffee,Metro Fresh,Montreal,Quebec,Premium Brands,Canada,1,7.12
2024-11-27,SKU-003,Free Range Eggs 12pk,Dairy,Burnbrae Farms,FreshMart Uptown,Ottawa,Ontario,Lantic Inc,Canada,18,8.32
2023-07-09,SKU-013,Oat Milk 1L,Beverages,Oatly,FreshMart Westside,Vancouver,British Columbia,Maple Leaf Foods,Canada,25,2.6
2024-06-25,SKU-014,Avocado each,Produce,Fresh Direct,FreshMart Westside,Vancouver,British Columbia,Premium Brands,Canada,3,6.56
2023-06-11,SKU-009,Sparkling Water 6pk,Beverages,San Pellegrino,FreshMart Downtown,Toronto,Ontario,Lantic Inc,Canada,36,11.69
2024-01-29,SKU-011,Almond Butter 500g,Pantry,Maranatha,Prairie Pantry,Calgary,Alberta,Gordon Food Service,Canada,46,7.02
2023-06-13,SKU-011,Almond Butter 500g,Pantry,Maranatha,GreenGrocer Midtown,Toronto,Ontario,Gordon Food Service,Canada,15,7.02
2025-01-17,SKU-007,Baby Spinach 142g,Produce,Earthbound Farm,FreshMart Westside,Vancouver,British Columbia,Lantic Inc,Canada,11,22.51
2023-05-27,SKU-004,Cold Brew Coffee 330ml,Beverages,Pilot Coffee,FreshMart Uptown,Ottawa,Ontario,Gordon Food Service,Canada,39,7.12
2023-12-01,SKU-009,Sparkling Water 6pk,Beverages,San Pellegrino,FreshMart Uptown,Ottawa,Ontario,Sysco Canada,Canada,30,11.69
2024-03-25,SKU-015,Rotisserie Chicken,Deli,In-store,FreshMart Uptown,Ottawa,Ontario,Premium Brands,Canada,44,16.94
2023-03-07,SKU-013,Oat Milk 1L,Beverages,Oatly,FreshMart Downtown,Toronto,Ontario,Sysco Canada,Canada,21,2.6
2024-10-06,SKU-002,Sourdough Bread 750g,Bakery,ACE Bakery,GreenGrocer Midtown,Toronto,Ontario,Premium Brands,Canada,14,2.57
2023-10-20,SKU-007,Baby Spinach 142g,Produce,Earthbound Farm,FreshMart Uptown,Ottawa,Ontario,Lantic Inc,Canada,17,22.51
2024-06-22,SKU-012,Frozen Edamame 400g,Frozen,President's Choice,Prairie Pantry,Calgary,Alberta,Premium Brands,Canada,48,13.61
2025-01-11,SKU-015,Rotisserie Chicken,Deli,In-store,Prairie Pantry,Calgary,Alberta,Lantic Inc,Canada,15,16.94
2023-07-06,SKU-003,Free Range Eggs 12pk,Dairy,Burnbrae Farms,Prairie Pantry,Calgary,Alberta,Lantic Inc,Canada,49,8.32
2025-05-14,SKU-002,Sourdough Bread 750g,Bakery,ACE Bakery,GreenGrocer Midtown,Toronto,Ontario,Sysco Canada,Canada,39,2.57
2025-12-19,SKU-007,Baby Spinach 142g,Produce,Earthbound Farm,Prairie Pantry,Calgary,Alberta,Lantic Inc,Canada,17,22.51
2024-06-30,SKU-014,Avocado each,Produce,Fresh Direct,FreshMart Downtown,Toronto,Ontario,Maple Leaf Foods,Canada,50,6.56
2023-11-20,SKU-002,Sourdough Bread 750g,Bakery,ACE Bakery,FreshMart Westside,Vancouver,British Columbia,Lantic Inc,Canada,30,2.57
2025-10-22,SKU-012,Frozen Edamame 400g,Frozen,President's Choice,FreshMart Uptown,Ottawa,Ontario,Gordon Food Service,Canada,-9,13.61
2025-11-05,SKU-014,Avocado each,Produce,Fresh Direct,FreshMart Uptown,Ottawa,Ontario,Gordon Food Service,Canada,39,6.56
2025-12-22,SKU-006,Atlantic Salmon Fillet 400g,Seafood,Ocean Choice,GreenGrocer Midtown,Toronto,Ontario,Premium Brands,Canada,1,17.55
2025-01-13,SKU-008,Aged Cheddar 400g,Dairy,Black Diamond,FreshMart Downtown,Toronto,Ontario,Maple Leaf Foods,Canada,20,3.99
2023-06-25,SKU-004,Cold Brew Coffee 330ml,Beverages,Pilot Coffee,Prairie Pantry,Calgary,Alberta,Maple Leaf Foods,Canada,47,7.12
2023-09-20,SKU-002,Sourdough Bread 750g,Bakery,ACE Bakery,Prairie Pantry,Calgary,Alberta,Sysco Canada,Canada,43,2.57
2025-12-16,SKU-009,Sparkling Water 6pk,Beverages,San Pellegrino,GreenGrocer Midtown,Toronto,Ontario,Gordon Food Service,Canada,39,11.69
2024-09-30,SKU-004,Cold Brew Coffee 330ml,Beverages,Pilot Coffee,Prairie Pantry,Calgary,Alberta,Sysco Canada,Canada,26,7.12
2025-11-25,SKU-011,Almond Butter 500g,Pantry,Maranatha,FreshMart Westside,Vancouver,British Columbia,Lantic Inc,Canada,29,7.02
2023-02-13,SKU-004,Cold Brew Coffee 330ml,Beverages,Pilot Coffee,FreshMart Downtown,Toronto,Ontario,Gordon Food Service,Canada,38,7.12
2023-05-26,SKU-010,Dark Chocolate 85g,Snacks,Lindt,GreenGrocer Midtown,Toronto,Ontario,Maple Leaf Foods,Canada,46,2.68
2024-11-07,SKU-004,Cold Brew Coffee 330ml,Beverages,Pilot Coffee,FreshMart Downtown,Toronto,Ontario,Maple Leaf Foods,Canada,5,7.12
2024-03-14,SKU-005,Greek Yogurt 500g,Dairy,Olympic,FreshMart Uptown,Ottawa,Ontario,Lantic Inc,Canada,35,18.93
2025-08-26,SKU-015,Rotisserie Chicken,Deli,In-store,Prairie Pantry,Calgary,Alberta,Premium Brands,Canada,16,16.94
2023-07-13,SKU-013,Oat Milk 1L,Beverages,Oatly,Metro Fresh,Montreal,Quebec,Sysco Canada,Canada,7,2.6
2025-08-14,SKU-006,Atlantic Salmon Fillet 400g,Seafood,Ocean Choice,Metro Fresh,Montreal,Quebec,Lantic Inc,Canada,47,17.55
2023-05-05,SKU-011,Almond Butter 500g,Pantry,Maranatha,FreshMart Uptown,Ottawa,Ontario,Maple Leaf Foods,Canada,26,7.02
2024-01-28,SKU-013,Oat Milk 1L,Beverages,Oatly,FreshMart Downtown,Toronto,Ontario,Sysco Canada,Canada,13,2.6
2024-07-24,SKU-003,Free Range Eggs 12pk,Dairy,Burnbrae Farms,Metro Fresh,Montreal,Quebec,Sysco Canada,Canada,30,8.32
2023-07-20,SKU-015,Rotisserie Chicken,Deli,In-store,FreshMart Downtown,Toronto,Ontario,Lantic Inc,Canada,4,16.94
2024-04-29,SKU-009,Sparkling Water 6pk,Beverages,San Pellegrino,FreshMart Downtown,Toronto,Ontario,Maple Leaf Foods,Canada,11,11.69
2023-05-01,SKU-008,Aged Cheddar 400g,Dairy,Black Diamond,GreenGrocer Midtown,Toronto,Ontario,Lantic Inc,Canada,11,3.99
2024-08-07,SKU-007,Baby Spinach 142g,Produce,Earthbound Farm,FreshMart Westside,Vancouver,British Columbia,Lantic Inc,Canada,28,22.51
2023-11-14,SKU-012,Frozen Edamame 400g,Frozen,President's Choice,Prairie Pantry,Calgary,Alberta,Lantic Inc,Canada,13,13.61
2023-05-05,SKU-001,Organic Whole Milk 2L,Dairy,Natrel,Prairie Pantry,Calgary,Alberta,Premium Brands,Canada,48,16.7
2025-10-26,SKU-001,Organic Whole Milk 2L,Dairy,Natrel,Prairie Pantry,Calgary,Alberta,Lantic Inc,Canada,34,16.7
2023-05-21,SKU-009,Sparkling Water 6pk,Beverages,San Pellegrino,FreshMart Downtown,Toronto,Ontario,Sysco Canada,Canada,39,11.69
2023-09-03,SKU-014,Avocado each,Produce,Fresh Direct,GreenGrocer Midtown,Toronto,Ontario,Lantic Inc,Canada,37,6.56
2023-06-17,SKU-010,Dark Chocolate 85g,Snacks,Lindt,FreshMart Downtown,Toronto,Ontario,Premium Brands,Canada,27,2.68
2024-06-18,SKU-010,Dark Chocolate 85g,Snacks,Lindt,Prairie Pantry,Calgary,Alberta,Gordon Food Service,Canada,14,2.68
2025-03-21,SKU-006,Atlantic Salmon Fillet 400g,Seafood,Ocean Choice,GreenGrocer Midtown,Toronto,Ontario,Gordon Food Service,Canada,9,17.55
2023-05-29,SKU-005,Greek Yogurt 500g,Dairy,Olympic,Metro Fresh,Montreal,Quebec,Gordon Food Service,Canada,1,18.93
2024-03-12,SKU-010,Dark Chocolate 85g,Snacks,Lindt,FreshMart Downtown,Toronto,Ontario,Maple Leaf Foods,Canada,33,2.68
2024-05-15,SKU-015,Rotisserie Chicken,Deli,In-store,FreshMart Westside,Vancouver,British Columbia,Maple Leaf Foods,Canada,24,16.94
2025-12-19,SKU-008,Aged Cheddar 400g,Dairy,Black Diamond,Prairie Pantry,Calgary,Alberta,Gordon Food Service,Canada,1,3.99
2023-10-03,SKU-009,Sparkling Water 6pk,Beverages,San Pellegrino,FreshMart Westside,Vancouver,British Columbia,Maple Leaf Foods,Canada,17,11.69
2023-11-15,SKU-002,Sourdough Bread 750g,Bakery,ACE Bakery,FreshMart Uptown,Ottawa,Ontario,Premium Brands,Canada,18,2.57
2024-02-21,SKU-004,Cold Brew Coffee 330ml,Beverages,Pilot Coffee,FreshMart Uptown,Ottawa,Ontario,Gordon Food Service,Canada,44,7.12
2024-05-29,SKU-005,Greek Yogurt 500g,Dairy,Olympic,Prairie Pantry,Calgary,Alberta,Lantic Inc,Canada,4,18.93
2023-01-08,SKU-007,Baby Spinach 142g,Produce,Earthbound Farm,FreshMart Westside,Vancouver,British Columbia,Maple Leaf Foods,Canada,22,22.51
2025-06-23,SKU-011,Almond Butter 500g,Pantry,Maranatha,FreshMart Westside,Vancouver,British Columbia,Sysco Canada,Canada,36,7.02
2023-06-04,SKU-009,Sparkling Water 6pk,Beverages,San Pellegrino,FreshMart Downtown,Toronto,Ontario,Maple Leaf Foods,Canada,45,11.69
2023-10-31,SKU-009,Sparkling Water 6pk,Beverages,San Pellegrino,FreshMart Downtown,Toronto,Ontario,Gordon Food Service,Canada,28,11.69
2025-01-02,SKU-005,Greek Yogurt 500g,Dairy,Olympic,FreshMart Westside,Vancouver,British Columbia,Maple Leaf Foods,Canada,14,18.93
2025-04-12,SKU-011,Almond Butter 500g,Pantry,Maranatha,FreshMart Downtown,Toronto,Ontario,Gordon Food Service,Canada,40,7.02
2023-12-29,SKU-015,Rotisserie Chicken,Deli,In-store,GreenGrocer Midtown,Toronto,Ontario,Sysco Canada,Canada,27,16.94
2024-05-23,SKU-012,Frozen Edamame 400g,Frozen,President's Choice,FreshMart Westside,Vancouver,British Columbia,Lantic Inc,Canada,-2,13.61
2024-02-13,SKU-001,Organic Whole Milk 2L,Dairy,Natrel,Metro Fresh,Montreal,Quebec,Sysco Canada,Canada,30,16.7
2023-02-18,SKU-014,Avocado each,Produce,Fresh Direct,GreenGrocer Midtown,Toronto,Ontario,Sysco Canada,Canada,43,6.56
2024-07-25,SKU-006,Atlantic Salmon Fillet 400g,Seafood,Ocean Choice,FreshMart Westside,Vancouver,British Columbia,Maple Leaf Foods,Canada,23,17.55
2024-11-09,SKU-007,Baby Spinach 142g,Produce,Earthbound Farm,FreshMart Uptown,Ottawa,Ontario,Premium Brands,Canada,2,22.51
2024-06-27,SKU-005,Greek Yogurt 500g,Dairy,Olympic,GreenGrocer Midtown,Toronto,Ontario,Premium Brands,Canada,3,18.93
2025-06-12,SKU-007,Baby Spinach 142g,Produce,Earthbound Farm,FreshMart Westside,Vancouver,British Columbia,Gordon Food Service,Canada,39,22.51
2024-01-25,SKU-002,Sourdough Bread 750g,Bakery,ACE Bakery,Metro Fresh,Montreal,Quebec,Premium Brands,Canada,17,2.57
2024-02-08,SKU-007,Baby Spinach 142g,Produce,Earthbound Farm,FreshMart Downtown,Toronto,Ontario,Premium Brands,Canada,24,22.51
2024-10-04,SKU-011,Almond Butter 500g,Pantry,Maranatha,FreshMart Westside,Vancouver,British Columbia,Premium Brands,Canada,43,7.02
2024-09-25,SKU-012,Frozen Edamame 400g,Frozen,President's Choice,FreshMart Westside,Vancouver,British Columbia,Premium Brands,Canada,43,13.61
2023-09-18,SKU-007,Baby Spinach 142g,Produce,Earthbound Farm,FreshMart Uptown,Ottawa,Ontario,Gordon Food Service,Canada,13,22.51
2024-09-08,SKU-007,Baby Spinach 142g,Produce,Earthbound Farm,FreshMart Uptown,Ottawa,Ontario,Sysco Canada,Canada,26,22.51
2024-03-06,SKU-001,Organic Whole Milk 2L,Dairy,Natrel,FreshMart Westside,Vancouver,British Columbia,Gordon Food Service,Canada,28,16.7
2025-08-10,SKU-010,Dark Chocolate 85g,Snacks,Lindt,FreshMart Uptown,Ottawa,Ontario,Gordon Food Service,Canada,29,2.68
2023-12-14,SKU-004,Cold Brew Coffee 330ml,Beverages,Pilot Coffee,Prairie Pantry,Calgary,Alberta,Lantic Inc,Canada,43,7.12
2024-11-17,SKU-009,Sparkling Water 6pk,Beverages,San Pellegrino,FreshMart Uptown,Ottawa,Ontario,Premium Brands,Canada,6,11.69
2024-04-05,SKU-013,Oat Milk 1L,Beverages,Oatly,GreenGrocer Midtown,Toronto,Ontario,Gordon Food Service,Canada,13,2.6
2023-05-30,SKU-001,Organic Whole Milk 2L,Dairy,Natrel,GreenGrocer Midtown,Toronto,Ontario,Lantic Inc,Canada,30,16.7
2025-02-25,SKU-011,Almond Butter 500g,Pantry,Maranatha,Prairie Pantry,Calgary,Alberta,Sysco Canada,Canada,32,7.02
2023-08-07,SKU-003,Free Range Eggs 12pk,Dairy,Burnbrae Farms,FreshMart Uptown,Ottawa,Ontario,Maple Leaf Foods,Canada,50,8.32
2025-08-09,SKU-003,Free Range Eggs 12pk,Dairy,Burnbrae Farms,FreshMart Uptown,Ottawa,Ontario,Premium Brands,Canada,4,8.32
2023-10-01,SKU-015,Rotisserie Chicken,Deli,In-store,FreshMart Downtown,Toronto,Ontario,Lantic Inc,Canada,30,16.94
2025-06-25,SKU-009,Sparkling Water 6pk,Beverages,San Pellegrino,Prairie Pantry,Calgary,Alberta,Gordon Food Service,Canada,40,11.69
2025-07-02,SKU-015,Rotisserie Chicken,Deli,In-store,Prairie Pantry,Calgary,Alberta,Lantic Inc,Canada,11,16.94
2024-05-21,SKU-008,Aged Cheddar 400g,Dairy,Black Diamond,Metro Fresh,Montreal,Quebec,Gordon Food Service,Canada,41,3.99
2024-05-04,SKU-013,Oat Milk 1L,Beverages,Oatly,Prairie Pantry,Calgary,Alberta,Lantic Inc,Canada,18,2.6
2024-07-10,SKU-012,Frozen Edamame 400g,Frozen,President's Choice,FreshMart Westside,Vancouver,British Columbia,Sysco Canada,Canada,22,13.61
2023-11-05,SKU-009,Sparkling Water 6pk,Beverages,San Pellegrino,FreshMart Downtown,Toronto,Ontario,Sysco Canada,Canada,15,11.69
2023-05-12,SKU-003,Free Range Eggs 12pk,Dairy,Burnbrae Farms,FreshMart Uptown,Ottawa,Ontario,Sysco Canada,Canada,27,8.32
2023-05-08,SKU-009,Sparkling Water 6pk,Beverages,San Pellegrino,Metro Fresh,Montreal,Quebec,Lantic Inc,Canada,14,11.69
2025-02-18,SKU-007,Baby Spinach 142g,Produce,Earthbound Farm,Prairie Pantry,Calgary,Alberta,Maple Leaf Foods,Canada,31,22.51
2025-05-08,SKU-006,Atlantic Salmon Fillet 400g,Seafood,Ocean Choice,FreshMart Westside,Vancouver,British Columbia,Lantic Inc,Canada,-8,17.55
2025-03-07,SKU-007,Baby Spinach 142g,Produce,Earthbound Farm,Metro Fresh,Montreal,Quebec,Maple Leaf Foods,Canada,22,22.51
2025-08-15,SKU-013,Oat Milk 1L,Beverages,Oatly,Metro Fresh,Montreal,Quebec,Sysco Canada,Canada,9,2.6
2023-02-25,SKU-009,Sparkling Water 6pk,Beverages,San Pellegrino,FreshMart Downtown,Toronto,Ontario,Lantic Inc,Canada,6,11.69
2023-04-13,SKU-003,Free Range Eggs 12pk,Dairy,Burnbrae Farms,Metro Fresh,Montreal,Quebec,Sysco Canada,Canada,17,8.32
2024-11-22,SKU-004,Cold Brew Coffee 330ml,Beverages,Pilot Coffee,Metro Fresh,Montreal,Quebec,Gordon Food Service,Canada,49,7.12
2023-06-17,SKU-005,Greek Yogurt 500g,Dairy,Olympic,Metro Fresh,Montreal,Quebec,Gordon Food Service,Canada,31,18.93
not-a-date,SKU-009,Sparkling Water 6pk,Beverages,San Pellegrino,FreshMart Downtown,Toronto,Ontario,Gordon Food Service,Canada,42,11.69
2024-05-21,SKU-011,Almond Butter 500g,Pantry,Maranatha,FreshMart Downtown,Toronto,Ontario,Maple Leaf Foods,Canada,13,7.02
2023-09-16,SKU-010,Dark Chocolate 85g,Snacks,Lindt,GreenGrocer Midtown,Toronto,Ontario,Sysco Canada,Canada,31,2.68
2024-06-08,SKU-010,Dark Chocolate 85g,Snacks,Lindt,GreenGrocer Midtown,Toronto,Ontario,Lantic Inc,Canada,50,2.68
2023-12-02,SKU-010,Dark Chocolate 85g,Snacks,Lindt,Prairie Pantry,Calgary,Alberta,Maple Leaf Foods,Canada,20,2.68
2025-02-07,SKU-001,Organic Whole Milk 2L,Dairy,Natrel,FreshMart Westside,Vancouver,British Columbia,Premium Brands,Canada,26,16.7
2024-05-12,SKU-004,Cold Brew Coffee 330ml,Beverages,Pilot Coffee,FreshMart Downtown,Toronto,Ontario,Premium Brands,Canada,7,7.12
2023-09-05,SKU-005,Greek Yogurt 500g,Dairy,Olympic,FreshMart Uptown,Ottawa,Ontario,Premium Brands,Canada,37,18.93
2025-01-28,SKU-006,Atlantic Salmon Fillet 400g,Seafood,Ocean Choice,Prairie Pantry,Calgary,Alberta,Lantic Inc,Canada,5,17.55
2025-09-30,SKU-006,Atlantic Salmon Fillet 400g,Seafood,Ocean Choice,FreshMart Downtown,Toronto,Ontario,Lantic Inc,Canada,7,17.55
2023-11-10,SKU-006,Atlantic Salmon Fillet 400g,Seafood,Ocean Choice,FreshMart Uptown,Ottawa,Ontario,Lantic Inc,Canada,28,17.55
2025-09-17,SKU-009,Sparkling Water 6pk,Beverages,San Pellegrino,FreshMart Uptown,Ottawa,Ontario,Gordon Food Service,Canada,30,11.69
2024-10-22,SKU-012,Frozen Edamame 400g,Frozen,President's Choice,Prairie Pantry,Calgary,Alberta,Gordon Food Service,Canada,16,13.61
2024-05-14,SKU-002,Sourdough Bread 750g,Bakery,ACE Bakery,FreshMart Westside,Vancouver,British Columbia,Lantic Inc,Canada,49,2.57
2024-11-19,SKU-010,Dark Chocolate 85g,Snacks,Lindt,FreshMart Uptown,Ottawa,Ontario,Lantic Inc,Canada,2,2.68
2024-03-10,SKU-006,Atlantic Salmon Fillet 400g,Seafood,Ocean Choice,GreenGrocer Midtown,Toronto,Ontario,Lantic Inc,Canada,23,17.55
2024-07-19,SKU-006,Atlantic Salmon Fillet 400g,Seafood,Ocean Choice,FreshMart Westside,Vancouver,British Columbia,Premium Brands,Canada,36,17.55
2025-04-12,SKU-004,Cold Brew Coffee 330ml,Beverages,Pilot Coffee,FreshMart Downtown,Toronto,Ontario,Sysco Canada,Canada,-8,7.12
2023-07-10,SKU-008,Aged Cheddar 400g,Dairy,Black Diamond,Metro Fresh,Montreal,Quebec,Maple Leaf Foods,Canada,19,3.99
2025-01-25,SKU-012,Frozen Edamame 400g,Frozen,President's Choice,GreenGrocer Midtown,Toronto,Ontario,Gordon Food Service,Canada,31,13.61
2024-11-08,SKU-006,Atlantic Salmon Fillet 400g,Seafood,Ocean Choice,Metro Fresh,Montreal,Quebec,Premium Brands,Canada,23,17.55
2024-04-17,SKU-005,Greek Yogurt 500g,Dairy,Olympic,FreshMart Westside,Vancouver,British Columbia,Gordon Food Service,Canada,8,18.93
2024-01-15,SKU-006,Atlantic Salmon Fillet 400g,Seafood,Ocean Choice,FreshMart Downtown,Toronto,Ontario,Premium Brands,Canada,13,17.55
2025-12-10,SKU-008,Aged Cheddar 400g,Dairy,Black Diamond,FreshMart Westside,Vancouver,British Columbia,Premium Brands,Canada,39,3.99
2024-04-10,SKU-002,Sourdough Bread 750g,Bakery,ACE Bakery,GreenGrocer Midtown,Toronto,Ontario,Gordon Food Service,Canada,24,2.57
2023-09-17,SKU-001,Organic Whole Milk 2L,Dairy,Natrel,FreshMart Uptown,Ottawa,Ontario,Premium Brands,Canada,18,16.7
2023-09-16,SKU-001,Organic Whole Milk 2L,Dairy,Natrel,Prairie Pantry,Calgary,Alberta,Gordon Food Service,Canada,41,16.7
2024-08-05,SKU-008,Aged Cheddar 400g,Dairy,Black Diamond,FreshMart Downtown,Toronto,Ontario,Maple Leaf Foods,Canada,31,3.99
2024-06-01,SKU-006,Atlantic Salmon Fillet 400g,Seafood,Ocean Choice,GreenGrocer Midtown,Toronto,Ontario,Maple Leaf Foods,Canada,31,17.55
2023-06-01,SKU-002,Sourdough Bread 750g,Bakery,ACE Bakery,Metro Fresh,Montreal,Quebec,Lantic Inc,Canada,37,2.57
2024-09-14,SKU-001,Organic Whole Milk 2L,Dairy,Natrel,GreenGrocer Midtown,Toronto,Ontario,Sysco Canada,Canada,6,16.7
2024-04-07,SKU-002,Sourdough Bread 750g,Bakery,ACE Bakery,Prairie Pantry,Calgary,Alberta,Lantic Inc,Canada,50,2.57
2025-05-28,SKU-008,Aged Cheddar 400g,Dairy,Black Diamond,Metro Fresh,Montreal,Quebec,Gordon Food Service,Canada,20,3.99
2024-03-01,SKU-001,Organic Whole Milk 2L,Dairy,Natrel,Prairie Pantry,Calgary,Alberta,Maple Leaf Foods,Canada,41,16.7
2024-05-06,SKU-011,Almond Butter 500g,Pantry,Maranatha,FreshMart Downtown,Toronto,Ontario,Sysco Canada,Canada,12,7.02
2025-07-11,SKU-003,Free Range Eggs 12pk,Dairy,Burnbrae Farms,FreshMart Downtown,Toronto,Ontario,Lantic Inc,Canada,45,8.32
2024-08-13,SKU-005,Greek Yogurt 500g,Dairy,Olympic,FreshMart Downtown,Toronto,Ontario,Sysco Canada,Canada,46,18.93
2024-04-23,SKU-014,Avocado each,Produce,Fresh Direct,Metro Fresh,Montreal,Quebec,Maple Leaf Foods,Canada,17,6.56
2025-05-20,SKU-011,Almond Butter 500g,Pantry,Maranatha,Prairie Pantry,Calgary,Alberta,Sysco Canada,Canada,8,7.02
2023-10-19,SKU-011,Almond Butter 500g,Pantry,Maranatha,GreenGrocer Midtown,Toronto,Ontario,Gordon Food Service,Canada,5,7.02
2024-08-14,SKU-013,Oat Milk 1L,Beverages,Oatly,FreshMart Westside,Vancouver,British Columbia,Premium Brands,Canada,29,2.6
2024-07-11,SKU-012,Frozen Edamame 400g,Frozen,President's Choice,FreshMart Westside,Vancouver,British Columbia,Lantic Inc,Canada,33,13.61
2023-03-23,SKU-008,Aged Cheddar 400g,Dairy,Black Diamond,FreshMart Downtown,Toronto,Ontario,Premium Brands,Canada,28,3.99
2023-07-07,SKU-010,Dark Chocolate 85g,Snacks,Lindt,FreshMart Westside,Vancouver,British Columbia,Maple Leaf Foods,Canada,15,2.68
2023-02-12,SKU-014,Avocado each,Produce,Fresh Direct,Prairie Pantry,Calgary,Alberta,Premium Brands,Canada,49,6.56
2023-12-25,SKU-005,Greek Yogurt 500g,Dairy,Olympic,Prairie Pantry,Calgary,Alberta,Maple Leaf Foods,Canada,31,18.93
2025-06-11,SKU-008,Aged Cheddar 400g,Dairy,Black Diamond,FreshMart Westside,Vancouver,British Columbia,Sysco Canada,Canada,41,3.99
2025-04-16,SKU-002,Sourdough Bread 750g,Bakery,ACE Bakery,Metro Fresh,Montreal,Quebec,Gordon Food Service,Canada,22,2.57
2025-04-23,SKU-002,Sourdough Bread 750g,Bakery,ACE Bakery,GreenGrocer Midtown,Toronto,Ontario,Gordon Food Service,Canada,45,2.57
2023-03-17,SKU-011,Almond Butter 500g,Pantry,Maranatha,Metro Fresh,Montreal,Quebec,Premium Brands,Canada,30,7.02
2025-04-07,SKU-005,Greek Yogurt 500g,Dairy,Olympic,FreshMart Westside,Vancouver,British Columbia,Maple Leaf Foods,Canada,33,18.93
2025-08-04,SKU-001,Organic Whole Milk 2L,Dairy,Natrel,FreshMart Uptown,Ottawa,Ontario,Premium Brands,Canada,27,16.7
2025-10-17,SKU-009,Sparkling Water 6pk,Beverages,San Pellegrino,FreshMart Westside,Vancouver,British Columbia,Premium Brands,Canada,41,11.69
2023-09-26,SKU-001,Organic Whole Milk 2L,Dairy,Natrel,GreenGrocer Midtown,Toronto,Ontario,Gordon Food Service,Canada,19,16.7
2023-03-01,SKU-012,Frozen Edamame 400g,Frozen,President's Choice,Metro Fresh,Montreal,Quebec,Maple Leaf Foods,Canada,41,13.61
2024-09-28,SKU-004,Cold Brew Coffee 330ml,Beverages,Pilot Coffee,FreshMart Uptown,Ottawa,Ontario,Sysco Canada,Canada,36,7.12
not-a-date,SKU-007,Baby Spinach 142g,Produce,Earthbound Farm,FreshMart Downtown,Toronto,Ontario,Sysco Canada,Canada,30,22.51
2025-11-08,SKU-003,Free Range Eggs 12pk,Dairy,Burnbrae Farms,Metro Fresh,Montreal,Quebec,Gordon Food Service,Canada,46,8.32
2024-05-14,SKU-014,Avocado each,Produce,Fresh Direct,Metro Fresh,Montreal,Quebec,Lantic Inc,Canada,30,6.56
2025-11-06,SKU-007,Baby Spinach 142g,Produce,Earthbound Farm,GreenGrocer Midtown,Toronto,Ontario,Premium Brands,Canada,48,22.51
2025-04-29,SKU-014,Avocado each,Produce,Fresh Direct,FreshMart Downtown,Toronto,Ontario,Gordon Food Service,Canada,22,6.56
2024-08-02,SKU-009,Sparkling Water 6pk,Beverages,San Pellegrino,FreshMart Westside,Vancouver,British Columbia,Maple Leaf Foods,Canada,47,11.69
2023-11-01,SKU-010,Dark Chocolate 85g,Snacks,Lindt,Prairie Pantry,Calgary,Alberta,Lantic Inc,Canada,29,2.68
2025-02-11,SKU-006,Atlantic Salmon Fillet 400g,Seafood,Ocean Choice,FreshMart Westside,Vancouver,British Columbia,Premium Brands,Canada,30,17.55
2025-02-23,SKU-014,Avocado each,Produce,Fresh Direct,GreenGrocer Midtown,Toronto,Ontario,Sysco Canada,Canada,15,6.56
2025-08-26,SKU-007,Baby Spinach 142g,Produce,Earthbound Farm,FreshMart Downtown,Toronto,Ontario,Gordon Food Service,Canada,46,22.51
2025-10-11,SKU-007,Baby Spinach 142g,Produce,Earthbound Farm,Metro Fresh,Montreal,Quebec,Sysco Canada,Canada,3,22.51
2025-06-20,SKU-010,Dark Chocolate 85g,Snacks,Lindt,FreshMart Westside,Vancouver,British Columbia,Maple Leaf Foods,Canada,7,2.68
2025-04-19,SKU-008,Aged Cheddar 400g,Dairy,Black Diamond,FreshMart Downtown,Toronto,Ontario,Sysco Canada,Canada,42,3.99
2024-11-24,SKU-002,Sourdough Bread 750g,Bakery,ACE Bakery,Metro Fresh,Montreal,Quebec,Gordon Food Service,Canada,40,2.57
2025-12-28,SKU-011,Almond Butter 500g,Pantry,Maranatha,FreshMart Downtown,Toronto,Ontario,Gordon Food Service,Canada,25,7.02
2023-03-15,SKU-011,Almond Butter 500g,Pantry,Maranatha,FreshMart Uptown,Ottawa,Ontario,Lantic Inc,Canada,40,7.02
2024-04-10,SKU-011,Almond Butter 500g,Pantry,Maranatha,FreshMart Uptown,Ottawa,Ontario,Gordon Food Service,Canada,48,7.02
2025-06-27,SKU-002,Sourdough Bread 750g,Bakery,ACE Bakery,FreshMart Uptown,Ottawa,Ontario,Maple Leaf Foods,Canada,11,2.57
2024-10-26,SKU-015,Rotisserie Chicken,Deli,In-store,FreshMart Downtown,Toronto,Ontario,Maple Leaf Foods,Canada,4,16.94
2024-05-15,SKU-006,Atlantic Salmon Fillet 400g,Seafood,Ocean Choice,Metro Fresh,Montreal,Quebec,Sysco Canada,Canada,34,17.55
2023-12-25,SKU-011,Almond Butter 500g,Pantry,Maranatha,GreenGrocer Midtown,Toronto,Ontario,Sysco Canada,Canada,6,7.02
2025-10-16,SKU-007,Baby Spinach 142g,Produce,Earthbound Farm,Prairie Pantry,Calgary,Alberta,Sysco Canada,Canada,38,22.51
2025-07-30,SKU-008,Aged Cheddar 400g,Dairy,Black Diamond,FreshMart Uptown,Ottawa,Ontario,Gordon Food Service,Canada,17,3.99
2023-11-20,SKU-015,Rotisserie Chicken,Deli,In-store,Metro Fresh,Montreal,Quebec,Gordon Food Service,Canada,5,16.94
2025-05-18,SKU-006,Atlantic Salmon Fillet 400g,Seafood,Ocean Choice,Prairie Pantry,Calgary,Alberta,Gordon Food Service,Canada,45,17.55
2025-02-26,SKU-014,Avocado each,Produce,Fresh Direct,FreshMart Westside,Vancouver,British Columbia,Sysco Canada,Canada,31,6.56
2024-08-28,SKU-007,Baby Spinach 142g,Produce,Earthbound Farm,Prairie Pantry,Calgary,Alberta,Gordon Food Service,Canada,45,22.51
2024-07-16,SKU-014,Avocado each,Produce,Fresh Direct,FreshMart Uptown,Ottawa,Ontario,Lantic Inc,Canada,1,6.56
2025-10-14,SKU-011,Almond Butter 500g,Pantry,Maranatha,FreshMart Uptown,Ottawa,Ontario,Maple Leaf Foods,Canada,19,7.02
2024-03-24,SKU-004,Cold Brew Coffee 330ml,Beverages,Pilot Coffee,Prairie Pantry,Calgary,Alberta,Gordon Food Service,Canada,41,7.12
2023-07-18,SKU-005,Greek Yogurt 500g,Dairy,Olympic,FreshMart Uptown,Ottawa,Ontario,Sysco Canada,Canada,41,18.93
2025-01-17,SKU-005,Greek Yogurt 500g,Dairy,Olympic,Metro Fresh,Montreal,Quebec,Maple Leaf Foods,Canada,47,18.93
2025-04-30,SKU-015,Rotisserie Chicken,Deli,In-store,FreshMart Westside,Vancouver,British Columbia,Gordon Food Service,Canada,12,16.94
2025-12-23,SKU-013,Oat Milk 1L,Beverages,Oatly,Prairie Pantry,Calgary,Alberta,Gordon Food Service,Canada,33,2.6
2025-09-13,SKU-014,Avocado each,Produce,Fresh Direct,GreenGrocer Midtown,Toronto,Ontario,Gordon Food Service,Canada,19,6.56
2023-06-04,SKU-006,Atlantic Salmon Fillet 400g,Seafood,Ocean Choice,FreshMart Downtown,Toronto,Ontario,Lantic Inc,Canada,10,17.55
2025-01-19,SKU-004,Cold Brew Coffee 330ml,Beverages,Pilot Coffee,FreshMart Uptown,Ottawa,Ontario,Lantic Inc,Canada,6,7.12
2023-09-11,SKU-001,Organic Whole Milk 2L,Dairy,Natrel,FreshMart Westside,Vancouver,British Columbia,Premium Brands,Canada,30,16.7
2025-02-19,SKU-012,Frozen Edamame 400g,Frozen,President's Choice,FreshMart Uptown,Ottawa,Ontario,Gordon Food Service,Canada,41,13.61
2025-08-23,SKU-002,Sourdough Bread 750g,Bakery,ACE Bakery,FreshMart Uptown,Ottawa,Ontario,Sysco Canada,Canada,2,2.57
2024-03-29,SKU-009,Sparkling Water 6pk,Beverages,San Pellegrino,FreshMart Westside,Vancouver,British Columbia,Premium Brands,Canada,42,11.69
2025-04-16,SKU-014,Avocado each,Produce,Fresh Direct,Metro Fresh,Montreal,Quebec,Gordon Food Service,Canada,8,6.56
2023-08-26,SKU-001,Organic Whole Milk 2L,Dairy,Natrel,FreshMart Westside,Vancouver,British Columbia,Lantic Inc,Canada,7,16.7
2025-07-18,SKU-009,Sparkling Water 6pk,Beverages,San Pellegrino,GreenGrocer Midtown,Toronto,Ontario,Lantic Inc,Canada,24,11.69
2025-05-08,SKU-012,Frozen Edamame 400g,Frozen,President's Choice,FreshMart Uptown,Ottawa,Ontario,Premium Brands,Canada,38,13.61
2025-09-29,SKU-003,Free Range Eggs 12pk,Dairy,Burnbrae Farms,Metro Fresh,Montreal,Quebec,Maple Leaf Foods,Canada,40,8.32
2024-03-20,SKU-005,Greek Yogurt 500g,Dairy,Olympic,FreshMart Downtown,Toronto,Ontario,Gordon Food Service,Canada,29,18.93
2025-01-22,SKU-004,Cold Brew Coffee 330ml,Beverages,Pilot Coffee,FreshMart Westside,Vancouver,British Columbia,Maple Leaf Foods,Canada,35,7.12
2025-03-26,SKU-011,Almond Butter 500g,Pantry,Maranatha,FreshMart Westside,Vancouver,British Columbia,Maple Leaf Foods,Canada,18,7.02
2024-03-10,SKU-002,Sourdough Bread 750g,Bakery,ACE Bakery,Metro Fresh,Montreal,Quebec,Maple Leaf Foods,Canada,42,2.57
2024-05-13,SKU-001,Organic Whole Milk 2L,Dairy,Natrel,FreshMart Downtown,Toronto,Ontario,Gordon Food Service,Canada,9,16.7
2024-02-29,SKU-004,Cold Brew Coffee 330ml,Beverages,Pilot Coffee,FreshMart Downtown,Toronto,Ontario,Premium Brands,Canada,38,7.12
2023-10-30,SKU-014,Avocado each,Produce,Fresh Direct,GreenGrocer Midtown,Toronto,Ontario,Gordon Food Service,Canada,39,6.56
not-a-date,SKU-014,Avocado each,Produce,Fresh Direct,GreenGrocer Midtown,Toronto,Ontario,Sysco Canada,Canada,12,6.56
2025-01-03,SKU-001,Organic Whole Milk 2L,Dairy,Natrel,GreenGrocer Midtown,Toronto,Ontario,Maple Leaf Foods,Canada,16,16.7
2023-04-18,SKU-001,Organic Whole Milk 2L,Dairy,Natrel,GreenGrocer Midtown,Toronto,Ontario,Gordon Food Service,Canada,9,16.7
2025-09-02,SKU-009,Sparkling Water 6pk,Beverages,San Pellegrino,FreshMart Downtown,Toronto,Ontario,Maple Leaf Foods,Canada,29,11.69
2025-07-14,SKU-009,Sparkling Water 6pk,Beverages,San Pellegrino,Prairie Pantry,Calgary,Alberta,Maple Leaf Foods,Canada,33,11.69
2024-09-09,SKU-010,Dark Chocolate 85g,Snacks,Lindt,FreshMart Downtown,Toronto,Ontario,Premium Brands,Canada,30,2.68
2025-04-02,SKU-001,Organic Whole Milk 2L,Dairy,Natrel,FreshMart Downtown,Toronto,Ontario,Lantic Inc,Canada,28,16.7
2023-05-31,SKU-008,Aged Cheddar 400g,Dairy,Black Diamond,FreshMart Uptown,Ottawa,Ontario,Lantic Inc,Canada,6,3.99
2024-07-17,SKU-003,Free Range Eggs 12pk,Dairy,Burnbrae Farms,FreshMart Downtown,Toronto,Ontario,Sysco Canada,Canada,40,8.32
2025-02-19,SKU-009,Sparkling Water 6pk,Beverages,San Pellegrino,FreshMart Uptown,Ottawa,Ontario,Gordon Food Service,Canada,39,11.69
2025-05-31,SKU-008,Aged Cheddar 400g,Dairy,Black Diamond,Prairie Pantry,Calgary,Alberta,Premium Brands,Canada,7,3.99
2024-03-16,SKU-002,Sourdough Bread 750g,Bakery,ACE Bakery,FreshMart Uptown,Ottawa,Ontario,Premium Brands,Canada,28,2.57
2025-07-17,SKU-004,Cold Brew Coffee 330ml,Beverages,Pilot Coffee,Metro Fresh,Montreal,Quebec,Gordon Food Service,Canada,26,7.12
2024-10-02,SKU-002,Sourdough Bread 750g,Bakery,ACE Bakery,FreshMart Westside,Vancouver,British Columbia,Lantic Inc,Canada,43,2.57
2023-05-18,SKU-003,Free Range Eggs 12pk,Dairy,Burnbrae Farms,FreshMart Uptown,Ottawa,Ontario,Lantic Inc,Canada,6,8.32
2025-02-02,SKU-002,Sourdough Bread 750g,Bakery,ACE Bakery,Metro Fresh,Montreal,Quebec,Maple Leaf Foods,Canada,9,2.57
2024-11-06,SKU-010,Dark Chocolate 85g,Snacks,Lindt,Prairie Pantry,Calgary,Alberta,Premium Brands,Canada,43,2.68
2023-04-16,SKU-006,Atlantic Salmon Fillet 400g,Seafood,Ocean Choice,FreshMart Uptown,Ottawa,Ontario,Lantic Inc,Canada,19,17.55
2025-11-05,SKU-006,Atlantic Salmon Fillet 400g,Seafood,Ocean Choice,FreshMart Downtown,Toronto,Ontario,Premium Brands,Canada,14,17.55
2024-12-18,SKU-008,Aged Cheddar 400g,Dairy,Black Diamond,GreenGrocer Midtown,Toronto,Ontario,Maple Leaf Foods,Canada,36,3.99
2024-04-08,SKU-013,Oat Milk 1L,Beverages,Oatly,FreshMart Westside,Vancouver,British Columbia,Premium Brands,Canada,28,2.6
2023-02-23,SKU-013,Oat Milk 1L,Beverages,Oatly,Prairie Pantry,Calgary,Alberta,Premium Brands,Canada,39,2.6
2023-03-01,SKU-014,Avocado each,Produce,Fresh Direct,FreshMart Uptown,Ottawa,Ontario,Gordon Food Service,Canada,12,6.56
2024-12-19,SKU-013,Oat Milk 1L,Beverages,Oatly,FreshMart Westside,Vancouver,British Columbia,Gordon Food Service,Canada,1,2.6
2023-05-23,SKU-003,Free Range Eggs 12pk,Dairy,Burnbrae Farms,Prairie Pantry,Calgary,Alberta,Lantic Inc,Canada,10,8.32
2024-03-16,SKU-001,Organic Whole Milk 2L,Dairy,Natrel,FreshMart Downtown,Toronto,Ontario,Premium Brands,Canada,25,16.7
2024-09-30,SKU-006,Atlantic Salmon Fillet 400g,Seafood,Ocean Choice,GreenGrocer Midtown,Toronto,Ontario,Gordon Food Service,Canada,47,17.55
2023-04-18,SKU-010,Dark Chocolate 85g,Snacks,Lindt,Prairie Pantry,Calgary,Alberta,Maple Leaf Foods,Canada,10,2.68
2024-07-11,SKU-010,Dark Chocolate 85g,Snacks,Lindt,FreshMart Downtown,Toronto,Ontario,Maple Leaf Foods,Canada,29,2.68
2025-04-28,SKU-008,Aged Cheddar 400g,Dairy,Black Diamond,Prairie Pantry,Calgary,Alberta,Lantic Inc,Canada,18,3.99
2025-05-30,SKU-009,Sparkling Water 6pk,Beverages,San Pellegrino,FreshMart Downtown,Toronto,Ontario,Gordon Food Service,Canada,8,11.69
2025-12-15,SKU-011,Almond Butter 500g,Pantry,Maranatha,Prairie Pantry,Calgary,Alberta,Lantic Inc,Canada,43,7.02
2023-04-23,SKU-004,Cold Brew Coffee 330ml,Beverages,Pilot Coffee,Metro Fresh,Montreal,Quebec,Premium Brands,Canada,1,7.12
2024-08-15,SKU-004,Cold Brew Coffee 330ml,Beverages,Pilot Coffee,GreenGrocer Midtown,Toronto,Ontario,Gordon Food Service,Canada,21,7.12
2023-12-26,SKU-008,Aged Cheddar 400g,Dairy,Black Diamond,FreshMart Uptown,Ottawa,Ontario,Lantic Inc,Canada,9,3.99
2024-12-26,SKU-012,Frozen Edamame 400g,Frozen,President's Choice,GreenGrocer Midtown,Toronto,Ontario,Premium Brands,Canada,5,13.61
2023-02-08,SKU-012,Frozen Edamame 400g,Frozen,President's Choice,FreshMart Downtown,Toronto,Ontario,Lantic Inc,Canada,30,13.61
2025-05-29,SKU-014,Avocado each,Produce,Fresh Direct,FreshMart Westside,Vancouver,British Columbia,Premium Brands,Canada,37,6.56
2023-08-24,SKU-011,Almond Butter 500g,Pantry,Maranatha,Metro Fresh,Montreal,Quebec,Gordon Food Service,Canada,26,7.02
2025-07-31,SKU-006,Atlantic Salmon Fillet 400g,Seafood,Ocean Choice,GreenGrocer Midtown,Toronto,Ontario,Premium Brands,Canada,45,-17.55
2025-06-11,SKU-014,Avocado each,Produce,Fresh Direct,FreshMart Downtown,Toronto,Ontario,Sysco Canada,Canada,38,6.56
2024-11-26,SKU-002,Sourdough Bread 750g,Bakery,ACE Bakery,Metro Fresh,Montreal,Quebec,Gordon Food Service,Canada,15,2.57
2023-08-22,SKU-003,Free Range Eggs 12pk,Dairy,Burnbrae Farms,FreshMart Downtown,Toronto,Ontario,Premium Brands,Canada,34,8.32
2023-10-30,SKU-015,Rotisserie Chicken,Deli,In-store,FreshMart Westside,Vancouver,British Columbia,Gordon Food Service,Canada,16,16.94
2023-11-10,SKU-005,Greek Yogurt 500g,Dairy,Olympic,GreenGrocer Midtown,Toronto,Ontario,Sysco Canada,Canada,49,18.93
2025-08-08,SKU-002,Sourdough Bread 750g,Bakery,ACE Bakery,GreenGrocer Midtown,Toronto,Ontario,Lantic Inc,Canada,49,2.57
2024-10-23,SKU-010,Dark Chocolate 85g,Snacks,Lindt,Metro Fresh,Montreal,Quebec,Premium Brands,Canada,41,2.68
2025-06-24,SKU-008,Aged Cheddar 400g,Dairy,Black Diamond,FreshMart Downtown,Toronto,Ontario,Lantic Inc,Canada,41,3.99
2024-12-21,SKU-005,Greek Yogurt 500g,Dairy,Olympic,Prairie Pantry,Calgary,Alberta,Maple Leaf Foods,Canada,33,18.93
2023-04-27,SKU-008,Aged Cheddar 400g,Dairy,Black Diamond,Metro Fresh,Montreal,Quebec,Maple Leaf Foods,Canada,24,3.99
2025-11-04,SKU-002,Sourdough Bread 750g,Bakery,ACE Bakery,FreshMart Uptown,Ottawa,Ontario,Maple Leaf Foods,Canada,25,2.57
2025-07-10,SKU-009,Sparkling Water 6pk,Beverages,San Pellegrino,FreshMart Uptown,Ottawa,Ontario,Maple Leaf Foods,Canada,37,11.69
2025-10-23,SKU-006,Atlantic Salmon Fillet 400g,Seafood,Ocean Choice,Prairie Pantry,Calgary,Alberta,Lantic Inc,Canada,10,17.55
2023-06-22,SKU-008,Aged Cheddar 400g,Dairy,Black Diamond,FreshMart Downtown,Toronto,Ontario,Gordon Food Service,Canada,33,3.99
2025-06-18,SKU-001,Organic Whole Milk 2L,Dairy,Natrel,GreenGrocer Midtown,Toronto,Ontario,Lantic Inc,Canada,34,16.7
2024-08-02,SKU-003,Free Range Eggs 12pk,Dairy,Burnbrae Farms,FreshMart Westside,Vancouver,British Columbia,Gordon Food Service,Canada,25,8.32
2023-04-18,SKU-006,Atlantic Salmon Fillet 400g,Seafood,Ocean Choice,FreshMart Uptown,Ottawa,Ontario,Premium Brands,Canada,41,17.55
2025-03-02,SKU-002,Sourdough Bread 750g,Bakery,ACE Bakery,FreshMart Westside,Vancouver,British Columbia,Maple Leaf Foods,Canada,19,2.57
2023-11-04,SKU-014,Avocado each,Produce,Fresh Direct,FreshMart Uptown,Ottawa,Ontario,Premium Brands,Canada,22,6.56
2024-09-27,SKU-011,Almond Butter 500g,Pantry,Maranatha,GreenGrocer Midtown,Toronto,Ontario,Gordon Food Service,Canada,42,7.02
2023-06-23,SKU-007,Baby Spinach 142g,Produce,Earthbound Farm,GreenGrocer Midtown,Toronto,Ontario,Premium Brands,Canada,20,22.51
2025-12-14,SKU-011,Almond Butter 500g,Pantry,Maranatha,FreshMart Westside,Vancouver,British Columbia,Sysco Canada,Canada,6,7.02
2023-02-07,SKU-007,Baby Spinach 142g,Produce,Earthbound Farm,Prairie Pantry,Calgary,Alberta,Gordon Food Service,Canada,24,22.51
2024-01-29,SKU-004,Cold Brew Coffee 330ml,Beverages,Pilot Coffee,FreshMart Westside,Vancouver,British Columbia,Lantic Inc,Canada,15,7.12
2023-07-27,SKU-003,Free Range Eggs 12pk,Dairy,Burnbrae Farms,FreshMart Downtown,Toronto,Ontario,Gordon Food Service,Canada,33,8.32
2023-03-19,SKU-014,Avocado each,Produce,Fresh Direct,FreshMart Uptown,Ottawa,Ontario,Premium Brands,Canada,43,6.56
2025-02-10,SKU-013,Oat Milk 1L,Beverages,Oatly,Prairie Pantry,Calgary,Alberta,Sysco Canada,Canada,10,2.6
2023-12-06,SKU-014,Avocado each,Produce,Fresh Direct,FreshMart Uptown,Ottawa,Ontario,Premium Brands,Canada,47,6.56
2025-06-28,SKU-007,Baby Spinach 142g,Produce,Earthbound Farm,FreshMart Westside,Vancouver,British Columbia,Sysco Canada,Canada,40,22.51
2025-12-29,SKU-012,Frozen Edamame 400g,Frozen,President's Choice,Metro Fresh,Montreal,Quebec,Sysco Canada,Canada,16,13.61
2025-01-23,SKU-013,Oat Milk 1L,Beverages,Oatly,Metro Fresh,Montreal,Quebec,Sysco Canada,Canada,44,2.6
2025-02-21,SKU-008,Aged Cheddar 400g,Dairy,Black Diamond,Metro Fresh,Montreal,Quebec,Gordon Food Service,Canada,33,3.99
2023-10-11,SKU-003,Free Range Eggs 12pk,Dairy,Burnbrae Farms,GreenGrocer Midtown,Toronto,Ontario,Premium Brands,Canada,17,8.32
2023-07-30,SKU-008,Aged Cheddar 400g,Dairy,Black Diamond,FreshMart Westside,Vancouver,British Columbia,Premium Brands,Canada,46,3.99
2023-06-21,SKU-014,Avocado each,Produce,Fresh Direct,FreshMart Downtown,Toronto,Ontario,Gordon Food Service,Canada,49,6.56
2025-06-14,SKU-008,Aged Cheddar 400g,Dairy,Black Diamond,Prairie Pantry,Calgary,Alberta,Sysco Canada,Canada,6,3.99
2023-02-24,SKU-004,Cold Brew Coffee 330ml,Beverages,Pilot Coffee,Metro Fresh,Montreal,Quebec,Gordon Food Service,Canada,27,7.12
2025-03-01,SKU-009,Sparkling Water 6pk,Beverages,San Pellegrino,FreshMart Westside,Vancouver,British Columbia,Sysco Canada,Canada,6,11.69
2024-11-17,SKU-001,Organic Whole Milk 2L,Dairy,Natrel,FreshMart Westside,Vancouver,British Columbia,Maple Leaf Foods,Canada,10,16.7
2025-08-18,SKU-005,Greek Yogurt 500g,Dairy,Olympic,Metro Fresh,Montreal,Quebec,Sysco Canada,Canada,29,18.93
2024-06-08,SKU-015,Rotisserie Chicken,Deli,In-store,FreshMart Downtown,Toronto,Ontario,Maple Leaf Foods,Canada,14,16.94
2025-12-16,SKU-009,Sparkling Water 6pk,Beverages,San Pellegrino,FreshMart Uptown,Ottawa,Ontario,Premium Brands,Canada,28,11.69
2023-09-07,SKU-005,Greek Yogurt 500g,Dairy,Olympic,GreenGrocer Midtown,Toronto,Ontario,Gordon Food Service,Canada,4,18.93
2023-05-09,SKU-011,Almond Butter 500g,Pantry,Maranatha,Prairie Pantry,Calgary,Alberta,Lantic Inc,Canada,8,7.02
2023-02-03,SKU-008,Aged Cheddar 400g,Dairy,Black Diamond,Prairie Pantry,Calgary,Alberta,Premium Brands,Canada,41,3.99
2024-08-19,SKU-004,Cold Brew Coffee 330ml,Beverages,Pilot Coffee,FreshMart Uptown,Ottawa,Ontario,Sysco Canada,Canada,28,7.12
not-a-date,SKU-006,Atlantic Salmon Fillet 400g,Seafood,Ocean Choice,GreenGrocer Midtown,Toronto,Ontario,Premium Brands,Canada,12,17.55
2025-11-05,SKU-006,Atlantic Salmon Fillet 400g,Seafood,Ocean Choice,FreshMart Downtown,Toronto,Ontario,Premium Brands,Canada,33,17.55
2025-03-03,SKU-007,Baby Spinach 142g,Produce,Earthbound Farm,Metro Fresh,Montreal,Quebec,Maple Leaf Foods,Canada,24,22.51
2024-12-07,SKU-001,Organic Whole Milk 2L,Dairy,Natrel,FreshMart Westside,Vancouver,British Columbia,Maple Leaf Foods,Canada,16,16.7
2024-11-11,SKU-011,Almond Butter 500g,Pantry,Maranatha,FreshMart Downtown,Toronto,Ontario,Premium Brands,Canada,9,7.02
2025-08-09,SKU-009,Sparkling Water 6pk,Beverages,San Pellegrino,FreshMart Westside,Vancouver,British Columbia,Sysco Canada,Canada,45,11.69
2025-07-26,SKU-003,Free Range Eggs 12pk,Dairy,Burnbrae Farms,GreenGrocer Midtown,Toronto,Ontario,Maple Leaf Foods,Canada,3,8.32
2024-10-08,SKU-001,Organic Whole Milk 2L,Dairy,Natrel,GreenGrocer Midtown,Toronto,Ontario,Maple Leaf Foods,Canada,20,16.7
2024-06-02,SKU-014,Avocado each,Produce,Fresh Direct,Prairie Pantry,Calgary,Alberta,Lantic Inc,Canada,3,6.56
2023-04-08,SKU-004,Cold Brew Coffee 330ml,Beverages,Pilot Coffee,FreshMart Westside,Vancouver,British Columbia,Gordon Food Service,Canada,42,7.12
2025-03-30,SKU-002,Sourdough Bread 750g,Bakery,ACE Bakery,FreshMart Westside,Vancouver,British Columbia,Lantic Inc,Canada,48,2.57
2025-10-13,SKU-007,Baby Spinach 142g,Produce,Earthbound Farm,FreshMart Westside,Vancouver,British Columbia,Sysco Canada,Canada,45,22.51
2023-06-19,SKU-015,Rotisserie Chicken,Deli,In-store,Prairie Pantry,Calgary,Alberta,Gordon Food Service,Canada,47,16.94
2024-08-24,SKU-007,Baby Spinach 142g,Produce,Earthbound Farm,Prairie Pantry,Calgary,Alberta,Sysco Canada,Canada,21,22.51
2024-09-19,SKU-006,Atlantic Salmon Fillet 400g,Seafood,Ocean Choice,FreshMart Uptown,Ottawa,Ontario,Gordon Food Service,Canada,29,17.55
2024-12-20,SKU-007,Baby Spinach 142g,Produce,Earthbound Farm,GreenGrocer Midtown,Toronto,Ontario,Lantic Inc,Canada,29,22.51
2025-06-09,SKU-014,Avocado each,Produce,Fresh Direct,FreshMart Westside,Vancouver,British Columbia,Premium Brands,Canada,18,6.56
2025-04-11,SKU-013,Oat Milk 1L,Beverages,Oatly,FreshMart Downtown,Toronto,Ontario,Maple Leaf Foods,Canada,24,2.6
2023-03-05,SKU-012,Frozen Edamame 400g,Frozen,President's Choice,FreshMart Uptown,Ottawa,Ontario,Sysco Canada,Canada,10,13.61
2023-09-16,SKU-011,Almond Butter 500g,Pantry,Maranatha,Metro Fresh,Montreal,Quebec,Maple Leaf Foods,Canada,5,7.02
2025-02-23,SKU-011,Almond Butter 500g,Pantry,Maranatha,FreshMart Westside,Vancouver,British Columbia,Gordon Food Service,Canada,37,7.02
2025-01-29,SKU-003,Free Range Eggs 12pk,Dairy,Burnbrae Farms,FreshMart Uptown,Ottawa,Ontario,Lantic Inc,Canada,24,8.32
2025-12-20,SKU-002,Sourdough Bread 750g,Bakery,ACE Bakery,Prairie Pantry,Calgary,Alberta,Sysco Canada,Canada,24,2.57
2023-08-21,SKU-011,Almond Butter 500g,Pantry,Maranatha,FreshMart Westside,Vancouver,British Columbia,Sysco Canada,Canada,2,7.02
2023-08-30,SKU-008,Aged Cheddar 400g,Dairy,Black Diamond,Prairie Pantry,Calgary,Alberta,Lantic Inc,Canada,17,3.99
2024-08-07,SKU-012,Frozen Edamame 400g,Frozen,President's Choice,Metro Fresh,Montreal,Quebec,Sysco Canada,Canada,45,13.61
2023-10-05,SKU-008,Aged Cheddar 400g,Dairy,Black Diamond,GreenGrocer Midtown,Toronto,Ontario,Maple Leaf Foods,Canada,5,3.99
2023-06-29,SKU-015,Rotisserie Chicken,Deli,In-store,FreshMart Uptown,Ottawa,Ontario,Lantic Inc,Canada,44,16.94
2023-05-13,SKU-006,Atlantic Salmon Fillet 400g,Seafood,Ocean Choice,FreshMart Uptown,Ottawa,Ontario,Gordon Food Service,Canada,36,17.55
2023-12-23,SKU-015,Rotisserie Chicken,Deli,In-store,FreshMart Westside,Vancouver,British Columbia,Sysco Canada,Canada,24,16.94
2024-04-29,SKU-002,Sourdough Bread 750g,Bakery,ACE Bakery,GreenGrocer Midtown,Toronto,Ontario,Sysco Canada,Canada,32,2.57
2025-08-15,SKU-009,Sparkling Water 6pk,Beverages,San Pellegrino,Prairie Pantry,Calgary,Alberta,Gordon Food Service,Canada,-10,11.69
2025-09-07,SKU-002,Sourdough Bread 750g,Bakery,ACE Bakery,FreshMart Westside,Vancouver,British Columbia,Lantic Inc,Canada,34,2.57
2023-09-14,SKU-007,Baby Spinach 142g,Produce,Earthbound Farm,Prairie Pantry,Calgary,Alberta,Maple Leaf Foods,Canada,21,22.51
2024-12-06,SKU-008,Aged Cheddar 400g,Dairy,Black Diamond,Metro Fresh,Montreal,Quebec,Premium Brands,Canada,9,3.99
2024-01-08,SKU-013,Oat Milk 1L,Beverages,Oatly,Prairie Pantry,Calgary,Alberta,Premium Brands,Canada,50,2.6
2023-09-12,SKU-007,Baby Spinach 142g,Produce,Earthbound Farm,Prairie Pantry,Calgary,Alberta,Maple Leaf Foods,Canada,34,22.51
2024-04-06,SKU-003,Free Range Eggs 12pk,Dairy,Burnbrae Farms,GreenGrocer Midtown,Toronto,Ontario,Gordon Food Service,Canada,23,8.32
2024-05-28,SKU-009,Sparkling Water 6pk,Beverages,San Pellegrino,FreshMart Westside,Vancouver,British Columbia,Maple Leaf Foods,Canada,13,11.69
2024-09-12,SKU-009,Sparkling Water 6pk,Beverages,San Pellegrino,FreshMart Westside,Vancouver,British Columbia,Sysco Canada,Canada,40,11.69
2023-11-12,SKU-009,Sparkling Water 6pk,Beverages,San Pellegrino,FreshMart Uptown,Ottawa,Ontario,Sysco Canada,Canada,11,11.69
2023-03-26,SKU-012,Frozen Edamame 400g,Frozen,President's Choice,Prairie Pantry,Calgary,Alberta,Gordon Food Service,Canada,2,13.61
2024-03-07,SKU-011,Almond Butter 500g,Pantry,Maranatha,Prairie Pantry,Calgary,Alberta,Gordon Food Service,Canada,50,7.02
2025-10-16,SKU-010,Dark Chocolate 85g,Snacks,Lindt,FreshMart Uptown,Ottawa,Ontario,Maple Leaf Foods,Canada,41,2.68
2024-05-16,SKU-011,Almond Butter 500g,Pantry,Maranatha,FreshMart Westside,Vancouver,British Columbia,Lantic Inc,Canada,44,7.02
2023-11-20,SKU-008,Aged Cheddar 400g,Dairy,Black Diamond,FreshMart Downtown,Toronto,Ontario,Maple Leaf Foods,Canada,29,3.99
2023-10-22,SKU-008,Aged Cheddar 400g,Dairy,Black Diamond,GreenGrocer Midtown,Toronto,Ontario,Gordon Food Service,Canada,21,3.99
2025-03-27,SKU-006,Atlantic Salmon Fillet 400g,Seafood,Ocean Choice,FreshMart Uptown,Ottawa,Ontario,Gordon Food Service,Canada,9,17.55
2024-10-15,SKU-009,Sparkling Water 6pk,Beverages,San Pellegrino,Prairie Pantry,Calgary,Alberta,Maple Leaf Foods,Canada,16,11.69
2023-10-16,SKU-005,Greek Yogurt 500g,Dairy,Olympic,Metro Fresh,Montreal,Quebec,Sysco Canada,Canada,7,18.93
2024-05-23,SKU-007,Baby Spinach 142g,Produce,Earthbound Farm,Prairie Pantry,Calgary,Alberta,Lantic Inc,Canada,11,22.51
2024-01-24,SKU-015,Rotisserie Chicken,Deli,In-store,Prairie Pantry,Calgary,Alberta,Gordon Food Service,Canada,49,16.94
2024-09-23,SKU-009,Sparkling Water 6pk,Beverages,San Pellegrino,Metro Fresh,Montreal,Quebec,Lantic Inc,Canada,32,11.69
2024-05-08,SKU-007,Baby Spinach 142g,Produce,Earthbound Farm,Prairie Pantry,Calgary,Alberta,Lantic Inc,Canada,14,-22.51
2025-08-21,SKU-005,Greek Yogurt 500g,Dairy,Olympic,Metro Fresh,Montreal,Quebec,Premium Brands,Canada,19,18.93
2023-10-02,SKU-014,Avocado each,Produce,Fresh Direct,FreshMart Downtown,Toronto,Ontario,Lantic Inc,Canada,17,6.56
2023-04-03,SKU-013,Oat Milk 1L,Beverages,Oatly,Metro Fresh,Montreal,Quebec,Gordon Food Service,Canada,26,2.6
2024-08-14,SKU-009,Sparkling Water 6pk,Beverages,San Pellegrino,GreenGrocer Midtown,Toronto,Ontario,Gordon Food Service,Canada,5,11.69
2023-09-01,SKU-008,Aged Cheddar 400g,Dairy,Black Diamond,Prairie Pantry,Calgary,Alberta,Gordon Food Service,Canada,9,3.99
2025-01-18,SKU-007,Baby Spinach 142g,Produce,Earthbound Farm,FreshMart Westside,Vancouver,British Columbia,Gordon Food Service,Canada,49,22.51
2025-10-21,SKU-010,Dark Chocolate 85g,Snacks,Lindt,Prairie Pantry,Calgary,Alberta,Lantic Inc,Canada,3,2.68
2025-08-28,SKU-003,Free Range Eggs 12pk,Dairy,Burnbrae Farms,FreshMart Uptown,Ottawa,Ontario,Gordon Food Service,Canada,34,8.32
2024-11-02,SKU-010,Dark Chocolate 85g,Snacks,Lindt,Prairie Pantry,Calgary,Alberta,Sysco Canada,Canada,40,2.68
2024-11-19,SKU-007,Baby Spinach 142g,Produce,Earthbound Farm,Prairie Pantry,Calgary,Alberta,Gordon Food Service,Canada,33,22.51
2024-09-05,SKU-009,Sparkling Water 6pk,Beverages,San Pellegrino,Metro Fresh,Montreal,Quebec,Premium Brands,Canada,31,11.69
2025-05-03,SKU-006,Atlantic Salmon Fillet 400g,Seafood,Ocean Choice,FreshMart Westside,Vancouver,British Columbia,Maple Leaf Foods,Canada,38,17.55
2025-08-29,SKU-015,Rotisserie Chicken,Deli,In-store,FreshMart Uptown,Ottawa,Ontario,Maple Leaf Foods,Canada,17,16.94
2024-04-11,SKU-013,Oat Milk 1L,Beverages,Oatly,Prairie Pantry,Calgary,Alberta,Premium Brands,Canada,47,2.6
2025-02-17,SKU-008,Aged Cheddar 400g,Dairy,Black Diamond,GreenGrocer Midtown,Toronto,Ontario,Premium Brands,Canada,10,3.99
2023-08-14,SKU-004,Cold Brew Coffee 330ml,Beverages,Pilot Coffee,FreshMart Downtown,Toronto,Ontario,Premium Brands,Canada,13,7.12
2025-04-25,SKU-006,Atlantic Salmon Fillet 400g,Seafood,Ocean Choice,Metro Fresh,Montreal,Quebec,Sysco Canada,Canada,-7,17.55
2023-10-10,SKU-010,Dark Chocolate 85g,Snacks,Lindt,Metro Fresh,Montreal,Quebec,Maple Leaf Foods,Canada,34,2.68
2025-12-12,SKU-006,Atlantic Salmon Fillet 400g,Seafood,Ocean Choice,FreshMart Uptown,Ottawa,Ontario,Lantic Inc,Canada,25,17.55
2024-12-02,SKU-003,Free Range Eggs 12pk,Dairy,Burnbrae Farms,Metro Fresh,Montreal,Quebec,Premium Brands,Canada,35,8.32
2025-09-18,SKU-013,Oat Milk 1L,Beverages,Oatly,FreshMart Uptown,Ottawa,Ontario,Gordon Food Service,Canada,13,2.6
2024-04-05,SKU-005,Greek Yogurt 500g,Dairy,Olympic,Prairie Pantry,Calgary,Alberta,Gordon Food Service,Canada,20,18.93
2024-10-11,SKU-012,Frozen Edamame 400g,Frozen,President's Choice,GreenGrocer Midtown,Toronto,Ontario,Lantic Inc,Canada,31,13.61
2024-08-12,SKU-015,Rotisserie Chicken,Deli,In-store,FreshMart Uptown,Ottawa,Ontario,Gordon Food Service,Canada,8,16.94
2024-12-07,SKU-009,Sparkling Water 6pk,Beverages,San Pellegrino,Metro Fresh,Montreal,Quebec,Lantic Inc,Canada,50,11.69
2023-06-11,SKU-005,Greek Yogurt 500g,Dairy,Olympic,FreshMart Downtown,Toronto,Ontario,Gordon Food Service,Canada,23,18.93
2024-03-14,SKU-011,Almond Butter 500g,Pantry,Maranatha,FreshMart Westside,Vancouver,British Columbia,Lantic Inc,Canada,13,7.02
2023-10-09,SKU-005,Greek Yogurt 500g,Dairy,Olympic,Prairie Pantry,Calgary,Alberta,Gordon Food Service,Canada,7,18.93
2023-04-14,SKU-010,Dark Chocolate 85g,Snacks,Lindt,GreenGrocer Midtown,Toronto,Ontario,Sysco Canada,Canada,43,2.68
2023-04-18,SKU-004,Cold Brew Coffee 330ml,Beverages,Pilot Coffee,FreshMart Uptown,Ottawa,Ontario,Sysco Canada,Canada,7,7.12
2023-10-09,SKU-012,Frozen Edamame 400g,Frozen,President's Choice,Metro Fresh,Montreal,Quebec,Maple Leaf Foods,Canada,1,13.61
2025-09-01,SKU-015,Rotisserie Chicken,Deli,In-store,GreenGrocer Midtown,Toronto,Ontario,Lantic Inc,Canada,31,16.94
2024-08-07,SKU-013,Oat Milk 1L,Beverages,Oatly,FreshMart Westside,Vancouver,British Columbia,Gordon Food Service,Canada,42,2.6
2024-04-20,SKU-013,Oat Milk 1L,Beverages,Oatly,FreshMart Downtown,Toronto,Ontario,Premium Brands,Canada,35,2.6
2025-05-05,SKU-014,Avocado each,Produce,Fresh Direct,FreshMart Downtown,Toronto,Ontario,Sysco Canada,Canada,12,6.56
2024-01-17,SKU-001,Organic Whole Milk 2L,Dairy,Natrel,Metro Fresh,Montreal,Quebec,Lantic Inc,Canada,48,16.7
2023-01-19,SKU-015,Rotisserie Chicken,Deli,In-store,FreshMart Westside,Vancouver,British Columbia,Maple Leaf Foods,Canada,20,16.94
2025-07-19,SKU-002,Sourdough Bread 750g,Bakery,ACE Bakery,FreshMart Westside,Vancouver,British Columbia,Gordon Food Service,Canada,42,2.57
2025-08-16,SKU-008,Aged Cheddar 400g,Dairy,Black Diamond,GreenGrocer Midtown,Toronto,Ontario,Premium Brands,Canada,18,3.99
2025-07-28,SKU-002,Sourdough Bread 750g,Bakery,ACE Bakery,FreshMart Westside,Vancouver,British Columbia,Sysco Canada,Canada,42,2.57
2024-08-27,SKU-003,Free Range Eggs 12pk,Dairy,Burnbrae Farms,FreshMart Downtown,Toronto,Ontario,Gordon Food Service,Canada,37,8.32
2025-04-10,SKU-004,Cold Brew Coffee 330ml,Beverages,Pilot Coffee,GreenGrocer Midtown,Toronto,Ontario,Premium Brands,Canada,28,7.12
2024-01-14,SKU-002,Sourdough Bread 750g,Bakery,ACE Bakery,Metro Fresh,Montreal,Quebec,Maple Leaf Foods,Canada,9,2.57
2024-06-18,SKU-015,Rotisserie Chicken,Deli,In-store,GreenGrocer Midtown,Toronto,Ontario,Maple Leaf Foods,Canada,25,16.94
2024-09-10,SKU-013,Oat Milk 1L,Beverages,Oatly,FreshMart Westside,Vancouver,British Columbia,Gordon Food Service,Canada,38,2.6
2024-04-28,SKU-001,Organic Whole Milk 2L,Dairy,Natrel,FreshMart Westside,Vancouver,British Columbia,Gordon Food Service,Canada,4,16.7
2025-04-10,SKU-008,Aged Cheddar 400g,Dairy,Black Diamond,FreshMart Westside,Vancouver,British Columbia,Sysco Canada,Canada,44,3.99
2023-08-29,SKU-015,Rotisserie Chicken,Deli,In-store,FreshMart Uptown,Ottawa,Ontario,Gordon Food Service,Canada,41,16.94
2024-03-28,SKU-005,Greek Yogurt 500g,Dairy,Olympic,FreshMart Westside,Vancouver,British Columbia,Premium Brands,Canada,15,18.93
2025-02-04,SKU-008,Aged Cheddar 400g,Dairy,Black Diamond,GreenGrocer Midtown,Toronto,Ontario,Lantic Inc,Canada,27,3.99
2024-03-23,SKU-015,Rotisserie Chicken,Deli,In-store,Metro Fresh,Montreal,Quebec,Premium Brands,Canada,49,16.94
2025-12-12,SKU-013,Oat Milk 1L,Beverages,Oatly,Prairie Pantry,Calgary,Alberta,Maple Leaf Foods,Canada,29,2.6
2023-08-18,SKU-006,Atlantic Salmon Fillet 400g,Seafood,Ocean Choice,FreshMart Downtown,Toronto,Ontario,Premium Brands,Canada,4,17.55
2023-11-03,SKU-015,Rotisserie Chicken,Deli,In-store,Prairie Pantry,Calgary,Alberta,Sysco Canada,Canada,11,16.94
2024-02-25,SKU-009,Sparkling Water 6pk,Beverages,San Pellegrino,Metro Fresh,Montreal,Quebec,Maple Leaf Foods,Canada,46,11.69
2023-04-24,SKU-002,Sourdough Bread 750g,Bakery,ACE Bakery,Prairie Pantry,Calgary,Alberta,Lantic Inc,Canada,30,2.57
2023-04-29,SKU-007,Baby Spinach 142g,Produce,Earthbound Farm,Metro Fresh,Montreal,Quebec,Premium Brands,Canada,36,22.51
2025-03-21,SKU-013,Oat Milk 1L,Beverages,Oatly,FreshMart Westside,Vancouver,British Columbia,Maple Leaf Foods,Canada,17,2.6
2023-05-30,SKU-012,Frozen Edamame 400g,Frozen,President's Choice,GreenGrocer Midtown,Toronto,Ontario,Premium Brands,Canada,3,13.61
2023-05-04,SKU-012,Frozen Edamame 400g,Frozen,President's Choice,FreshMart Downtown,Toronto,Ontario,Premium Brands,Canada,5,13.61
2025-04-17,SKU-008,Aged Cheddar 400g,Dairy,Black Diamond,FreshMart Downtown,Toronto,Ontario,Gordon Food Service,Canada,12,3.99
2025-02-05,SKU-013,Oat Milk 1L,Beverages,Oatly,FreshMart Uptown,Ottawa,Ontario,Lantic Inc,Canada,25,2.6
2023-06-14,SKU-015,Rotisserie Chicken,Deli,In-store,Metro Fresh,Montreal,Quebec,Lantic Inc,Canada,44,16.94
2024-12-13,SKU-014,Avocado each,Produce,Fresh Direct,Prairie Pantry,Calgary,Alberta,Sysco Canada,Canada,8,6.56
2023-09-18,SKU-009,Sparkling Water 6pk,Beverages,San Pellegrino,Metro Fresh,Montreal,Quebec,Premium Brands,Canada,47,11.69
2024-09-03,SKU-014,Avocado each,Produce,Fresh Direct,FreshMart Downtown,Toronto,Ontario,Maple Leaf Foods,Canada,30,6.56
2025-02-15,SKU-009,Sparkling Water 6pk,Beverages,San Pellegrino,Metro Fresh,Montreal,Quebec,Premium Brands,Canada,15,11.69
2024-01-22,SKU-006,Atlantic Salmon Fillet 400g,Seafood,Ocean Choice,GreenGrocer Midtown,Toronto,Ontario,Gordon Food Service,Canada,47,17.55
2023-02-02,SKU-001,Organic Whole Milk 2L,Dairy,Natrel,FreshMart Uptown,Ottawa,Ontario,Lantic Inc,Canada,16,16.7
2025-07-03,SKU-002,Sourdough Bread 750g,Bakery,ACE Bakery,Prairie Pantry,Calgary,Alberta,Maple Leaf Foods,Canada,39,2.57
2023-04-01,SKU-014,Avocado each,Produce,Fresh Direct,FreshMart Downtown,Toronto,Ontario,Sysco Canada,Canada,26,6.56
2023-10-14,SKU-009,Sparkling Water 6pk,Beverages,San Pellegrino,GreenGrocer Midtown,Toronto,Ontario,Maple Leaf Foods,Canada,33,11.69
2024-10-15,SKU-004,Cold Brew Coffee 330ml,Beverages,Pilot Coffee,FreshMart Uptown,Ottawa,Ontario,Premium Brands,Canada,37,7.12
2024-09-10,SKU-011,Almond Butter 500g,Pantry,Maranatha,FreshMart Westside,Vancouver,British Columbia,Sysco Canada,Canada,10,7.02
2024-09-07,SKU-009,Sparkling Water 6pk,Beverages,San Pellegrino,GreenGrocer Midtown,Toronto,Ontario,Lantic Inc,Canada,18,11.69
2025-05-24,SKU-010,Dark Chocolate 85g,Snacks,Lindt,FreshMart Uptown,Ottawa,Ontario,Sysco Canada,Canada,36,2.68
2025-12-10,SKU-006,Atlantic Salmon Fillet 400g,Seafood,Ocean Choice,FreshMart Uptown,Ottawa,Ontario,Lantic Inc,Canada,21,17.55
2025-02-09,SKU-007,Baby Spinach 142g,Produce,Earthbound Farm,GreenGrocer Midtown,Toronto,Ontario,Gordon Food Service,Canada,12,22.51
2024-09-07,SKU-008,Aged Cheddar 400g,Dairy,Black Diamond,GreenGrocer Midtown,Toronto,Ontario,Sysco Canada,Canada,46,3.99
2025-04-25,SKU-008,Aged Cheddar 400g,Dairy,Black Diamond,FreshMart Downtown,Toronto,Ontario,Premium Brands,Canada,27,3.99
2024-06-06,SKU-003,Free Range Eggs 12pk,Dairy,Burnbrae Farms,Metro Fresh,Montreal,Quebec,Sysco Canada,Canada,14,8.32
2023-07-09,SKU-002,Sourdough Bread 750g,Bakery,ACE Bakery,Metro Fresh,Montreal,Quebec,Gordon Food Service,Canada,35,2.57
2025-02-11,SKU-004,Cold Brew Coffee 330ml,Beverages,Pilot Coffee,FreshMart Downtown,Toronto,Ontario,Gordon Food Service,Canada,44,7.12
2024-03-20,SKU-001,Organic Whole Milk 2L,Dairy,Natrel,FreshMart Downtown,Toronto,Ontario,Sysco Canada,Canada,31,16.7
2023-02-01,SKU-015,Rotisserie Chicken,Deli,In-store,FreshMart Westside,Vancouver,British Columbia,Gordon Food Service,Canada,14,16.94
2024-05-11,SKU-012,Frozen Edamame 400g,Frozen,President's Choice,FreshMart Downtown,Toronto,Ontario,Lantic Inc,Canada,45,13.61
2024-10-20,SKU-004,Cold Brew Coffee 330ml,Beverages,Pilot Coffee,Metro Fresh,Montreal,Quebec,Sysco Canada,Canada,50,7.12
2024-09-23,SKU-008,Aged Cheddar 400g,Dairy,Black Diamond,Prairie Pantry,Calgary,Alberta,Gordon Food Service,Canada,17,3.99
2023-07-21,SKU-015,Rotisserie Chicken,Deli,In-store,Metro Fresh,Montreal,Quebec,Lantic Inc,Canada,47,16.94
2025-01-29,SKU-014,Avocado each,Produce,Fresh Direct,FreshMart Westside,Vancouver,British Columbia,Sysco Canada,Canada,21,6.56
2023-02-03,SKU-010,Dark Chocolate 85g,Snacks,Lindt,GreenGrocer Midtown,Toronto,Ontario,Sysco Canada,Canada,17,2.68
2024-08-27,SKU-010,Dark Chocolate 85g,Snacks,Lindt,Prairie Pantry,Calgary,Alberta,Lantic Inc,Canada,10,2.68
2024-05-18,SKU-004,Cold Brew Coffee 330ml,Beverages,Pilot Coffee,Metro Fresh,Montreal,Quebec,Premium Brands,Canada,32,7.12
2025-09-27,SKU-011,Almond Butter 500g,Pantry,Maranatha,FreshMart Westside,Vancouver,British Columbia,Gordon Food Service,Canada,47,7.02
2024-12-22,SKU-008,Aged Cheddar 400g,Dairy,Black Diamond,Metro Fresh,Montreal,Quebec,Sysco Canada,Canada,11,3.99
2023-05-01,SKU-009,Sparkling Water 6pk,Beverages,San Pellegrino,Metro Fresh,Montreal,Quebec,Sysco Canada,Canada,34,11.69
2023-01-14,SKU-014,Avocado each,Produce,Fresh Direct,FreshMart Downtown,Toronto,Ontario,Maple Leaf Foods,Canada,27,6.56
2023-11-06,SKU-011,Almond Butter 500g,Pantry,Maranatha,GreenGrocer Midtown,Toronto,Ontario,Maple Leaf Foods,Canada,1,7.02
2025-09-16,SKU-008,Aged Cheddar 400g,Dairy,Black Diamond,FreshMart Westside,Vancouver,British Columbia,Maple Leaf Foods,Canada,43,3.99
2025-04-22,SKU-001,Organic Whole Milk 2L,Dairy,Natrel,Prairie Pantry,Calgary,Alberta,Premium Brands,Canada,1,16.7
2024-08-10,,Frozen Edamame 400g,Frozen,President's Choice,FreshMart Westside,Vancouver,British Columbia,Premium Brands,Canada,2,13.61
2023-07-17,SKU-015,Rotisserie Chicken,Deli,In-store,GreenGrocer Midtown,Toronto,Ontario,Maple Leaf Foods,Canada,34,16.94
2024-05-31,SKU-004,Cold Brew Coffee 330ml,Beverages,Pilot Coffee,Prairie Pantry,Calgary,Alberta,Premium Brands,Canada,23,7.12
2025-04-11,SKU-007,Baby Spinach 142g,Produce,Earthbound Farm,FreshMart Downtown,Toronto,Ontario,Gordon Food Service,Canada,30,22.51
2023-06-15,SKU-012,Frozen Edamame 400g,Frozen,President's Choice,GreenGrocer Midtown,Toronto,Ontario,Gordon Food Service,Canada,42,13.61
2025-04-10,SKU-011,Almond Butter 500g,Pantry,Maranatha,FreshMart Downtown,Toronto,Ontario,Maple Leaf Foods,Canada,25,7.02
2023-12-17,SKU-008,Aged Cheddar 400g,Dairy,Black Diamond,FreshMart Downtown,Toronto,Ontario,Maple Leaf Foods,Canada,6,3.99
2023-07-15,SKU-007,Baby Spinach 142g,Produce,Earthbound Farm,FreshMart Uptown,Ottawa,Ontario,Gordon Food Service,Canada,34,22.51
2025-08-31,SKU-004,Cold Brew Coffee 330ml,Beverages,Pilot Coffee,GreenGrocer Midtown,Toronto,Ontario,Premium Brands,Canada,18,7.12
2023-03-09,SKU-002,Sourdough Bread 750g,Bakery,ACE Bakery,FreshMart Uptown,Ottawa,Ontario,Gordon Food Service,Canada,12,2.57
2023-10-23,SKU-006,Atlantic Salmon Fillet 400g,Seafood,Ocean Choice,FreshMart Downtown,Toronto,Ontario,Sysco Canada,Canada,49,17.55
2024-09-04,SKU-014,Avocado each,Produce,Fresh Direct,Metro Fresh,Montreal,Quebec,Maple Leaf Foods,Canada,11,6.56
2024-11-10,SKU-010,Dark Chocolate 85g,Snacks,Lindt,Metro Fresh,Montreal,Quebec,Premium Brands,Canada,25,2.68
2025-10-22,SKU-003,Free Range Eggs 12pk,Dairy,Burnbrae Farms,FreshMart Uptown,Ottawa,Ontario,Maple Leaf Foods,Canada,48,8.32
2024-04-20,SKU-001,Organic Whole Milk 2L,Dairy,Natrel,FreshMart Downtown,Toronto,Ontario,Lantic Inc,Canada,5,16.7
2025-03-23,SKU-013,Oat Milk 1L,Beverages,Oatly,Prairie Pantry,Calgary,Alberta,Premium Brands,Canada,50,2.6
2025-10-01,SKU-011,Almond Butter 500g,Pantry,Maranatha,FreshMart Westside,Vancouver,British Columbia,Lantic Inc,Canada,15,7.02
2025-02-17,SKU-007,Baby Spinach 142g,Produce,Earthbound Farm,Metro Fresh,Montreal,Quebec,Sysco Canada,Canada,6,22.51
2023-06-18,SKU-005,Greek Yogurt 500g,Dairy,Olympic,GreenGrocer Midtown,Toronto,Ontario,Maple Leaf Foods,Canada,18,18.93
2025-03-08,SKU-012,Frozen Edamame 400g,Frozen,President's Choice,FreshMart Uptown,Ottawa,Ontario,Sysco Canada,Canada,21,13.61
2025-06-29,SKU-002,Sourdough Bread 750g,Bakery,ACE Bakery,FreshMart Downtown,Toronto,Ontario,Gordon Food Service,Canada,24,2.57
2024-01-19,SKU-002,Sourdough Bread 750g,Bakery,ACE Bakery,GreenGrocer Midtown,Toronto,Ontario,Maple Leaf Foods,Canada,28,2.57
2023-07-31,SKU-009,Sparkling Water 6pk,Beverages,San Pellegrino,Prairie Pantry,Calgary,Alberta,Lantic Inc,Canada,2,11.69
2024-10-26,SKU-009,Sparkling Water 6pk,Beverages,San Pellegrino,FreshMart Downtown,Toronto,Ontario,Premium Brands,Canada,25,11.69
2024-05-12,SKU-007,Baby Spinach 142g,Produce,Earthbound Farm,Metro Fresh,Montreal,Quebec,Maple Leaf Foods,Canada,-7,22.51
2025-10-06,SKU-005,Greek Yogurt 500g,Dairy,Olympic,FreshMart Westside,Vancouver,British Columbia,Gordon Food Service,Canada,10,18.93
2024-09-05,SKU-007,Baby Spinach 142g,Produce,Earthbound Farm,FreshMart Westside,Vancouver,British Columbia,Lantic Inc,Canada,31,22.51
2025-10-12,SKU-006,Atlantic Salmon Fillet 400g,Seafood,Ocean Choice,FreshMart Westside,Vancouver,British Columbia,Sysco Canada,Canada,39,17.55
2024-09-15,SKU-008,Aged Cheddar 400g,Dairy,Black Diamond,FreshMart Downtown,Toronto,Ontario,Sysco Canada,Canada,1,3.99
2024-11-05,SKU-006,Atlantic Salmon Fillet 400g,Seafood,Ocean Choice,Prairie Pantry,Calgary,Alberta,Lantic Inc,Canada,29,17.55
2023-10-06,SKU-014,Avocado each,Produce,Fresh Direct,FreshMart Uptown,Ottawa,Ontario,Premium Brands,Canada,20,6.56
2024-10-05,SKU-012,Frozen Edamame 400g,Frozen,President's Choice,GreenGrocer Midtown,Toronto,Ontario,Lantic Inc,Canada,12,13.61
2024-05-11,SKU-006,Atlantic Salmon Fillet 400g,Seafood,Ocean Choice,FreshMart Westside,Vancouver,British Columbia,Lantic Inc,Canada,21,17.55
2023-08-22,SKU-014,Avocado each,Produce,Fresh Direct,Metro Fresh,Montreal,Quebec,Gordon Food Service,Canada,37,6.56
2023-02-25,SKU-009,Sparkling Water 6pk,Beverages,San Pellegrino,GreenGrocer Midtown,Toronto,Ontario,Premium Brands,Canada,47,11.69
2024-08-19,SKU-012,Frozen Edamame 400g,Frozen,President's Choice,GreenGrocer Midtown,Toronto,Ontario,Lantic Inc,Canada,45,13.61
2023-10-13,SKU-014,Avocado each,Produce,Fresh Direct,Metro Fresh,Montreal,Quebec,Lantic Inc,Canada,41,6.56
2025-05-16,SKU-005,Greek Yogurt 500g,Dairy,Olympic,FreshMart Uptown,Ottawa,Ontario,Sysco Canada,Canada,25,18.93
2025-03-31,SKU-010,Dark Chocolate 85g,Snacks,Lindt,Metro Fresh,Montreal,Quebec,Premium Brands,Canada,35,2.68
2023-03-17,SKU-015,Rotisserie Chicken,Deli,In-store,FreshMart Uptown,Ottawa,Ontario,Lantic Inc,Canada,24,16.94
2023-06-24,SKU-013,Oat Milk 1L,Beverages,Oatly,Prairie Pantry,Calgary,Alberta,Premium Brands,Canada,7,2.6
2023-12-07,SKU-011,Almond Butter 500g,Pantry,Maranatha,FreshMart Uptown,Ottawa,Ontario,Gordon Food Service,Canada,42,7.02
2024-11-10,SKU-010,Dark Chocolate 85g,Snacks,Lindt,FreshMart Uptown,Ottawa,Ontario,Lantic Inc,Canada,28,2.68
2025-11-11,SKU-002,Sourdough Bread 750g,Bakery,ACE Bakery,FreshMart Westside,Vancouver,British Columbia,Sysco Canada,Canada,48,2.57
2024-03-28,SKU-010,Dark Chocolate 85g,Snacks,Lindt,FreshMart Uptown,Ottawa,Ontario,Premium Brands,Canada,29,2.68
2025-10-21,SKU-008,Aged Cheddar 400g,Dairy,Black Diamond,FreshMart Uptown,Ottawa,Ontario,Premium Brands,Canada,10,3.99
2024-08-28,SKU-001,Organic Whole Milk 2L,Dairy,Natrel,Metro Fresh,Montreal,Quebec,Maple Leaf Foods,Canada,27,16.7
2024-12-14,SKU-002,Sourdough Bread 750g,Bakery,ACE Bakery,FreshMart Downtown,Toronto,Ontario,Sysco Canada,Canada,20,2.57
2025-09-16,SKU-013,Oat Milk 1L,Beverages,Oatly,GreenGrocer Midtown,Toronto,Ontario,Premium Brands,Canada,23,2.6
2024-10-15,SKU-008,Aged Cheddar 400g,Dairy,Black Diamond,FreshMart Uptown,Ottawa,Ontario,Lantic Inc,Canada,5,3.99
2023-02-16,SKU-013,Oat Milk 1L,Beverages,Oatly,FreshMart Uptown,Ottawa,Ontario,Maple Leaf Foods,Canada,22,2.6
2025-11-22,SKU-011,Almond Butter 500g,Pantry,Maranatha,GreenGrocer Midtown,Toronto,Ontario,Sysco Canada,Canada,12,7.02
2025-08-04,SKU-006,Atlantic Salmon Fillet 400g,Seafood,Ocean Choice,Prairie Pantry,Calgary,Alberta,Lantic Inc,Canada,15,17.55
2025-06-04,SKU-011,Almond Butter 500g,Pantry,Maranatha,GreenGrocer Midtown,Toronto,Ontario,Sysco Canada,Canada,26,7.02
not-a-date,SKU-010,Dark Chocolate 85g,Snacks,Lindt,GreenGrocer Midtown,Toronto,Ontario,Lantic Inc,Canada,25,2.68
2023-07-28,SKU-004,Cold Brew Coffee 330ml,Beverages,Pilot Coffee,FreshMart Westside,Vancouver,British Columbia,Maple Leaf Foods,Canada,35,7.12
2023-08-22,SKU-006,Atlantic Salmon Fillet 400g,Seafood,Ocean Choice,GreenGrocer Midtown,Toronto,Ontario,Lantic Inc,Canada,17,17.55
2025-03-06,SKU-008,Aged Cheddar 400g,Dairy,Black Diamond,Prairie Pantry,Calgary,Alberta,Gordon Food Service,Canada,40,3.99
2025-07-26,SKU-002,Sourdough Bread 750g,Bakery,ACE Bakery,FreshMart Westside,Vancouver,British Columbia,Gordon Food Service,Canada,40,2.57
2023-06-23,SKU-011,Almond Butter 500g,Pantry,Maranatha,FreshMart Uptown,Ottawa,Ontario,Gordon Food Service,Canada,44,7.02
2023-08-28,SKU-002,Sourdough Bread 750g,Bakery,ACE Bakery,GreenGrocer Midtown,Toronto,Ontario,Gordon Food Service,Canada,12,2.57
2025-05-06,SKU-003,Free Range Eggs 12pk,Dairy,Burnbrae Farms,Prairie Pantry,Calgary,Alberta,Lantic Inc,Canada,39,8.32
2025-09-23,SKU-007,Baby Spinach 142g,Produce,Earthbound Farm,Metro Fresh,Montreal,Quebec,Sysco Canada,Canada,41,22.51
2023-12-08,SKU-015,Rotisserie Chicken,Deli,In-store,FreshMart Uptown,Ottawa,Ontario,Sysco Canada,Canada,32,16.94
2023-04-20,SKU-003,Free Range Eggs 12pk,Dairy,Burnbrae Farms,FreshMart Westside,Vancouver,British Columbia,Lantic Inc,Canada,23,8.32
2025-02-25,SKU-008,Aged Cheddar 400g,Dairy,Black Diamond,GreenGrocer Midtown,Toronto,Ontario,Sysco Canada,Canada,36,3.99
2025-05-01,SKU-008,Aged Cheddar 400g,Dairy,Black Diamond,Metro Fresh,Montreal,Quebec,Lantic Inc,Canada,46,3.99
2023-03-05,SKU-008,Aged Cheddar 400g,Dairy,Black Diamond,GreenGrocer Midtown,Toronto,Ontario,Maple Leaf Foods,Canada,49,3.99
2024-08-14,SKU-001,Organic Whole Milk 2L,Dairy,Natrel,FreshMart Westside,Vancouver,British Columbia,Sysco Canada,Canada,11,16.7
2025-11-12,SKU-010,Dark Chocolate 85g,Snacks,Lindt,FreshMart Uptown,Ottawa,Ontario,Lantic Inc,Canada,8,2.68
2023-03-27,SKU-005,Greek Yogurt 500g,Dairy,Olympic,Prairie Pantry,Calgary,Alberta,Gordon Food Service,Canada,49,18.93
2023-07-29,SKU-009,Sparkling Water 6pk,Beverages,San Pellegrino,GreenGrocer Midtown,Toronto,Ontario,Lantic Inc,Canada,48,11.69
2023-03-08,SKU-013,Oat Milk 1L,Beverages,Oatly,GreenGrocer Midtown,Toronto,Ontario,Gordon Food Service,Canada,29,2.6
2023-08-29,SKU-014,Avocado each,Produce,Fresh Direct,FreshMart Downtown,Toronto,Ontario,Lantic Inc,Canada,50,6.56
2024-12-19,SKU-004,Cold Brew Coffee 330ml,Beverages,Pilot Coffee,FreshMart Uptown,Ottawa,Ontario,Premium Brands,Canada,46,7.12
2023-10-13,SKU-007,Baby Spinach 142g,Produce,Earthbound Farm,GreenGrocer Midtown,Toronto,Ontario,Premium Brands,Canada,14,22.51
2024-12-19,SKU-013,Oat Milk 1L,Beverages,Oatly,FreshMart Downtown,Toronto,Ontario,Premium Brands,Canada,35,2.6
2024-08-22,SKU-009,Sparkling Water 6pk,Beverages,San Pellegrino,GreenGrocer Midtown,Toronto,Ontario,Gordon Food Service,Canada,19,11.69
2023-10-05,SKU-014,Avocado each,Produce,Fresh Direct,Prairie Pantry,Calgary,Alberta,Maple Leaf Foods,Canada,49,6.56
2023-09-17,SKU-015,Rotisserie Chicken,Deli,In-store,FreshMart Downtown,Toronto,Ontario,Gordon Food Service,Canada,45,16.94
2024-05-21,SKU-004,Cold Brew Coffee 330ml,Beverages,Pilot Coffee,GreenGrocer Midtown,Toronto,Ontario,Gordon Food Service,Canada,49,7.12
2024-07-04,SKU-007,Baby Spinach 142g,Produce,Earthbound Farm,Metro Fresh,Montreal,Quebec,Sysco Canada,Canada,41,22.51
2025-04-05,SKU-008,Aged Cheddar 400g,Dairy,Black Diamond,FreshMart Downtown,Toronto,Ontario,Maple Leaf Foods,Canada,33,3.99
2025-09-26,SKU-012,Frozen Edamame 400g,Frozen,President's Choice,FreshMart Westside,Vancouver,British Columbia,Lantic Inc,Canada,21,13.61
2025-07-27,SKU-014,Avocado each,Produce,Fresh Direct,FreshMart Uptown,Ottawa,Ontario,Maple Leaf Foods,Canada,41,6.56
2025-03-25,SKU-006,Atlantic Salmon Fillet 400g,Seafood,Ocean Choice,FreshMart Downtown,Toronto,Ontario,Premium Brands,Canada,14,17.55
2024-07-03,SKU-014,Avocado each,Produce,Fresh Direct,GreenGrocer Midtown,Toronto,Ontario,Lantic Inc,Canada,21,6.56
2023-09-25,SKU-006,Atlantic Salmon Fillet 400g,Seafood,Ocean Choice,Prairie Pantry,Calgary,Alberta,Premium Brands,Canada,37,17.55
2023-04-05,SKU-013,Oat Milk 1L,Beverages,Oatly,FreshMart Westside,Vancouver,British Columbia,Maple Leaf Foods,Canada,7,2.6
2023-09-12,SKU-014,Avocado each,Produce,Fresh Direct,Metro Fresh,Montreal,Quebec,Maple Leaf Foods,Canada,11,6.56
2023-09-28,SKU-001,Organic Whole Milk 2L,Dairy,Natrel,Metro Fresh,Montreal,Quebec,Sysco Canada,Canada,42,16.7
2025-01-08,SKU-014,Avocado each,Produce,Fresh Direct,FreshMart Westside,Vancouver,British Columbia,Maple Leaf Foods,Canada,17,6.56
2023-04-17,SKU-011,Almond Butter 500g,Pantry,Maranatha,FreshMart Uptown,Ottawa,Ontario,Sysco Canada,Canada,26,7.02
2025-05-29,SKU-012,Frozen Edamame 400g,Frozen,President's Choice,FreshMart Uptown,Ottawa,Ontario,Sysco Canada,Canada,42,13.61
2025-09-03,SKU-002,Sourdough Bread 750g,Bakery,ACE Bakery,FreshMart Downtown,Toronto,Ontario,Sysco Canada,Canada,5,2.57
2023-01-20,SKU-004,Cold Brew Coffee 330ml,Beverages,Pilot Coffee,Prairie Pantry,Calgary,Alberta,Lantic Inc,Canada,1,7.12
2023-09-28,SKU-014,Avocado each,Produce,Fresh Direct,FreshMart Downtown,Toronto,Ontario,Lantic Inc,Canada,31,6.56
2023-07-31,SKU-007,Baby Spinach 142g,Produce,Earthbound Farm,FreshMart Downtown,Toronto,Ontario,Maple Leaf Foods,Canada,21,22.51
2023-09-30,SKU-005,Greek Yogurt 500g,Dairy,Olympic,GreenGrocer Midtown,Toronto,Ontario,Lantic Inc,Canada,42,18.93
2023-01-18,SKU-003,Free Range Eggs 12pk,Dairy,Burnbrae Farms,FreshMart Downtown,Toronto,Ontario,Premium Brands,Canada,40,8.32
2023-11-07,SKU-008,Aged Cheddar 400g,Dairy,Black Diamond,FreshMart Westside,Vancouver,British Columbia,Sysco Canada,Canada,27,3.99
2023-07-25,SKU-008,Aged Cheddar 400g,Dairy,Black Diamond,GreenGrocer Midtown,Toronto,Ontario,Maple Leaf Foods,Canada,9,3.99
2024-12-20,SKU-010,Dark Chocolate 85g,Snacks,Lindt,FreshMart Uptown,Ottawa,Ontario,Lantic Inc,Canada,28,2.68
2023-06-22,SKU-003,Free Range Eggs 12pk,Dairy,Burnbrae Farms,GreenGrocer Midtown,Toronto,Ontario,Gordon Food Service,Canada,16,8.32
2024-08-06,SKU-010,Dark Chocolate 85g,Snacks,Lindt,FreshMart Uptown,Ottawa,Ontario,Premium Brands,Canada,50,2.68
2024-02-25,SKU-001,Organic Whole Milk 2L,Dairy,Natrel,FreshMart Uptown,Ottawa,Ontario,Gordon Food Service,Canada,34,16.7
2024-08-28,SKU-004,Cold Brew Coffee 330ml,Beverages,Pilot Coffee,FreshMart Uptown,Ottawa,Ontario,Lantic Inc,Canada,42,7.12
2025-03-01,SKU-015,Rotisserie Chicken,Deli,In-store,GreenGrocer Midtown,Toronto,Ontario,Lantic Inc,Canada,8,16.94
2025-12-17,SKU-011,Almond Butter 500g,Pantry,Maranatha,Prairie Pantry,Calgary,Alberta,Maple Leaf Foods,Canada,1,7.02
2025-03-03,SKU-015,Rotisserie Chicken,Deli,In-store,FreshMart Westside,Vancouver,British Columbia,Sysco Canada,Canada,37,16.94
2025-08-22,SKU-009,Sparkling Water 6pk,Beverages,San Pellegrino,FreshMart Uptown,Ottawa,Ontario,Sysco Canada,Canada,50,11.69
2024-06-20,SKU-010,Dark Chocolate 85g,Snacks,Lindt,FreshMart Downtown,Toronto,Ontario,Maple Leaf Foods,Canada,14,2.68
2024-08-09,SKU-001,Organic Whole Milk 2L,Dairy,Natrel,Metro Fresh,Montreal,Quebec,Premium Brands,Canada,41,16.7
2025-04-03,SKU-013,Oat Milk 1L,Beverages,Oatly,Metro Fresh,Montreal,Quebec,Lantic Inc,Canada,6,2.6
2024-07-22,SKU-009,Sparkling Water 6pk,Beverages,San Pellegrino,Prairie Pantry,Calgary,Alberta,Sysco Canada,Canada,6,11.69
2024-10-31,SKU-009,Sparkling Water 6pk,Beverages,San Pellegrino,GreenGrocer Midtown,Toronto,Ontario,Sysco Canada,Canada,26,11.69
2024-09-27,SKU-013,Oat Milk 1L,Beverages,Oatly,FreshMart Uptown,Ottawa,Ontario,Maple Leaf Foods,Canada,45,2.6
2024-05-15,SKU-014,Avocado each,Produce,Fresh Direct,GreenGrocer Midtown,Toronto,Ontario,Maple Leaf Foods,Canada,6,6.56
2023-04-23,SKU-002,Sourdough Bread 750g,Bakery,ACE Bakery,Metro Fresh,Montreal,Quebec,Premium Brands,Canada,20,2.57
2023-09-02,SKU-011,Almond Butter 500g,Pantry,Maranatha,FreshMart Uptown,Ottawa,Ontario,Sysco Canada,Canada,1,7.02
2025-10-13,SKU-012,Frozen Edamame 400g,Frozen,President's Choice,FreshMart Downtown,Toronto,Ontario,Sysco Canada,Canada,23,13.61
2023-12-08,SKU-013,Oat Milk 1L,Beverages,Oatly,FreshMart Uptown,Ottawa,Ontario,Gordon Food Service,Canada,24,2.6
2023-03-02,SKU-013,Oat Milk 1L,Beverages,Oatly,FreshMart Westside,Vancouver,British Columbia,Maple Leaf Foods,Canada,22,2.6
2024-06-22,SKU-005,Greek Yogurt 500g,Dairy,Olympic,Prairie Pantry,Calgary,Alberta,Maple Leaf Foods,Canada,46,18.93
2025-07-21,SKU-011,Almond Butter 500g,Pantry,Maranatha,FreshMart Downtown,Toronto,Ontario,Lantic Inc,Canada,33,7.02
2025-01-23,SKU-008,Aged Cheddar 400g,Dairy,Black Diamond,Prairie Pantry,Calgary,Alberta,Sysco Canada,Canada,11,3.99
2024-04-12,SKU-002,Sourdough Bread 750g,Bakery,ACE Bakery,Prairie Pantry,Calgary,Alberta,Maple Leaf Foods,Canada,48,2.57
2023-04-05,SKU-001,Organic Whole Milk 2L,Dairy,Natrel,FreshMart Downtown,Toronto,Ontario,Sysco Canada,Canada,31,16.7
2023-03-14,SKU-015,Rotisserie Chicken,Deli,In-store,GreenGrocer Midtown,Toronto,Ontario,Sysco Canada,Canada,36,16.94
2024-04-04,SKU-012,Frozen Edamame 400g,Frozen,President's Choice,FreshMart Uptown,Ottawa,Ontario,Lantic Inc,Canada,21,13.61
2024-07-09,SKU-015,Rotisserie Chicken,Deli,In-store,FreshMart Uptown,Ottawa,Ontario,Gordon Food Service,Canada,5,16.94
2024-01-03,SKU-002,Sourdough Bread 750g,Bakery,ACE Bakery,Prairie Pantry,Calgary,Alberta,Maple Leaf Foods,Canada,15,2.57
2025-08-10,SKU-001,Organic Whole Milk 2L,Dairy,Natrel,Metro Fresh,Montreal,Quebec,Maple Leaf Foods,Canada,19,16.7
2025-07-24,SKU-005,Greek Yogurt 500g,Dairy,Olympic,FreshMart Westside,Vancouver,British Columbia,Maple Leaf Foods,Canada,1,18.93
2024-05-11,SKU-005,Greek Yogurt 500g,Dairy,Olympic,Prairie Pantry,Calgary,Alberta,Gordon Food Service,Canada,30,18.93
2024-05-17,SKU-008,Aged Cheddar 400g,Dairy,Black Diamond,GreenGrocer Midtown,Toronto,Ontario,Premium Brands,Canada,10,3.99
not-a-date,SKU-007,Baby Spinach 142g,Produce,Earthbound Farm,FreshMart Downtown,Toronto,Ontario,Sysco Canada,Canada,41,22.51
2024-09-21,SKU-001,Organic Whole Milk 2L,Dairy,Natrel,FreshMart Uptown,Ottawa,Ontario,Lantic Inc,Canada,7,16.7
2023-05-03,SKU-004,Cold Brew Coffee 330ml,Beverages,Pilot Coffee,Metro Fresh,Montreal,Quebec,Lantic Inc,Canada,10,7.12
2025-11-30,SKU-002,Sourdough Bread 750g,Bakery,ACE Bakery,FreshMart Downtown,Toronto,Ontario,Sysco Canada,Canada,27,2.57
2023-07-15,SKU-006,Atlantic Salmon Fillet 400g,Seafood,Ocean Choice,Metro Fresh,Montreal,Quebec,Maple Leaf Foods,Canada,33,17.55
2023-05-08,SKU-014,Avocado each,Produce,Fresh Direct,Metro Fresh,Montreal,Quebec,Maple Leaf Foods,Canada,28,6.56
2024-06-18,SKU-003,Free Range Eggs 12pk,Dairy,Burnbrae Farms,GreenGrocer Midtown,Toronto,Ontario,Gordon Food Service,Canada,21,8.32
2024-10-13,SKU-007,Baby Spinach 142g,Produce,Earthbound Farm,FreshMart Uptown,Ottawa,Ontario,Gordon Food Service,Canada,29,22.51
2023-08-12,SKU-002,Sourdough Bread 750g,Bakery,ACE Bakery,GreenGrocer Midtown,Toronto,Ontario,Sysco Canada,Canada,10,2.57
2025-04-12,SKU-008,Aged Cheddar 400g,Dairy,Black Diamond,Metro Fresh,Montreal,Quebec,Gordon Food Service,Canada,8,3.99
2024-09-23,SKU-013,Oat Milk 1L,Beverages,Oatly,GreenGrocer Midtown,Toronto,Ontario,Lantic Inc,Canada,30,2.6
2024-09-15,SKU-002,Sourdough Bread 750g,Bakery,ACE Bakery,FreshMart Downtown,Toronto,Ontario,Sysco Canada,Canada,46,2.57
2023-10-31,SKU-001,Organic Whole Milk 2L,Dairy,Natrel,GreenGrocer Midtown,Toronto,Ontario,Gordon Food Service,Canada,6,16.7
2023-04-11,SKU-006,Atlantic Salmon Fillet 400g,Seafood,Ocean Choice,Metro Fresh,Montreal,Quebec,Premium Brands,Canada,44,17.55
2025-04-08,SKU-014,Avocado each,Produce,Fresh Direct,GreenGrocer Midtown,Toronto,Ontario,Maple Leaf Foods,Canada,29,6.56
2025-08-04,SKU-009,Sparkling Water 6pk,Beverages,San Pellegrino,GreenGrocer Midtown,Toronto,Ontario,Maple Leaf Foods,Canada,7,11.69
2023-05-07,SKU-003,Free Range Eggs 12pk,Dairy,Burnbrae Farms,FreshMart Downtown,Toronto,Ontario,Maple Leaf Foods,Canada,50,8.32
2025-02-01,SKU-003,Free Range Eggs 12pk,Dairy,Burnbrae Farms,GreenGrocer Midtown,Toronto,Ontario,Lantic Inc,Canada,44,8.32
2024-06-14,SKU-011,Almond Butter 500g,Pantry,Maranatha,FreshMart Downtown,Toronto,Ontario,Premium Brands,Canada,5,7.02
2023-09-21,SKU-002,Sourdough Bread 750g,Bakery,ACE Bakery,GreenGrocer Midtown,Toronto,Ontario,Lantic Inc,Canada,6,-2.57
2025-06-06,SKU-008,Aged Cheddar 400g,Dairy,Black Diamond,FreshMart Downtown,Toronto,Ontario,Sysco Canada,Canada,47,3.99
2023-12-20,SKU-001,Organic Whole Milk 2L,Dairy,Natrel,Metro Fresh,Montreal,Quebec,Lantic Inc,Canada,23,16.7
2025-07-02,SKU-003,Free Range Eggs 12pk,Dairy,Burnbrae Farms,FreshMart Westside,Vancouver,British Columbia,Gordon Food Service,Canada,10,8.32
2024-08-27,SKU-010,Dark Chocolate 85g,Snacks,Lindt,Prairie Pantry,Calgary,Alberta,Sysco Canada,Canada,32,2.68
2023-06-29,SKU-009,Sparkling Water 6pk,Beverages,San Pellegrino,Metro Fresh,Montreal,Quebec,Maple Leaf Foods,Canada,18,11.69
2024-05-25,SKU-007,Baby Spinach 142g,Produce,Earthbound Farm,GreenGrocer Midtown,Toronto,Ontario,Premium Brands,Canada,41,22.51
2025-01-05,SKU-009,Sparkling Water 6pk,Beverages,San Pellegrino,FreshMart Downtown,Toronto,Ontario,Lantic Inc,Canada,31,11.69
2025-10-25,SKU-008,Aged Cheddar 400g,Dairy,Black Diamond,FreshMart Westside,Vancouver,British Columbia,Premium Brands,Canada,21,3.99
2024-03-24,SKU-003,Free Range Eggs 12pk,Dairy,Burnbrae Farms,FreshMart Downtown,Toronto,Ontario,Gordon Food Service,Canada,2,8.32
2025-08-24,SKU-013,Oat Milk 1L,Beverages,Oatly,FreshMart Westside,Vancouver,British Columbia,Maple Leaf Foods,Canada,34,2.6
2023-07-25,SKU-010,Dark Chocolate 85g,Snacks,Lindt,GreenGrocer Midtown,Toronto,Ontario,Sysco Canada,Canada,16,2.68
2024-03-25,SKU-005,Greek Yogurt 500g,Dairy,Olympic,Prairie Pantry,Calgary,Alberta,Maple Leaf Foods,Canada,37,18.93
2023-12-22,SKU-013,Oat Milk 1L,Beverages,Oatly,Metro Fresh,Montreal,Quebec,Gordon Food Service,Canada,12,2.6
2023-02-27,SKU-006,Atlantic Salmon Fillet 400g,Seafood,Ocean Choice,FreshMart Uptown,Ottawa,Ontario,Gordon Food Service,Canada,46,17.55
2024-01-21,SKU-010,Dark Chocolate 85g,Snacks,Lindt,Prairie Pantry,Calgary,Alberta,Sysco Canada,Canada,32,2.68
2023-07-04,SKU-003,Free Range Eggs 12pk,Dairy,Burnbrae Farms,Metro Fresh,Montreal,Quebec,Maple Leaf Foods,Canada,4,8.32
2025-09-05,SKU-004,Cold Brew Coffee 330ml,Beverages,Pilot Coffee,FreshMart Downtown,Toronto,Ontario,Premium Brands,Canada,1,7.12
2024-11-28,SKU-010,Dark Chocolate 85g,Snacks,Lindt,GreenGrocer Midtown,Toronto,Ontario,Sysco Canada,Canada,46,2.68
2023-02-14,SKU-013,Oat Milk 1L,Beverages,Oatly,FreshMart Westside,Vancouver,British Columbia,Maple Leaf Foods,Canada,10,2.6
2025-12-13,SKU-015,Rotisserie Chicken,Deli,In-store,GreenGrocer Midtown,Toronto,Ontario,Maple Leaf Foods,Canada,24,16.94
2023-07-26,SKU-006,Atlantic Salmon Fillet 400g,Seafood,Ocean Choice,FreshMart Uptown,Ottawa,Ontario,Lantic Inc,Canada,22,17.55
2025-09-24,SKU-003,Free Range Eggs 12pk,Dairy,Burnbrae Farms,GreenGrocer Midtown,Toronto,Ontario,Lantic Inc,Canada,42,8.32
2024-12-31,SKU-012,Frozen Edamame 400g,Frozen,President's Choice,Prairie Pantry,Calgary,Alberta,Premium Brands,Canada,15,13.61
2024-09-20,SKU-014,Avocado each,Produce,Fresh Direct,GreenGrocer Midtown,Toronto,Ontario,Lantic Inc,Canada,47,6.56
2025-03-12,SKU-003,Free Range Eggs 12pk,Dairy,Burnbrae Farms,GreenGrocer Midtown,Toronto,Ontario,Maple Leaf Foods,Canada,50,8.32
2024-10-13,SKU-001,Organic Whole Milk 2L,Dairy,Natrel,GreenGrocer Midtown,Toronto,Ontario,Premium Brands,Canada,40,16.7
2023-10-16,SKU-010,Dark Chocolate 85g,Snacks,Lindt,FreshMart Downtown,Toronto,Ontario,Lantic Inc,Canada,22,2.68
2023-12-10,SKU-004,Cold Brew Coffee 330ml,Beverages,Pilot Coffee,FreshMart Westside,Vancouver,British Columbia,Gordon Food Service,Canada,41,7.12
2025-07-03,SKU-002,Sourdough Bread 750g,Bakery,ACE Bakery,FreshMart Uptown,Ottawa,Ontario,Gordon Food Service,Canada,1,2.57
2024-12-18,SKU-004,Cold Brew Coffee 330ml,Beverages,Pilot Coffee,FreshMart Uptown,Ottawa,Ontario,Maple Leaf Foods,Canada,17,7.12
2025-03-01,SKU-012,Frozen Edamame 400g,Frozen,President's Choice,FreshMart Downtown,Toronto,Ontario,Maple Leaf Foods,Canada,29,13.61
2025-02-14,SKU-003,Free Range Eggs 12pk,Dairy,Burnbrae Farms,Metro Fresh,Montreal,Quebec,Lantic Inc,Canada,23,8.32
2024-04-06,SKU-002,Sourdough Bread 750g,Bakery,ACE Bakery,Metro Fresh,Montreal,Quebec,Premium Brands,Canada,11,2.57
2023-02-11,SKU-013,Oat Milk 1L,Beverages,Oatly,FreshMart Downtown,Toronto,Ontario,Gordon Food Service,Canada,21,2.6
2023-12-15,SKU-002,Sourdough Bread 750g,Bakery,ACE Bakery,FreshMart Downtown,Toronto,Ontario,Gordon Food Service,Canada,25,2.57
2024-11-23,SKU-002,Sourdough Bread 750g,Bakery,ACE Bakery,Prairie Pantry,Calgary,Alberta,Maple Leaf Foods,Canada,39,2.57
2025-06-02,SKU-015,Rotisserie Chicken,Deli,In-store,Metro Fresh,Montreal,Quebec,Maple Leaf Foods,Canada,42,16.94
2023-04-20,SKU-015,Rotisserie Chicken,Deli,In-store,Metro Fresh,Montreal,Quebec,Sysco Canada,Canada,7,16.94
2024-06-27,SKU-004,Cold Brew Coffee 330ml,Beverages,Pilot Coffee,Metro Fresh,Montreal,Quebec,Premium Brands,Canada,43,7.12
2025-03-15,SKU-004,Cold Brew Coffee 330ml,Beverages,Pilot Coffee,FreshMart Downtown,Toronto,Ontario,Maple Leaf Foods,Canada,37,7.12
2025-01-08,SKU-008,Aged Cheddar 400g,Dairy,Black Diamond,GreenGrocer Midtown,Toronto,Ontario,Maple Leaf Foods,Canada,1,3.99
2025-09-10,SKU-005,Greek Yogurt 500g,Dairy,Olympic,FreshMart Uptown,Ottawa,Ontario,Premium Brands,Canada,13,18.93
2023-06-17,SKU-004,Cold Brew Coffee 330ml,Beverages,Pilot Coffee,GreenGrocer Midtown,Toronto,Ontario,Gordon Food Service,Canada,31,7.12
2025-09-28,SKU-005,Greek Yogurt 500g,Dairy,Olympic,Metro Fresh,Montreal,Quebec,Lantic Inc,Canada,43,18.93
2024-01-14,SKU-011,Almond Butter 500g,Pantry,Maranatha,Prairie Pantry,Calgary,Alberta,Lantic Inc,Canada,24,7.02
2023-04-02,SKU-006,Atlantic Salmon Fillet 400g,Seafood,Ocean Choice,GreenGrocer Midtown,Toronto,Ontario,Lantic Inc,Canada,17,17.55
2023-05-07,SKU-005,Greek Yogurt 500g,Dairy,Olympic,GreenGrocer Midtown,Toronto,Ontario,Gordon Food Service,Canada,10,18.93
2024-12-05,SKU-011,Almond Butter 500g,Pantry,Maranatha,FreshMart Downtown,Toronto,Ontario,Maple Leaf Foods,Canada,35,7.02
2023-05-05,SKU-013,Oat Milk 1L,Beverages,Oatly,Prairie Pantry,Calgary,Alberta,Sysco Canada,Canada,25,2.6
2024-04-27,SKU-007,Baby Spinach 142g,Produce,Earthbound Farm,Prairie Pantry,Calgary,Alberta,Lantic Inc,Canada,31,22.51
2025-10-25,SKU-007,Baby Spinach 142g,Produce,Earthbound Farm,FreshMart Uptown,Ottawa,Ontario,Maple Leaf Foods,Canada,37,22.51
2023-10-29,SKU-013,Oat Milk 1L,Beverages,Oatly,Prairie Pantry,Calgary,Alberta,Premium Brands,Canada,8,2.6
2024-03-09,SKU-008,Aged Cheddar 400g,Dairy,Black Diamond,GreenGrocer Midtown,Toronto,Ontario,Sysco Canada,Canada,13,3.99
2024-02-18,SKU-007,Baby Spinach 142g,Produce,Earthbound Farm,FreshMart Downtown,Toronto,Ontario,Lantic Inc,Canada,41,22.51
2023-05-18,SKU-010,Dark Chocolate 85g,Snacks,Lindt,FreshMart Westside,Vancouver,British Columbia,Gordon Food Service,Canada,6,2.68
2024-07-19,SKU-007,Baby Spinach 142g,Produce,Earthbound Farm,Prairie Pantry,Calgary,Alberta,Gordon Food Service,Canada,34,22.51
2025-12-06,SKU-014,Avocado each,Produce,Fresh Direct,FreshMart Downtown,Toronto,Ontario,Premium Brands,Canada,27,6.56
2023-07-25,SKU-003,Free Range Eggs 12pk,Dairy,Burnbrae Farms,GreenGrocer Midtown,Toronto,Ontario,Premium Brands,Canada,7,8.32
2024-12-05,SKU-002,Sourdough Bread 750g,Bakery,ACE Bakery,FreshMart Westside,Vancouver,British Columbia,Premium Brands,Canada,27,2.57
2025-08-26,SKU-011,Almond Butter 500g,Pantry,Maranatha,Metro Fresh,Montreal,Quebec,Premium Brands,Canada,3,7.02
2025-04-02,SKU-007,Baby Spinach 142g,Produce,Earthbound Farm,GreenGrocer Midtown,Toronto,Ontario,Premium Brands,Canada,3,22.51
2023-04-11,SKU-015,Rotisserie Chicken,Deli,In-store,FreshMart Westside,Vancouver,British Columbia,Sysco Canada,Canada,48,16.94
2024-11-22,SKU-005,Greek Yogurt 500g,Dairy,Olympic,FreshMart Westside,Vancouver,British Columbia,Maple Leaf Foods,Canada,20,18.93
2024-04-11,SKU-014,Avocado each,Produce,Fresh Direct,Metro Fresh,Montreal,Quebec,Maple Leaf Foods,Canada,9,6.56
2024-07-05,SKU-012,Frozen Edamame 400g,Frozen,President's Choice,Metro Fresh,Montreal,Quebec,Gordon Food Service,Canada,47,13.61
2025-06-23,SKU-011,Almond Butter 500g,Pantry,Maranatha,FreshMart Downtown,Toronto,Ontario,Sysco Canada,Canada,14,7.02
2025-11-23,SKU-007,Baby Spinach 142g,Produce,Earthbound Farm,FreshMart Uptown,Ottawa,Ontario,Lantic Inc,Canada,24,22.51
2024-09-29,SKU-009,Sparkling Water 6pk,Beverages,San Pellegrino,GreenGrocer Midtown,Toronto,Ontario,Maple Leaf Foods,Canada,46,11.69
2023-03-01,SKU-003,Free Range Eggs 12pk,Dairy,Burnbrae Farms,Prairie Pantry,Calgary,Alberta,Premium Brands,Canada,12,8.32
2024-05-25,SKU-014,Avocado each,Produce,Fresh Direct,GreenGrocer Midtown,Toronto,Ontario,Maple Leaf Foods,Canada,3,6.56
2024-07-15,SKU-015,Rotisserie Chicken,Deli,In-store,FreshMart Westside,Vancouver,British Columbia,Sysco Canada,Canada,24,16.94
2023-03-04,SKU-009,Sparkling Water 6pk,Beverages,San Pellegrino,Metro Fresh,Montreal,Quebec,Maple Leaf Foods,Canada,16,11.69
2025-08-29,SKU-010,Dark Chocolate 85g,Snacks,Lindt,Metro Fresh,Montreal,Quebec,Sysco Canada,Canada,38,2.68
2023-07-05,SKU-006,Atlantic Salmon Fillet 400g,Seafood,Ocean Choice,GreenGrocer Midtown,Toronto,Ontario,Gordon Food Service,Canada,19,17.55
2024-03-14,SKU-001,Organic Whole Milk 2L,Dairy,Natrel,GreenGrocer Midtown,Toronto,Ontario,Premium Brands,Canada,-4,16.7
2023-01-19,SKU-007,Baby Spinach 142g,Produce,Earthbound Farm,Prairie Pantry,Calgary,Alberta,Maple Leaf Foods,Canada,31,22.51
2023-01-18,SKU-011,Almond Butter 500g,Pantry,Maranatha,GreenGrocer Midtown,Toronto,Ontario,Premium Brands,Canada,15,7.02
2025-05-17,SKU-013,Oat Milk 1L,Beverages,Oatly,FreshMart Westside,Vancouver,British Columbia,Gordon Food Service,Canada,25,2.6
2025-08-13,SKU-008,Aged Cheddar 400g,Dairy,Black Diamond,FreshMart Westside,Vancouver,British Columbia,Sysco Canada,Canada,20,3.99
2023-07-29,SKU-014,Avocado each,Produce,Fresh Direct,Prairie Pantry,Calgary,Alberta,Lantic Inc,Canada,1,6.56
2024-08-01,SKU-011,Almond Butter 500g,Pantry,Maranatha,FreshMart Westside,Vancouver,British Columbia,Premium Brands,Canada,20,7.02
2024-07-20,SKU-008,Aged Cheddar 400g,Dairy,Black Diamond,FreshMart Downtown,Toronto,Ontario,Gordon Food Service,Canada,41,3.99
2024-01-21,SKU-005,Greek Yogurt 500g,Dairy,Olympic,FreshMart Westside,Vancouver,British Columbia,Gordon Food Service,Canada,10,18.93
2025-04-07,SKU-004,Cold Brew Coffee 330ml,Beverages,Pilot Coffee,FreshMart Downtown,Toronto,Ontario,Premium Brands,Canada,43,7.12
2025-10-15,SKU-003,Free Range Eggs 12pk,Dairy,Burnbrae Farms,FreshMart Uptown,Ottawa,Ontario,Maple Leaf Foods,Canada,19,8.32
2023-03-14,SKU-007,Baby Spinach 142g,Produce,Earthbound Farm,Metro Fresh,Montreal,Quebec,Lantic Inc,Canada,38,22.51
2024-03-31,SKU-010,Dark Chocolate 85g,Snacks,Lindt,GreenGrocer Midtown,Toronto,Ontario,Gordon Food Service,Canada,44,2.68
2025-11-04,SKU-013,Oat Milk 1L,Beverages,Oatly,Metro Fresh,Montreal,Quebec,Gordon Food Service,Canada,20,2.6
2024-01-06,SKU-014,Avocado each,Produce,Fresh Direct,FreshMart Uptown,Ottawa,Ontario,Premium Brands,Canada,19,6.56
2024-01-10,SKU-003,Free Range Eggs 12pk,Dairy,Burnbrae Farms,FreshMart Uptown,Ottawa,Ontario,Gordon Food Service,Canada,44,8.32
2024-12-28,SKU-011,Almond Butter 500g,Pantry,Maranatha,FreshMart Downtown,Toronto,Ontario,Sysco Canada,Canada,15,7.02
2025-01-31,SKU-005,Greek Yogurt 500g,Dairy,Olympic,Metro Fresh,Montreal,Quebec,Gordon Food Service,Canada,17,18.93
2023-04-20,SKU-008,Aged Cheddar 400g,Dairy,Black Diamond,FreshMart Downtown,Toronto,Ontario,Lantic Inc,Canada,41,3.99
2024-02-03,SKU-010,Dark Chocolate 85g,Snacks,Lindt,FreshMart Downtown,Toronto,Ontario,Lantic Inc,Canada,33,2.68
2024-09-03,SKU-011,Almond Butter 500g,Pantry,Maranatha,Metro Fresh,Montreal,Quebec,Premium Brands,Canada,27,7.02
2024-02-15,SKU-014,Avocado each,Produce,Fresh Direct,GreenGrocer Midtown,Toronto,Ontario,Sysco Canada,Canada,22,6.56
2024-10-09,SKU-010,Dark Chocolate 85g,Snacks,Lindt,Metro Fresh,Montreal,Quebec,Sysco Canada,Canada,46,2.68
2023-12-29,SKU-002,Sourdough Bread 750g,Bakery,ACE Bakery,Metro Fresh,Montreal,Quebec,Gordon Food Service,Canada,21,2.57
2024-03-04,SKU-001,Organic Whole Milk 2L,Dairy,Natrel,Metro Fresh,Montreal,Quebec,Gordon Food Service,Canada,49,16.7
2023-06-30,SKU-010,Dark Chocolate 85g,Snacks,Lindt,GreenGrocer Midtown,Toronto,Ontario,Lantic Inc,Canada,9,2.68
2025-05-28,SKU-011,Almond Butter 500g,Pantry,Maranatha,Metro Fresh,Montreal,Quebec,Lantic Inc,Canada,31,7.02
2025-02-03,SKU-001,Organic Whole Milk 2L,Dairy,Natrel,Prairie Pantry,Calgary,Alberta,Sysco Canada,Canada,1,16.7
2023-02-06,SKU-013,Oat Milk 1L,Beverages,Oatly,Prairie Pantry,Calgary,Alberta,Sysco Canada,Canada,44,2.6
2024-12-06,SKU-012,Frozen Edamame 400g,Frozen,President's Choice,GreenGrocer Midtown,Toronto,Ontario,Sysco Canada,Canada,-2,13.61
2023-05-14,SKU-010,Dark Chocolate 85g,Snacks,Lindt,FreshMart Westside,Vancouver,British Columbia,Sysco Canada,Canada,3,2.68
2025-12-09,SKU-005,Greek Yogurt 500g,Dairy,Olympic,Metro Fresh,Montreal,Quebec,Premium Brands,Canada,22,18.93
2025-09-30,SKU-011,Almond Butter 500g,Pantry,Maranatha,GreenGrocer Midtown,Toronto,Ontario,Gordon Food Service,Canada,23,7.02
2024-04-12,SKU-003,Free Range Eggs 12pk,Dairy,Burnbrae Farms,Metro Fresh,Montreal,Quebec,Maple Leaf Foods,Canada,15,8.32
2025-10-30,SKU-003,Free Range Eggs 12pk,Dairy,Burnbrae Farms,GreenGrocer Midtown,Toronto,Ontario,Maple Leaf Foods,Canada,11,8.32
2025-02-07,SKU-012,Frozen Edamame 400g,Frozen,President's Choice,FreshMart Uptown,Ottawa,Ontario,Maple Leaf Foods,Canada,41,13.61
2023-04-09,SKU-009,Sparkling Water 6pk,Beverages,San Pellegrino,Prairie Pantry,Calgary,Alberta,Maple Leaf Foods,Canada,43,11.69
2023-08-26,SKU-014,Avocado each,Produce,Fresh Direct,FreshMart Downtown,Toronto,Ontario,Maple Leaf Foods,Canada,27,6.56
2025-08-29,SKU-002,Sourdough Bread 750g,Bakery,ACE Bakery,Prairie Pantry,Calgary,Alberta,Gordon Food Service,Canada,45,2.57
2024-09-08,SKU-012,Frozen Edamame 400g,Frozen,President's Choice,FreshMart Uptown,Ottawa,Ontario,Maple Leaf Foods,Canada,27,13.61
2023-10-08,SKU-011,Almond Butter 500g,Pantry,Maranatha,Prairie Pantry,Calgary,Alberta,Gordon Food Service,Canada,27,7.02
2023-08-30,SKU-002,Sourdough Bread 750g,Bakery,ACE Bakery,Prairie Pantry,Calgary,Alberta,Premium Brands,Canada,19,2.57
2024-02-14,SKU-002,Sourdough Bread 750g,Bakery,ACE Bakery,Metro Fresh,Montreal,Quebec,Sysco Canada,Canada,50,2.57
2025-04-19,SKU-009,Sparkling Water 6pk,Beverages,San Pellegrino,GreenGrocer Midtown,Toronto,Ontario,Gordon Food Service,Canada,19,11.69
2025-09-11,SKU-009,Sparkling Water 6pk,Beverages,San Pellegrino,Metro Fresh,Montreal,Quebec,Sysco Canada,Canada,22,11.69
2023-08-15,SKU-001,Organic Whole Milk 2L,Dairy,Natrel,FreshMart Uptown,Ottawa,Ontario,Maple Leaf Foods,Canada,37,16.7
2023-06-03,SKU-003,Free Range Eggs 12pk,Dairy,Burnbrae Farms,FreshMart Downtown,Toronto,Ontario,Premium Brands,Canada,47,8.32
2025-07-24,SKU-015,Rotisserie Chicken,Deli,In-store,FreshMart Westside,Vancouver,British Columbia,Sysco Canada,Canada,19,16.94
2023-03-22,SKU-001,Organic Whole Milk 2L,Dairy,Natrel,FreshMart Downtown,Toronto,Ontario,Sysco Canada,Canada,19,16.7
2023-08-26,SKU-011,Almond Butter 500g,Pantry,Maranatha,FreshMart Westside,Vancouver,British Columbia,Lantic Inc,Canada,7,7.02
2023-10-11,SKU-015,Rotisserie Chicken,Deli,In-store,FreshMart Downtown,Toronto,Ontario,Maple Leaf Foods,Canada,43,16.94
2024-07-03,SKU-006,Atlantic Salmon Fillet 400g,Seafood,Ocean Choice,FreshMart Westside,Vancouver,British Columbia,Lantic Inc,Canada,47,17.55
2023-08-22,SKU-014,Avocado each,Produce,Fresh Direct,FreshMart Westside,Vancouver,British Columbia,Sysco Canada,Canada,26,6.56
2025-09-06,SKU-008,Aged Cheddar 400g,Dairy,Black Diamond,FreshMart Westside,Vancouver,British Columbia,Lantic Inc,Canada,27,3.99
2023-09-29,SKU-013,Oat Milk 1L,Beverages,Oatly,GreenGrocer Midtown,Toronto,Ontario,Maple Leaf Foods,Canada,45,2.6
2025-05-02,SKU-014,Avocado each,Produce,Fresh Direct,GreenGrocer Midtown,Toronto,Ontario,Maple Leaf Foods,Canada,38,6.56
2024-01-07,SKU-010,Dark Chocolate 85g,Snacks,Lindt,FreshMart Uptown,Ottawa,Ontario,Lantic Inc,Canada,40,2.68
2023-09-25,SKU-006,Atlantic Salmon Fillet 400g,Seafood,Ocean Choice,Prairie Pantry,Calgary,Alberta,Maple Leaf Foods,Canada,31,17.55
2023-04-05,SKU-002,Sourdough Bread 750g,Bakery,ACE Bakery,Metro Fresh,Montreal,Quebec,Lantic Inc,Canada,5,2.57
2024-04-03,SKU-006,Atlantic Salmon Fillet 400g,Seafood,Ocean Choice,FreshMart Downtown,Toronto,Ontario,Premium Brands,Canada,43,17.55
2023-07-15,SKU-009,Sparkling Water 6pk,Beverages,San Pellegrino,Prairie Pantry,Calgary,Alberta,Premium Brands,Canada,28,11.69
2025-02-27,SKU-004,Cold Brew Coffee 330ml,Beverages,Pilot Coffee,Metro Fresh,Montreal,Quebec,Gordon Food Service,Canada,10,7.12
2023-01-24,SKU-009,Sparkling Water 6pk,Beverages,San Pellegrino,Prairie Pantry,Calgary,Alberta,Maple Leaf Foods,Canada,42,11.69
2023-12-05,SKU-009,Sparkling Water 6pk,Beverages,San Pellegrino,Metro Fresh,Montreal,Quebec,Lantic Inc,Canada,5,11.69
2024-07-23,SKU-006,Atlantic Salmon Fillet 400g,Seafood,Ocean Choice,GreenGrocer Midtown,Toronto,Ontario,Gordon Food Service,Canada,4,17.55
2025-04-05,SKU-009,Sparkling Water 6pk,Beverages,San Pellegrino,FreshMart Uptown,Ottawa,Ontario,Lantic Inc,Canada,16,11.69
2023-06-30,SKU-008,Aged Cheddar 400g,Dairy,Black Diamond,Prairie Pantry,Calgary,Alberta,Lantic Inc,Canada,32,3.99
2023-07-30,SKU-002,Sourdough Bread 750g,Bakery,ACE Bakery,Metro Fresh,Montreal,Quebec,Maple Leaf Foods,Canada,26,2.57
2023-07-06,SKU-009,Sparkling Water 6pk,Beverages,San Pellegrino,Prairie Pantry,Calgary,Alberta,Maple Leaf Foods,Canada,39,11.69
2024-02-28,SKU-011,Almond Butter 500g,Pantry,Maranatha,FreshMart Westside,Vancouver,British Columbia,Premium Brands,Canada,42,7.02
2024-04-01,SKU-006,Atlantic Salmon Fillet 400g,Seafood,Ocean Choice,FreshMart Westside,Vancouver,British Columbia,Maple Leaf Foods,Canada,30,17.55
2025-08-26,SKU-013,Oat Milk 1L,Beverages,Oatly,Prairie Pantry,Calgary,Alberta,Premium Brands,Canada,46,2.6
2023-07-19,SKU-012,Frozen Edamame 400g,Frozen,President's Choice,Metro Fresh,Montreal,Quebec,Maple Leaf Foods,Canada,49,13.61
2024-08-20,SKU-001,Organic Whole Milk 2L,Dairy,Natrel,FreshMart Westside,Vancouver,British Columbia,Gordon Food Service,Canada,36,16.7
2023-12-03,SKU-012,Frozen Edamame 400g,Frozen,President's Choice,FreshMart Downtown,Toronto,Ontario,Maple Leaf Foods,Canada,32,13.61
2023-08-08,SKU-012,Frozen Edamame 400g,Frozen,President's Choice,FreshMart Uptown,Ottawa,Ontario,Lantic Inc,Canada,17,13.61
2024-03-17,SKU-004,Cold Brew Coffee 330ml,Beverages,Pilot Coffee,FreshMart Downtown,Toronto,Ontario,Lantic Inc,Canada,30,7.12
2023-08-09,SKU-004,Cold Brew Coffee 330ml,Beverages,Pilot Coffee,FreshMart Uptown,Ottawa,Ontario,Gordon Food Service,Canada,49,7.12
2023-09-10,SKU-015,Rotisserie Chicken,Deli,In-store,FreshMart Uptown,Ottawa,Ontario,Premium Brands,Canada,50,16.94
2025-10-29,SKU-008,Aged Cheddar 400g,Dairy,Black Diamond,FreshMart Uptown,Ottawa,Ontario,Premium Brands,Canada,9,3.99
2025-06-05,SKU-001,Organic Whole Milk 2L,Dairy,Natrel,Prairie Pantry,Calgary,Alberta,Maple Leaf Foods,Canada,38,16.7
2023-12-22,SKU-009,Sparkling Water 6pk,Beverages,San Pellegrino,GreenGrocer Midtown,Toronto,Ontario,Premium Brands,Canada,47,11.69
2024-10-21,SKU-002,Sourdough Bread 750g,Bakery,ACE Bakery,Metro Fresh,Montreal,Quebec,Premium Brands,Canada,33,2.57
2024-07-14,SKU-007,Baby Spinach 142g,Produce,Earthbound Farm,Prairie Pantry,Calgary,Alberta,Sysco Canada,Canada,26,22.51
2023-10-10,SKU-005,Greek Yogurt 500g,Dairy,Olympic,Metro Fresh,Montreal,Quebec,Sysco Canada,Canada,27,18.93
2024-09-04,SKU-015,Rotisserie Chicken,Deli,In-store,FreshMart Uptown,Ottawa,Ontario,Premium Brands,Canada,45,16.94
2024-03-21,SKU-006,Atlantic Salmon Fillet 400g,Seafood,Ocean Choice,FreshMart Uptown,Ottawa,Ontario,Premium Brands,Canada,13,17.55
2023-09-29,SKU-012,Frozen Edamame 400g,Frozen,President's Choice,FreshMart Westside,Vancouver,British Columbia,Gordon Food Service,Canada,46,13.61
2024-10-22,SKU-003,Free Range Eggs 12pk,Dairy,Burnbrae Farms,Prairie Pantry,Calgary,Alberta,Premium Brands,Canada,46,8.32
2025-05-04,SKU-006,Atlantic Salmon Fillet 400g,Seafood,Ocean Choice,Prairie Pantry,Calgary,Alberta,Lantic Inc,Canada,44,17.55
2025-05-15,SKU-014,Avocado each,Produce,Fresh Direct,Prairie Pantry,Calgary,Alberta,Gordon Food Service,Canada,1,6.56
2023-04-19,SKU-001,Organic Whole Milk 2L,Dairy,Natrel,Metro Fresh,Montreal,Quebec,Sysco Canada,Canada,43,16.7
2024-05-28,SKU-005,Greek Yogurt 500g,Dairy,Olympic,GreenGrocer Midtown,Toronto,Ontario,Gordon Food Service,Canada,10,18.93
2023-03-08,SKU-012,Frozen Edamame 400g,Frozen,President's Choice,FreshMart Westside,Vancouver,British Columbia,Sysco Canada,Canada,23,13.61
2024-04-04,SKU-002,Sourdough Bread 750g,Bakery,ACE Bakery,Prairie Pantry,Calgary,Alberta,Premium Brands,Canada,48,2.57
2024-08-12,SKU-007,Baby Spinach 142g,Produce,Earthbound Farm,GreenGrocer Midtown,Toronto,Ontario,Premium Brands,Canada,45,22.51
2025-05-03,SKU-015,Rotisserie Chicken,Deli,In-store,Metro Fresh,Montreal,Quebec,Lantic Inc,Canada,44,16.94
2024-05-29,SKU-009,Sparkling Water 6pk,Beverages,San Pellegrino,FreshMart Downtown,Toronto,Ontario,Maple Leaf Foods,Canada,13,11.69
2025-01-23,SKU-013,Oat Milk 1L,Beverages,Oatly,Metro Fresh,Montreal,Quebec,Sysco Canada,Canada,49,2.6
2024-02-01,SKU-012,Frozen Edamame 400g,Frozen,President's Choice,Prairie Pantry,Calgary,Alberta,Sysco Canada,Canada,19,13.61
2023-12-22,SKU-011,Almond Butter 500g,Pantry,Maranatha,FreshMart Downtown,Toronto,Ontario,Sysco Canada,Canada,48,7.02
2024-07-25,SKU-007,Baby Spinach 142g,Produce,Earthbound Farm,FreshMart Downtown,Toronto,Ontario,Lantic Inc,Canada,36,22.51
2023-01-12,SKU-003,Free Range Eggs 12pk,Dairy,Burnbrae Farms,Prairie Pantry,Calgary,Alberta,Gordon Food Service,Canada,22,8.32
2023-11-11,SKU-015,Rotisserie Chicken,Deli,In-store,GreenGrocer Midtown,Toronto,Ontario,Maple Leaf Foods,Canada,21,16.94
2024-09-08,SKU-013,Oat Milk 1L,Beverages,Oatly,FreshMart Uptown,Ottawa,Ontario,Premium Brands,Canada,32,2.6
2024-10-12,SKU-009,Sparkling Water 6pk,Beverages,San Pellegrino,FreshMart Westside,Vancouver,British Columbia,Maple Leaf Foods,Canada,34,11.69
2025-10-31,SKU-003,Free Range Eggs 12pk,Dairy,Burnbrae Farms,Prairie Pantry,Calgary,Alberta,Maple Leaf Foods,Canada,11,8.32
2024-12-16,SKU-009,Sparkling Water 6pk,Beverages,San Pellegrino,Metro Fresh,Montreal,Quebec,Maple Leaf Foods,Canada,15,11.69
2025-01-08,SKU-011,Almond Butter 500g,Pantry,Maranatha,FreshMart Westside,Vancouver,British Columbia,Gordon Food Service,Canada,19,7.02
2025-08-30,SKU-013,Oat Milk 1L,Beverages,Oatly,Prairie Pantry,Calgary,Alberta,Premium Brands,Canada,36,2.6
2024-12-09,SKU-011,Almond Butter 500g,Pantry,Maranatha,FreshMart Downtown,Toronto,Ontario,Maple Leaf Foods,Canada,29,7.02
2024-05-14,SKU-011,Almond Butter 500g,Pantry,Maranatha,Prairie Pantry,Calgary,Alberta,Premium Brands,Canada,3,7.02
2025-03-01,SKU-006,Atlantic Salmon Fillet 400g,Seafood,Ocean Choice,Metro Fresh,Montreal,Quebec,Maple Leaf Foods,Canada,17,17.55
2025-02-06,SKU-005,Greek Yogurt 500g,Dairy,Olympic,FreshMart Downtown,Toronto,Ontario,Premium Brands,Canada,33,18.93
2024-08-30,SKU-008,Aged Cheddar 400g,Dairy,Black Diamond,Metro Fresh,Montreal,Quebec,Maple Leaf Foods,Canada,42,3.99
2023-12-09,SKU-009,Sparkling Water 6pk,Beverages,San Pellegrino,FreshMart Downtown,Toronto,Ontario,Maple Leaf Foods,Canada,50,11.69
2024-03-07,SKU-001,Organic Whole Milk 2L,Dairy,Natrel,FreshMart Uptown,Ottawa,Ontario,Maple Leaf Foods,Canada,43,16.7
2023-08-01,SKU-004,Cold Brew Coffee 330ml,Beverages,Pilot Coffee,FreshMart Uptown,Ottawa,Ontario,Lantic Inc,Canada,14,7.12
2023-05-28,SKU-012,Frozen Edamame 400g,Frozen,President's Choice,FreshMart Uptown,Ottawa,Ontario,Lantic Inc,Canada,48,13.61
2023-03-19,SKU-001,Organic Whole Milk 2L,Dairy,Natrel,Metro Fresh,Montreal,Quebec,Gordon Food Service,Canada,6,16.7
2023-05-25,SKU-003,Free Range Eggs 12pk,Dairy,Burnbrae Farms,FreshMart Westside,Vancouver,British Columbia,Premium Brands,Canada,37,8.32
2025-03-05,SKU-015,Rotisserie Chicken,Deli,In-store,FreshMart Westside,Vancouver,British Columbia,Lantic Inc,Canada,29,16.94
2025-03-08,SKU-007,Baby Spinach 142g,Produce,Earthbound Farm,FreshMart Westside,Vancouver,British Columbia,Maple Leaf Foods,Canada,44,22.51
2023-05-10,SKU-001,Organic Whole Milk 2L,Dairy,Natrel,FreshMart Uptown,Ottawa,Ontario,Premium Brands,Canada,49,16.7
2025-01-02,SKU-001,Organic Whole Milk 2L,Dairy,Natrel,FreshMart Uptown,Ottawa,Ontario,Maple Leaf Foods,Canada,33,16.7
2023-06-27,SKU-013,Oat Milk 1L,Beverages,Oatly,FreshMart Uptown,Ottawa,Ontario,Gordon Food Service,Canada,19,2.6
2023-03-05,SKU-008,Aged Cheddar 400g,Dairy,Black Diamond,Metro Fresh,Montreal,Quebec,Lantic Inc,Canada,31,3.99
2024-08-27,SKU-004,Cold Brew Coffee 330ml,Beverages,Pilot Coffee,GreenGrocer Midtown,Toronto,Ontario,Lantic Inc,Canada,41,7.12
2023-01-23,SKU-011,Almond Butter 500g,Pantry,Maranatha,FreshMart Uptown,Ottawa,Ontario,Gordon Food Service,Canada,36,7.02
2023-01-11,SKU-003,Free Range Eggs 12pk,Dairy,Burnbrae Farms,FreshMart Downtown,Toronto,Ontario,Maple Leaf Foods,Canada,37,8.32
2024-09-16,SKU-009,Sparkling Water 6pk,Beverages,San Pellegrino,Prairie Pantry,Calgary,Alberta,Maple Leaf Foods,Canada,14,11.69
2024-03-09,SKU-015,Rotisserie Chicken,Deli,In-store,FreshMart Uptown,Ottawa,Ontario,Gordon Food Service,Canada,27,16.94
2023-11-26,SKU-014,Avocado each,Produce,Fresh Direct,Prairie Pantry,Calgary,Alberta,Sysco Canada,Canada,12,6.56
2023-08-23,SKU-014,Avocado each,Produce,Fresh Direct,FreshMart Westside,Vancouver,British Columbia,Sysco Canada,Canada,12,6.56
2025-08-02,SKU-010,Dark Chocolate 85g,Snacks,Lindt,FreshMart Downtown,Toronto,Ontario,Premium Brands,Canada,42,2.68
2024-05-28,SKU-005,Greek Yogurt 500g,Dairy,Olympic,FreshMart Uptown,Ottawa,Ontario,Maple Leaf Foods,Canada,7,18.93
2025-01-01,SKU-010,Dark Chocolate 85g,Snacks,Lindt,Metro Fresh,Montreal,Quebec,Gordon Food Service,Canada,9,2.68
2023-05-23,SKU-004,Cold Brew Coffee 330ml,Beverages,Pilot Coffee,FreshMart Downtown,Toronto,Ontario,Gordon Food Service,Canada,13,7.12
2024-09-18,SKU-008,Aged Cheddar 400g,Dairy,Black Diamond,FreshMart Westside,Vancouver,British Columbia,Premium Brands,Canada,45,3.99
2024-10-09,SKU-010,Dark Chocolate 85g,Snacks,Lindt,Prairie Pantry,Calgary,Alberta,Gordon Food Service,Canada,28,2.68
2025-06-12,SKU-006,Atlantic Salmon Fillet 400g,Seafood,Ocean Choice,GreenGrocer Midtown,Toronto,Ontario,Sysco Canada,Canada,18,17.55
2025-09-09,SKU-003,Free Range Eggs 12pk,Dairy,Burnbrae Farms,FreshMart Uptown,Ottawa,Ontario,Gordon Food Service,Canada,30,8.32
2023-08-11,SKU-013,Oat Milk 1L,Beverages,Oatly,FreshMart Westside,Vancouver,British Columbia,Lantic Inc,Canada,12,2.6
2024-02-07,SKU-002,Sourdough Bread 750g,Bakery,ACE Bakery,FreshMart Westside,Vancouver,British Columbia,Sysco Canada,Canada,17,2.57
2023-02-08,SKU-011,Almond Butter 500g,Pantry,Maranatha,FreshMart Downtown,Toronto,Ontario,Maple Leaf Foods,Canada,33,7.02
2025-04-09,SKU-014,Avocado each,Produce,Fresh Direct,Prairie Pantry,Calgary,Alberta,Premium Brands,Canada,50,6.56
2024-06-17,SKU-015,Rotisserie Chicken,Deli,In-store,FreshMart Downtown,Toronto,Ontario,Premium Brands,Canada,35,16.94
2025-01-19,SKU-009,Sparkling Water 6pk,Beverages,San Pellegrino,Metro Fresh,Montreal,Quebec,Sysco Canada,Canada,26,11.69
2023-10-02,SKU-013,Oat Milk 1L,Beverages,Oatly,Prairie Pantry,Calgary,Alberta,Gordon Food Service,Canada,30,2.6
2025-10-25,SKU-002,Sourdough Bread 750g,Bakery,ACE Bakery,Metro Fresh,Montreal,Quebec,Gordon Food Service,Canada,1,2.57
2025-11-18,SKU-014,Avocado each,Produce,Fresh Direct,Prairie Pantry,Calgary,Alberta,Sysco Canada,Canada,9,6.56
2023-10-27,SKU-003,Free Range Eggs 12pk,Dairy,Burnbrae Farms,Prairie Pantry,Calgary,Alberta,Premium Brands,Canada,48,8.32
2025-09-25,SKU-006,Atlantic Salmon Fillet 400g,Seafood,Ocean Choice,FreshMart Downtown,Toronto,Ontario,Sysco Canada,Canada,15,17.55
2024-02-28,SKU-006,Atlantic Salmon Fillet 400g,Seafood,Ocean Choice,GreenGrocer Midtown,Toronto,Ontario,Maple Leaf Foods,Canada,34,17.55
2025-07-20,SKU-006,Atlantic Salmon Fillet 400g,Seafood,Ocean Choice,Metro Fresh,Montreal,Quebec,Lantic Inc,Canada,3,17.55
2025-12-03,SKU-011,Almond Butter 500g,Pantry,Maranatha,FreshMart Westside,Vancouver,British Columbia,Maple Leaf Foods,Canada,41,7.02
2023-12-23,SKU-014,Avocado each,Produce,Fresh Direct,FreshMart Uptown,Ottawa,Ontario,Gordon Food Service,Canada,25,6.56
2025-11-24,SKU-006,Atlantic Salmon Fillet 400g,Seafood,Ocean Choice,Prairie Pantry,Calgary,Alberta,Maple Leaf Foods,Canada,17,17.55
2025-04-11,SKU-015,Rotisserie Chicken,Deli,In-store,GreenGrocer Midtown,Toronto,Ontario,Premium Brands,Canada,23,16.94
2023-01-14,SKU-006,Atlantic Salmon Fillet 400g,Seafood,Ocean Choice,Metro Fresh,Montreal,Quebec,Lantic Inc,Canada,33,17.55
2023-06-07,SKU-008,Aged Cheddar 400g,Dairy,Black Diamond,GreenGrocer Midtown,Toronto,Ontario,Sysco Canada,Canada,33,3.99
2023-11-19,SKU-004,Cold Brew Coffee 330ml,Beverages,Pilot Coffee,GreenGrocer Midtown,Toronto,Ontario,Sysco Canada,Canada,24,7.12
2025-04-29,SKU-014,Avocado each,Produce,Fresh Direct,FreshMart Downtown,Toronto,Ontario,Sysco Canada,Canada,22,6.56
2025-09-08,SKU-008,Aged Cheddar 400g,Dairy,Black Diamond,FreshMart Uptown,Ottawa,Ontario,Lantic Inc,Canada,14,3.99
2024-05-14,SKU-011,Almond Butter 500g,Pantry,Maranatha,Metro Fresh,Montreal,Quebec,Maple Leaf Foods,Canada,3,7.02
2025-11-15,SKU-010,Dark Chocolate 85g,Snacks,Lindt,GreenGrocer Midtown,Toronto,Ontario,Sysco Canada,Canada,3,2.68
2024-06-12,SKU-003,Free Range Eggs 12pk,Dairy,Burnbrae Farms,FreshMart Downtown,Toronto,Ontario,Sysco Canada,Canada,12,8.32
2023-02-08,SKU-007,Baby Spinach 142g,Produce,Earthbound Farm,Prairie Pantry,Calgary,Alberta,Premium Brands,Canada,47,22.51
2024-03-19,SKU-014,Avocado each,Produce,Fresh Direct,FreshMart Westside,Vancouver,British Columbia,Maple Leaf Foods,Canada,29,6.56
2024-03-25,SKU-008,Aged Cheddar 400g,Dairy,Black Diamond,Metro Fresh,Montreal,Quebec,Sysco Canada,Canada,27,3.99
2025-11-12,SKU-013,Oat Milk 1L,Beverages,Oatly,Prairie Pantry,Calgary,Alberta,Sysco Canada,Canada,17,2.6
2023-05-21,SKU-011,Almond Butter 500g,Pantry,Maranatha,FreshMart Westside,Vancouver,British Columbia,Lantic Inc,Canada,15,7.02
2024-02-19,SKU-003,Free Range Eggs 12pk,Dairy,Burnbrae Farms,FreshMart Downtown,Toronto,Ontario,Maple Leaf Foods,Canada,34,8.32
2023-11-03,SKU-009,Sparkling Water 6pk,Beverages,San Pellegrino,FreshMart Uptown,Ottawa,Ontario,Lantic Inc,Canada,39,11.69
2023-03-21,SKU-008,Aged Cheddar 400g,Dairy,Black Diamond,Prairie Pantry,Calgary,Alberta,Premium Brands,Canada,35,3.99
2023-09-24,SKU-002,Sourdough Bread 750g,Bakery,ACE Bakery,FreshMart Downtown,Toronto,Ontario,Lantic Inc,Canada,39,2.57
2025-12-05,SKU-001,Organic Whole Milk 2L,Dairy,Natrel,FreshMart Uptown,Ottawa,Ontario,Lantic Inc,Canada,27,16.7
2025-05-28,SKU-001,Organic Whole Milk 2L,Dairy,Natrel,FreshMart Uptown,Ottawa,Ontario,Premium Brands,Canada,15,16.7
2023-07-20,SKU-008,Aged Cheddar 400g,Dairy,Black Diamond,Metro Fresh,Montreal,Quebec,Gordon Food Service,Canada,28,3.99
2024-08-03,SKU-008,Aged Cheddar 400g,Dairy,Black Diamond,GreenGrocer Midtown,Toronto,Ontario,Maple Leaf Foods,Canada,39,3.99
2023-01-12,SKU-007,Baby Spinach 142g,Produce,Earthbound Farm,FreshMart Westside,Vancouver,British Columbia,Sysco Canada,Canada,46,22.51
2023-08-30,SKU-001,Organic Whole Milk 2L,Dairy,Natrel,Prairie Pantry,Calgary,Alberta,Premium Brands,Canada,34,16.7
not-a-date,SKU-011,Almond Butter 500g,Pantry,Maranatha,GreenGrocer Midtown,Toronto,Ontario,Gordon Food Service,Canada,24,7.02
2024-06-19,SKU-011,Almond Butter 500g,Pantry,Maranatha,Prairie Pantry,Calgary,Alberta,Gordon Food Service,Canada,35,7.02
2025-03-24,SKU-006,Atlantic Salmon Fillet 400g,Seafood,Ocean Choice,Prairie Pantry,Calgary,Alberta,Gordon Food Service,Canada,49,17.55
2024-01-02,SKU-009,Sparkling Water 6pk,Beverages,San Pellegrino,Prairie Pantry,Calgary,Alberta,Lantic Inc,Canada,24,11.69
2024-12-06,SKU-008,Aged Cheddar 400g,Dairy,Black Diamond,FreshMart Westside,Vancouver,British Columbia,Gordon Food Service,Canada,50,3.99
2024-04-15,SKU-012,Frozen Edamame 400g,Frozen,President's Choice,GreenGrocer Midtown,Toronto,Ontario,Maple Leaf Foods,Canada,29,13.61
2025-11-07,SKU-003,Free Range Eggs 12pk,Dairy,Burnbrae Farms,FreshMart Downtown,Toronto,Ontario,Sysco Canada,Canada,26,8.32
2023-04-17,SKU-013,Oat Milk 1L,Beverages,Oatly,Prairie Pantry,Calgary,Alberta,Premium Brands,Canada,11,2.6
2023-10-25,SKU-011,Almond Butter 500g,Pantry,Maranatha,FreshMart Downtown,Toronto,Ontario,Maple Leaf Foods,Canada,31,7.02
2024-06-22,SKU-007,Baby Spinach 142g,Produce,Earthbound Farm,FreshMart Downtown,Toronto,Ontario,Maple Leaf Foods,Canada,15,22.51
2025-03-31,SKU-010,Dark Chocolate 85g,Snacks,Lindt,FreshMart Downtown,Toronto,Ontario,Lantic Inc,Canada,40,2.68
2023-04-28,SKU-005,Greek Yogurt 500g,Dairy,Olympic,FreshMart Uptown,Ottawa,Ontario,Premium Brands,Canada,50,18.93
2023-01-22,SKU-011,Almond Butter 500g,Pantry,Maranatha,Metro Fresh,Montreal,Quebec,Lantic Inc,Canada,13,7.02
2024-02-03,SKU-015,Rotisserie Chicken,Deli,In-store,Prairie Pantry,Calgary,Alberta,Gordon Food Service,Canada,3,16.94
2023-12-14,SKU-009,Sparkling Water 6pk,Beverages,San Pellegrino,Prairie Pantry,Calgary,Alberta,Sysco Canada,Canada,44,11.69
2023-11-19,SKU-004,Cold Brew Coffee 330ml,Beverages,Pilot Coffee,FreshMart Uptown,Ottawa,Ontario,Maple Leaf Foods,Canada,6,7.12
2025-03-20,SKU-013,Oat Milk 1L,Beverages,Oatly,Metro Fresh,Montreal,Quebec,Gordon Food Service,Canada,26,2.6
2023-07-04,SKU-009,Sparkling Water 6pk,Beverages,San Pellegrino,FreshMart Downtown,Toronto,Ontario,Maple Leaf Foods,Canada,36,11.69
2024-12-13,SKU-014,Avocado each,Produce,Fresh Direct,Prairie Pantry,Calgary,Alberta,Premium Brands,Canada,23,6.56
2024-02-03,SKU-005,Greek Yogurt 500g,Dairy,Olympic,GreenGrocer Midtown,Toronto,Ontario,Premium Brands,Canada,30,18.93
2023-12-25,SKU-010,Dark Chocolate 85g,Snacks,Lindt,FreshMart Downtown,Toronto,Ontario,Gordon Food Service,Canada,27,2.68
2024-08-25,SKU-009,Sparkling Water 6pk,Beverages,San Pellegrino,FreshMart Downtown,Toronto,Ontario,Premium Brands,Canada,22,11.69
2024-05-27,SKU-013,Oat Milk 1L,Beverages,Oatly,Prairie Pantry,Calgary,Alberta,Gordon Food Service,Canada,45,2.6
2024-05-13,SKU-007,Baby Spinach 142g,Produce,Earthbound Farm,Prairie Pantry,Calgary,Alberta,Lantic Inc,Canada,49,22.51
2023-02-26,SKU-013,Oat Milk 1L,Beverages,Oatly,Metro Fresh,Montreal,Quebec,Lantic Inc,Canada,31,2.6
2024-04-15,SKU-002,Sourdough Bread 750g,Bakery,ACE Bakery,Metro Fresh,Montreal,Quebec,Sysco Canada,Canada,21,2.57
2023-01-20,SKU-006,Atlantic Salmon Fillet 400g,Seafood,Ocean Choice,Prairie Pantry,Calgary,Alberta,Premium Brands,Canada,45,17.55
2025-03-28,SKU-004,Cold Brew Coffee 330ml,Beverages,Pilot Coffee,FreshMart Westside,Vancouver,British Columbia,Maple Leaf Foods,Canada,44,7.12
2024-01-01,SKU-006,Atlantic Salmon Fillet 400g,Seafood,Ocean Choice,FreshMart Downtown,Toronto,Ontario,Premium Brands,Canada,31,17.55
2024-01-10,SKU-004,Cold Brew Coffee 330ml,Beverages,Pilot Coffee,Prairie Pantry,Calgary,Alberta,Gordon Food Service,Canada,48,7.12
2024-02-13,SKU-015,Rotisserie Chicken,Deli,In-store,GreenGrocer Midtown,Toronto,Ontario,Lantic Inc,Canada,16,16.94
2024-04-14,SKU-014,Avocado each,Produce,Fresh Direct,FreshMart Westside,Vancouver,British Columbia,Sysco Canada,Canada,13,6.56
2023-11-16,SKU-014,Avocado each,Produce,Fresh Direct,Prairie Pantry,Calgary,Alberta,Gordon Food Service,Canada,50,6.56
2023-01-14,SKU-015,Rotisserie Chicken,Deli,In-store,FreshMart Downtown,Toronto,Ontario,Lantic Inc,Canada,49,16.94
2024-10-07,SKU-001,Organic Whole Milk 2L,Dairy,Natrel,Metro Fresh,Montreal,Quebec,Gordon Food Service,Canada,32,16.7
2025-10-02,SKU-015,Rotisserie Chicken,Deli,In-store,Prairie Pantry,Calgary,Alberta,Gordon Food Service,Canada,12,16.94
2025-03-25,SKU-015,Rotisserie Chicken,Deli,In-store,Prairie Pantry,Calgary,Alberta,Gordon Food Service,Canada,15,16.94
2025-05-16,SKU-003,Free Range Eggs 12pk,Dairy,Burnbrae Farms,FreshMart Downtown,Toronto,Ontario,Premium Brands,Canada,31,8.32
2025-03-17,SKU-001,Organic Whole Milk 2L,Dairy,Natrel,Prairie Pantry,Calgary,Alberta,Gordon Food Service,Canada,44,16.7
2025-07-31,SKU-008,Aged Cheddar 400g,Dairy,Black Diamond,FreshMart Downtown,Toronto,Ontario,Premium Brands,Canada,21,3.99
2025-02-16,SKU-001,Organic Whole Milk 2L,Dairy,Natrel,FreshMart Uptown,Ottawa,Ontario,Sysco Canada,Canada,38,16.7
2024-01-19,SKU-006,Atlantic Salmon Fillet 400g,Seafood,Ocean Choice,Prairie Pantry,Calgary,Alberta,Gordon Food Service,Canada,36,17.55
2024-12-03,SKU-005,Greek Yogurt 500g,Dairy,Olympic,Metro Fresh,Montreal,Quebec,Premium Brands,Canada,24,18.93
2025-02-01,SKU-007,Baby Spinach 142g,Produce,Earthbound Farm,GreenGrocer Midtown,Toronto,Ontario,Lantic Inc,Canada,24,22.51
2023-09-26,SKU-005,Greek Yogurt 500g,Dairy,Olympic,Metro Fresh,Montreal,Quebec,Sysco Canada,Canada,37,18.93
2024-04-27,SKU-014,Avocado each,Produce,Fresh Direct,FreshMart Downtown,Toronto,Ontario,Gordon Food Service,Canada,36,6.56
2023-11-03,SKU-007,Baby Spinach 142g,Produce,Earthbound Farm,GreenGrocer Midtown,Toronto,Ontario,Sysco Canada,Canada,31,22.51
2023-10-03,SKU-003,Free Range Eggs 12pk,Dairy,Burnbrae Farms,Metro Fresh,Montreal,Quebec,Lantic Inc,Canada,41,8.32
2024-09-06,SKU-012,Frozen Edamame 400g,Frozen,President's Choice,FreshMart Westside,Vancouver,British Columbia,Lantic Inc,Canada,17,13.61
2023-07-22,SKU-010,Dark Chocolate 85g,Snacks,Lindt,FreshMart Downtown,Toronto,Ontario,Lantic Inc,Canada,45,2.68
2023-07-17,SKU-004,Cold Brew Coffee 330ml,Beverages,Pilot Coffee,FreshMart Westside,Vancouver,British Columbia,Lantic Inc,Canada,29,7.12
2024-06-11,SKU-005,Greek Yogurt 500g,Dairy,Olympic,FreshMart Westside,Vancouver,British Columbia,Gordon Food Service,Canada,23,18.93
2024-02-12,SKU-002,Sourdough Bread 750g,Bakery,ACE Bakery,FreshMart Westside,Vancouver,British Columbia,Premium Brands,Canada,-5,2.57
2025-07-04,SKU-011,Almond Butter 500g,Pantry,Maranatha,Prairie Pantry,Calgary,Alberta,Lantic Inc,Canada,6,7.02
2023-12-10,SKU-005,Greek Yogurt 500g,Dairy,Olympic,Metro Fresh,Montreal,Quebec,Sysco Canada,Canada,41,18.93
2025-04-08,SKU-006,Atlantic Salmon Fillet 400g,Seafood,Ocean Choice,Metro Fresh,Montreal,Quebec,Premium Brands,Canada,5,17.55
2024-10-10,SKU-006,Atlantic Salmon Fillet 400g,Seafood,Ocean Choice,GreenGrocer Midtown,Toronto,Ontario,Gordon Food Service,Canada,42,17.55
2024-07-09,SKU-005,Greek Yogurt 500g,Dairy,Olympic,Prairie Pantry,Calgary,Alberta,Lantic Inc,Canada,29,18.93
2025-12-02,SKU-006,Atlantic Salmon Fillet 400g,Seafood,Ocean Choice,FreshMart Uptown,Ottawa,Ontario,Premium Brands,Canada,29,17.55
2024-04-25,SKU-003,Free Range Eggs 12pk,Dairy,Burnbrae Farms,FreshMart Downtown,Toronto,Ontario,Sysco Canada,Canada,43,8.32
2024-03-07,SKU-012,Frozen Edamame 400g,Frozen,President's Choice,FreshMart Uptown,Ottawa,Ontario,Maple Leaf Foods,Canada,11,13.61
2023-04-21,SKU-002,Sourdough Bread 750g,Bakery,ACE Bakery,FreshMart Downtown,Toronto,Ontario,Lantic Inc,Canada,2,2.57
2024-06-21,SKU-009,Sparkling Water 6pk,Beverages,San Pellegrino,FreshMart Downtown,Toronto,Ontario,Maple Leaf Foods,Canada,40,11.69
2024-04-14,SKU-011,Almond Butter 500g,Pantry,Maranatha,Metro Fresh,Montreal,Quebec,Gordon Food Service,Canada,16,7.02
2023-09-26,SKU-008,Aged Cheddar 400g,Dairy,Black Diamond,FreshMart Uptown,Ottawa,Ontario,Sysco Canada,Canada,34,3.99
2024-10-28,SKU-001,Organic Whole Milk 2L,Dairy,Natrel,FreshMart Downtown,Toronto,Ontario,Gordon Food Service,Canada,31,16.7
2025-06-30,SKU-014,Avocado each,Produce,Fresh Direct,Prairie Pantry,Calgary,Alberta,Gordon Food Service,Canada,9,6.56
2025-07-24,SKU-012,Frozen Edamame 400g,Frozen,President's Choice,Prairie Pantry,Calgary,Alberta,Sysco Canada,Canada,41,13.61
2025-12-08,SKU-015,Rotisserie Chicken,Deli,In-store,Prairie Pantry,Calgary,Alberta,Lantic Inc,Canada,41,16.94
2024-04-10,SKU-005,Greek Yogurt 500g,Dairy,Olympic,FreshMart Westside,Vancouver,British Columbia,Lantic Inc,Canada,6,18.93
2023-11-15,SKU-006,Atlantic Salmon Fillet 400g,Seafood,Ocean Choice,Metro Fresh,Montreal,Quebec,Gordon Food Service,Canada,20,17.55
not-a-date,SKU-009,Sparkling Water 6pk,Beverages,San Pellegrino,GreenGrocer Midtown,Toronto,Ontario,Gordon Food Service,Canada,31,11.69
2023-01-19,SKU-008,Aged Cheddar 400g,Dairy,Black Diamond,Metro Fresh,Montreal,Quebec,Gordon Food Service,Canada,50,3.99
2023-01-15,SKU-005,Greek Yogurt 500g,Dairy,Olympic,Prairie Pantry,Calgary,Alberta,Sysco Canada,Canada,36,18.93
2025-03-19,SKU-007,Baby Spinach 142g,Produce,Earthbound Farm,Prairie Pantry,Calgary,Alberta,Lantic Inc,Canada,16,22.51
2025-02-13,SKU-012,Frozen Edamame 400g,Frozen,President's Choice,FreshMart Uptown,Ottawa,Ontario,Lantic Inc,Canada,15,13.61
2025-11-24,SKU-007,Baby Spinach 142g,Produce,Earthbound Farm,FreshMart Uptown,Ottawa,Ontario,Sysco Canada,Canada,49,22.51
2024-08-06,SKU-010,Dark Chocolate 85g,Snacks,Lindt,FreshMart Uptown,Ottawa,Ontario,Gordon Food Service,Canada,42,2.68
2024-01-21,SKU-013,Oat Milk 1L,Beverages,Oatly,FreshMart Westside,Vancouver,British Columbia,Lantic Inc,Canada,5,2.6
2025-07-16,SKU-005,Greek Yogurt 500g,Dairy,Olympic,FreshMart Downtown,Toronto,Ontario,Lantic Inc,Canada,18,18.93
2023-02-09,SKU-008,Aged Cheddar 400g,Dairy,Black Diamond,GreenGrocer Midtown,Toronto,Ontario,Gordon Food Service,Canada,10,3.99
2023-07-29,SKU-009,Sparkling Water 6pk,Beverages,San Pellegrino,FreshMart Downtown,Toronto,Ontario,Sysco Canada,Canada,19,11.69
2024-04-21,SKU-012,Frozen Edamame 400g,Frozen,President's Choice,Metro Fresh,Montreal,Quebec,Maple Leaf Foods,Canada,6,13.61
2025-05-10,SKU-008,Aged Cheddar 400g,Dairy,Black Diamond,GreenGrocer Midtown,Toronto,Ontario,Gordon Food Service,Canada,20,3.99
2023-03-06,SKU-008,Aged Cheddar 400g,Dairy,Black Diamond,FreshMart Westside,Vancouver,British Columbia,Lantic Inc,Canada,22,3.99
2024-06-29,SKU-013,Oat Milk 1L,Beverages,Oatly,GreenGrocer Midtown,Toronto,Ontario,Maple Leaf Foods,Canada,50,2.6
2024-01-29,SKU-009,Sparkling Water 6pk,Beverages,San Pellegrino,Metro Fresh,Montreal,Quebec,Sysco Canada,Canada,17,11.69
2024-05-24,SKU-014,Avocado each,Produce,Fresh Direct,FreshMart Downtown,Toronto,Ontario,Maple Leaf Foods,Canada,25,6.56
2024-02-12,SKU-008,Aged Cheddar 400g,Dairy,Black Diamond,GreenGrocer Midtown,Toronto,Ontario,Maple Leaf Foods,Canada,30,3.99
2025-08-26,SKU-002,Sourdough Bread 750g,Bakery,ACE Bakery,Prairie Pantry,Calgary,Alberta,Sysco Canada,Canada,25,2.57
2023-03-28,SKU-005,Greek Yogurt 500g,Dairy,Olympic,FreshMart Westside,Vancouver,British Columbia,Sysco Canada,Canada,48,18.93
2025-09-12,SKU-009,Sparkling Water 6pk,Beverages,San Pellegrino,FreshMart Downtown,Toronto,Ontario,Gordon Food Service,Canada,41,11.69
2023-08-20,SKU-006,Atlantic Salmon Fillet 400g,Seafood,Ocean Choice,FreshMart Downtown,Toronto,Ontario,Sysco Canada,Canada,16,17.55
2024-07-19,SKU-006,Atlantic Salmon Fillet 400g,Seafood,Ocean Choice,FreshMart Downtown,Toronto,Ontario,Sysco Canada,Canada,38,17.55
2023-03-28,SKU-013,Oat Milk 1L,Beverages,Oatly,GreenGrocer Midtown,Toronto,Ontario,Maple Leaf Foods,Canada,38,2.6
2023-11-14,SKU-008,Aged Cheddar 400g,Dairy,Black Diamond,FreshMart Uptown,Ottawa,Ontario,Premium Brands,Canada,24,3.99
2023-07-07,SKU-004,Cold Brew Coffee 330ml,Beverages,Pilot Coffee,GreenGrocer Midtown,Toronto,Ontario,Lantic Inc,Canada,44,7.12
2023-05-03,SKU-015,Rotisserie Chicken,Deli,In-store,FreshMart Uptown,Ottawa,Ontario,Maple Leaf Foods,Canada,23,16.94
2023-09-15,SKU-012,Frozen Edamame 400g,Frozen,President's Choice,Prairie Pantry,Calgary,Alberta,Maple Leaf Foods,Canada,32,13.61
2025-06-17,SKU-009,Sparkling Water 6pk,Beverages,San Pellegrino,FreshMart Uptown,Ottawa,Ontario,Gordon Food Service,Canada,47,11.69
2023-10-03,SKU-012,Frozen Edamame 400g,Frozen,President's Choice,Metro Fresh,Montreal,Quebec,Gordon Food Service,Canada,17,13.61
2024-08-26,SKU-008,Aged Cheddar 400g,Dairy,Black Diamond,FreshMart Uptown,Ottawa,Ontario,Lantic Inc,Canada,35,3.99
2024-12-13,SKU-004,Cold Brew Coffee 330ml,Beverages,Pilot Coffee,Prairie Pantry,Calgary,Alberta,Sysco Canada,Canada,21,7.12
2023-11-25,SKU-005,Greek Yogurt 500g,Dairy,Olympic,Prairie Pantry,Calgary,Alberta,Premium Brands,Canada,5,18.93
2025-01-21,SKU-008,Aged Cheddar 400g,Dairy,Black Diamond,FreshMart Westside,Vancouver,British Columbia,Gordon Food Service,Canada,30,3.99
2024-01-15,SKU-011,Almond Butter 500g,Pantry,Maranatha,Prairie Pantry,Calgary,Alberta,Lantic Inc,Canada,2,-7.02
2025-03-04,SKU-004,Cold Brew Coffee 330ml,Beverages,Pilot Coffee,FreshMart Westside,Vancouver,British Columbia,Maple Leaf Foods,Canada,13,7.12
2024-08-02,SKU-008,Aged Cheddar 400g,Dairy,Black Diamond,Prairie Pantry,Calgary,Alberta,Sysco Canada,Canada,21,3.99
2025-12-07,SKU-006,Atlantic Salmon Fillet 400g,Seafood,Ocean Choice,FreshMart Downtown,Toronto,Ontario,Maple Leaf Foods,Canada,43,17.55
2023-03-06,SKU-014,Avocado each,Produce,Fresh Direct,GreenGrocer Midtown,Toronto,Ontario,Sysco Canada,Canada,13,6.56
2025-03-06,SKU-004,Cold Brew Coffee 330ml,Beverages,Pilot Coffee,FreshMart Downtown,Toronto,Ontario,Maple Leaf Foods,Canada,43,7.12
2024-06-08,SKU-010,Dark Chocolate 85g,Snacks,Lindt,FreshMart Uptown,Ottawa,Ontario,Premium Brands,Canada,4,2.68
2023-01-27,SKU-010,Dark Chocolate 85g,Snacks,Lindt,FreshMart Uptown,Ottawa,Ontario,Maple Leaf Foods,Canada,14,2.68
2023-05-05,SKU-015,Rotisserie Chicken,Deli,In-store,FreshMart Downtown,Toronto,Ontario,Lantic Inc,Canada,24,16.94
2023-04-30,SKU-015,Rotisserie Chicken,Deli,In-store,Metro Fresh,Montreal,Quebec,Gordon Food Service,Canada,40,16.94
2024-09-14,SKU-001,Organic Whole Milk 2L,Dairy,Natrel,FreshMart Uptown,Ottawa,Ontario,Maple Leaf Foods,Canada,5,16.7
2024-04-18,SKU-009,Sparkling Water 6pk,Beverages,San Pellegrino,FreshMart Downtown,Toronto,Ontario,Maple Leaf Foods,Canada,35,11.69
2024-01-02,SKU-004,Cold Brew Coffee 330ml,Beverages,Pilot Coffee,Prairie Pantry,Calgary,Alberta,Sysco Canada,Canada,36,7.12
2025-01-03,SKU-007,Baby Spinach 142g,Produce,Earthbound Farm,FreshMart Uptown,Ottawa,Ontario,Maple Leaf Foods,Canada,44,22.51
2023-12-08,SKU-011,Almond Butter 500g,Pantry,Maranatha,Metro Fresh,Montreal,Quebec,Maple Leaf Foods,Canada,12,7.02
2025-12-29,SKU-009,Sparkling Water 6pk,Beverages,San Pellegrino,FreshMart Westside,Vancouver,British Columbia,Sysco Canada,Canada,39,11.69
2024-10-26,SKU-006,Atlantic Salmon Fillet 400g,Seafood,Ocean Choice,FreshMart Westside,Vancouver,British Columbia,Premium Brands,Canada,24,17.55
2024-05-07,SKU-011,Almond Butter 500g,Pantry,Maranatha,Metro Fresh,Montreal,Quebec,Gordon Food Service,Canada,37,7.02
2025-01-07,SKU-007,Baby Spinach 142g,Produce,Earthbound Farm,Prairie Pantry,Calgary,Alberta,Gordon Food Service,Canada,29,22.51
2024-08-05,SKU-007,Baby Spinach 142g,Produce,Earthbound Farm,FreshMart Downtown,Toronto,Ontario,Maple Leaf Foods,Canada,39,22.51
2024-09-07,SKU-003,Free Range Eggs 12pk,Dairy,Burnbrae Farms,FreshMart Westside,Vancouver,British Columbia,Maple Leaf Foods,Canada,-6,8.32
2025-11-13,SKU-014,Avocado each,Produce,Fresh Direct,FreshMart Uptown,Ottawa,Ontario,Gordon Food Service,Canada,-2,6.56
2024-06-26,SKU-006,Atlantic Salmon Fillet 400g,Seafood,Ocean Choice,GreenGrocer Midtown,Toronto,Ontario,Sysco Canada,Canada,24,17.55
2024-09-07,SKU-004,Cold Brew Coffee 330ml,Beverages,Pilot Coffee,GreenGrocer Midtown,Toronto,Ontario,Gordon Food Service,Canada,6,7.12
2024-10-26,SKU-010,Dark Chocolate 85g,Snacks,Lindt,GreenGrocer Midtown,Toronto,Ontario,Maple Leaf Foods,Canada,31,2.68
2023-07-15,SKU-014,Avocado each,Produce,Fresh Direct,FreshMart Uptown,Ottawa,Ontario,Premium Brands,Canada,39,6.56
2025-02-20,SKU-001,Organic Whole Milk 2L,Dairy,Natrel,FreshMart Uptown,Ottawa,Ontario,Premium Brands,Canada,6,16.7
2025-06-08,SKU-015,Rotisserie Chicken,Deli,In-store,FreshMart Westside,Vancouver,British Columbia,Gordon Food Service,Canada,27,16.94
2023-01-24,SKU-002,Sourdough Bread 750g,Bakery,ACE Bakery,GreenGrocer Midtown,Toronto,Ontario,Premium Brands,Canada,41,2.57
2025-12-09,SKU-007,Baby Spinach 142g,Produce,Earthbound Farm,FreshMart Downtown,Toronto,Ontario,Gordon Food Service,Canada,3,22.51
2025-10-25,SKU-010,Dark Chocolate 85g,Snacks,Lindt,GreenGrocer Midtown,Toronto,Ontario,Gordon Food Service,Canada,45,2.68
2025-07-01,SKU-001,Organic Whole Milk 2L,Dairy,Natrel,FreshMart Uptown,Ottawa,Ontario,Lantic Inc,Canada,49,16.7
2025-06-03,SKU-009,Sparkling Water 6pk,Beverages,San Pellegrino,FreshMart Downtown,Toronto,Ontario,Sysco Canada,Canada,19,11.69
2023-06-19,SKU-003,Free Range Eggs 12pk,Dairy,Burnbrae Farms,GreenGrocer Midtown,Toronto,Ontario,Gordon Food Service,Canada,31,8.32
2024-06-21,SKU-001,Organic Whole Milk 2L,Dairy,Natrel,Prairie Pantry,Calgary,Alberta,Lantic Inc,Canada,6,16.7
2023-10-04,SKU-007,Baby Spinach 142g,Produce,Earthbound Farm,FreshMart Uptown,Ottawa,Ontario,Sysco Canada,Canada,31,22.51
2024-02-06,SKU-008,Aged Cheddar 400g,Dairy,Black Diamond,Metro Fresh,Montreal,Quebec,Premium Brands,Canada,36,3.99
2024-05-11,SKU-012,Frozen Edamame 400g,Frozen,President's Choice,Prairie Pantry,Calgary,Alberta,Sysco Canada,Canada,5,13.61
2023-07-03,SKU-007,Baby Spinach 142g,Produce,Earthbound Farm,FreshMart Westside,Vancouver,British Columbia,Premium Brands,Canada,8,22.51
2024-01-26,SKU-007,Baby Spinach 142g,Produce,Earthbound Farm,FreshMart Westside,Vancouver,British Columbia,Gordon Food Service,Canada,21,22.51
2023-12-13,SKU-011,Almond Butter 500g,Pantry,Maranatha,FreshMart Downtown,Toronto,Ontario,Gordon Food Service,Canada,23,7.02
2023-10-26,SKU-013,Oat Milk 1L,Beverages,Oatly,Metro Fresh,Montreal,Quebec,Premium Brands,Canada,29,2.6
2025-02-04,SKU-014,Avocado each,Produce,Fresh Direct,GreenGrocer Midtown,Toronto,Ontario,Sysco Canada,Canada,10,6.56
2023-04-22,SKU-014,Avocado each,Produce,Fresh Direct,FreshMart Downtown,Toronto,Ontario,Maple Leaf Foods,Canada,16,6.56
2023-01-29,SKU-015,Rotisserie Chicken,Deli,In-store,GreenGrocer Midtown,Toronto,Ontario,Gordon Food Service,Canada,22,16.94
2025-08-22,SKU-002,Sourdough Bread 750g,Bakery,ACE Bakery,FreshMart Westside,Vancouver,British Columbia,Lantic Inc,Canada,2,2.57
2024-02-22,SKU-012,Frozen Edamame 400g,Frozen,President's Choice,Prairie Pantry,Calgary,Alberta,Sysco Canada,Canada,35,13.61
2023-10-17,SKU-005,Greek Yogurt 500g,Dairy,Olympic,Prairie Pantry,Calgary,Alberta,Lantic Inc,Canada,45,18.93
2025-12-14,SKU-001,Organic Whole Milk 2L,Dairy,Natrel,Metro Fresh,Montreal,Quebec,Premium Brands,Canada,3,16.7
2024-07-09,SKU-001,Organic Whole Milk 2L,Dairy,Natrel,FreshMart Westside,Vancouver,British Columbia,Sysco Canada,Canada,4,16.7
2024-07-09,SKU-001,Organic Whole Milk 2L,Dairy,Natrel,FreshMart Downtown,Toronto,Ontario,Lantic Inc,Canada,43,16.7
2023-02-09,SKU-011,Almond Butter 500g,Pantry,Maranatha,FreshMart Westside,Vancouver,British Columbia,Maple Leaf Foods,Canada,19,7.02
2025-02-18,SKU-011,Almond Butter 500g,Pantry,Maranatha,Metro Fresh,Montreal,Quebec,Sysco Canada,Canada,33,7.02
2025-12-24,SKU-002,Sourdough Bread 750g,Bakery,ACE Bakery,FreshMart Westside,Vancouver,British Columbia,Lantic Inc,Canada,6,2.57
2023-02-14,SKU-009,Sparkling Water 6pk,Beverages,San Pellegrino,Metro Fresh,Montreal,Quebec,Premium Brands,Canada,3,11.69
2025-09-30,SKU-009,Sparkling Water 6pk,Beverages,San Pellegrino,FreshMart Westside,Vancouver,British Columbia,Gordon Food Service,Canada,26,11.69
2024-12-28,SKU-001,Organic Whole Milk 2L,Dairy,Natrel,FreshMart Westside,Vancouver,British Columbia,Gordon Food Service,Canada,41,16.7
2024-06-11,SKU-009,Sparkling Water 6pk,Beverages,San Pellegrino,FreshMart Westside,Vancouver,British Columbia,Maple Leaf Foods,Canada,25,11.69
2024-07-27,SKU-014,Avocado each,Produce,Fresh Direct,FreshMart Downtown,Toronto,Ontario,Premium Brands,Canada,15,6.56
2023-06-29,SKU-015,Rotisserie Chicken,Deli,In-store,Metro Fresh,Montreal,Quebec,Sysco Canada,Canada,47,16.94
2025-05-04,SKU-011,Almond Butter 500g,Pantry,Maranatha,Prairie Pantry,Calgary,Alberta,Sysco Canada,Canada,16,7.02
2024-11-05,SKU-007,Baby Spinach 142g,Produce,Earthbound Farm,FreshMart Westside,Vancouver,British Columbia,Premium Brands,Canada,29,22.51
2024-02-19,SKU-004,Cold Brew Coffee 330ml,Beverages,Pilot Coffee,FreshMart Uptown,Ottawa,Ontario,Sysco Canada,Canada,9,7.12
2025-05-30,SKU-012,Frozen Edamame 400g,Frozen,President's Choice,Prairie Pantry,Calgary,Alberta,Sysco Canada,Canada,50,13.61
2024-10-12,SKU-015,Rotisserie Chicken,Deli,In-store,Prairie Pantry,Calgary,Alberta,Sysco Canada,Canada,5,16.94
2024-10-12,SKU-012,Frozen Edamame 400g,Frozen,President's Choice,FreshMart Downtown,Toronto,Ontario,Sysco Canada,Canada,10,13.61
2025-04-22,SKU-013,Oat Milk 1L,Beverages,Oatly,FreshMart Westside,Vancouver,British Columbia,Lantic Inc,Canada,20,2.6
2023-11-08,SKU-015,Rotisserie Chicken,Deli,In-store,FreshMart Uptown,Ottawa,Ontario,Gordon Food Service,Canada,50,16.94
2024-06-30,SKU-003,Free Range Eggs 12pk,Dairy,Burnbrae Farms,GreenGrocer Midtown,Toronto,Ontario,Maple Leaf Foods,Canada,39,8.32
2024-04-17,SKU-004,Cold Brew Coffee 330ml,Beverages,Pilot Coffee,Prairie Pantry,Calgary,Alberta,Sysco Canada,Canada,44,7.12
2023-10-02,,Sourdough Bread 750g,Bakery,ACE Bakery,FreshMart Uptown,Ottawa,Ontario,Lantic Inc,Canada,33,2.57
2025-10-03,SKU-006,Atlantic Salmon Fillet 400g,Seafood,Ocean Choice,GreenGrocer Midtown,Toronto,Ontario,Lantic Inc,Canada,31,17.55
2025-04-16,SKU-004,Cold Brew Coffee 330ml,Beverages,Pilot Coffee,GreenGrocer Midtown,Toronto,Ontario,Maple Leaf Foods,Canada,49,7.12
2024-03-31,SKU-015,Rotisserie Chicken,Deli,In-store,FreshMart Westside,Vancouver,British Columbia,Lantic Inc,Canada,48,16.94
2023-12-29,SKU-004,Cold Brew Coffee 330ml,Beverages,Pilot Coffee,GreenGrocer Midtown,Toronto,Ontario,Maple Leaf Foods,Canada,29,7.12
2025-07-26,SKU-008,Aged Cheddar 400g,Dairy,Black Diamond,FreshMart Uptown,Ottawa,Ontario,Gordon Food Service,Canada,16,3.99
2025-02-18,SKU-013,Oat Milk 1L,Beverages,Oatly,FreshMart Downtown,Toronto,Ontario,Premium Brands,Canada,47,2.6
2025-12-11,SKU-010,Dark Chocolate 85g,Snacks,Lindt,FreshMart Uptown,Ottawa,Ontario,Premium Brands,Canada,42,2.68
2023-08-12,SKU-013,Oat Milk 1L,Beverages,Oatly,FreshMart Downtown,Toronto,Ontario,Premium Brands,Canada,29,2.6
2025-11-28,SKU-015,Rotisserie Chicken,Deli,In-store,FreshMart Downtown,Toronto,Ontario,Sysco Canada,Canada,35,16.94
2025-03-04,SKU-012,Frozen Edamame 400g,Frozen,President's Choice,FreshMart Downtown,Toronto,Ontario,Premium Brands,Canada,34,13.61
2025-06-19,SKU-001,Organic Whole Milk 2L,Dairy,Natrel,GreenGrocer Midtown,Toronto,Ontario,Gordon Food Service,Canada,26,16.7
2023-12-07,SKU-013,Oat Milk 1L,Beverages,Oatly,FreshMart Westside,Vancouver,British Columbia,Lantic Inc,Canada,28,2.6
2023-10-19,SKU-015,Rotisserie Chicken,Deli,In-store,FreshMart Downtown,Toronto,Ontario,Premium Brands,Canada,30,16.94
2023-08-20,SKU-008,Aged Cheddar 400g,Dairy,Black Diamond,FreshMart Downtown,Toronto,Ontario,Premium Brands,Canada,12,3.99
2023-10-05,SKU-015,Rotisserie Chicken,Deli,In-store,FreshMart Uptown,Ottawa,Ontario,Premium Brands,Canada,26,16.94
2025-07-18,SKU-008,Aged Cheddar 400g,Dairy,Black Diamond,FreshMart Downtown,Toronto,Ontario,Sysco Canada,Canada,38,3.99
2023-07-04,SKU-015,Rotisserie Chicken,Deli,In-store,GreenGrocer Midtown,Toronto,Ontario,Lantic Inc,Canada,17,16.94
2023-09-11,SKU-011,Almond Butter 500g,Pantry,Maranatha,FreshMart Uptown,Ottawa,Ontario,Sysco Canada,Canada,6,7.02
2023-06-24,SKU-008,Aged Cheddar 400g,Dairy,Black Diamond,FreshMart Uptown,Ottawa,Ontario,Gordon Food Service,Canada,34,3.99
2023-11-24,SKU-012,Frozen Edamame 400g,Frozen,President's Choice,Prairie Pantry,Calgary,Alberta,Premium Brands,Canada,25,13.61
2023-11-04,SKU-001,Organic Whole Milk 2L,Dairy,Natrel,GreenGrocer Midtown,Toronto,Ontario,Gordon Food Service,Canada,11,16.7
2025-05-09,SKU-003,Free Range Eggs 12pk,Dairy,Burnbrae Farms,FreshMart Uptown,Ottawa,Ontario,Maple Leaf Foods,Canada,20,8.32
2024-01-06,SKU-013,Oat Milk 1L,Beverages,Oatly,Metro Fresh,Montreal,Quebec,Gordon Food Service,Canada,8,2.6
2024-06-02,SKU-004,Cold Brew Coffee 330ml,Beverages,Pilot Coffee,FreshMart Downtown,Toronto,Ontario,Premium Brands,Canada,1,7.12
2023-01-12,SKU-014,Avocado each,Produce,Fresh Direct,Metro Fresh,Montreal,Quebec,Premium Brands,Canada,39,6.56
2025-09-01,SKU-004,Cold Brew Coffee 330ml,Beverages,Pilot Coffee,GreenGrocer Midtown,Toronto,Ontario,Premium Brands,Canada,30,7.12
2023-01-14,SKU-002,Sourdough Bread 750g,Bakery,ACE Bakery,Prairie Pantry,Calgary,Alberta,Premium Brands,Canada,16,2.57
2024-03-01,SKU-005,Greek Yogurt 500g,Dairy,Olympic,Prairie Pantry,Calgary,Alberta,Premium Brands,Canada,4,18.93
2023-03-17,SKU-001,Organic Whole Milk 2L,Dairy,Natrel,FreshMart Uptown,Ottawa,Ontario,Gordon Food Service,Canada,10,16.7
2024-09-03,SKU-011,Almond Butter 500g,Pantry,Maranatha,Prairie Pantry,Calgary,Alberta,Premium Brands,Canada,22,7.02
2024-01-01,SKU-001,Organic Whole Milk 2L,Dairy,Natrel,FreshMart Downtown,Toronto,Ontario,Lantic Inc,Canada,11,16.7
2023-12-30,SKU-010,Dark Chocolate 85g,Snacks,Lindt,FreshMart Uptown,Ottawa,Ontario,Premium Brands,Canada,30,2.68
2024-09-04,SKU-006,Atlantic Salmon Fillet 400g,Seafood,Ocean Choice,FreshMart Downtown,Toronto,Ontario,Maple Leaf Foods,Canada,21,17.55
2023-05-13,SKU-007,Baby Spinach 142g,Produce,Earthbound Farm,FreshMart Downtown,Toronto,Ontario,Lantic Inc,Canada,19,22.51
2024-11-05,SKU-002,Sourdough Bread 750g,Bakery,ACE Bakery,FreshMart Uptown,Ottawa,Ontario,Gordon Food Service,Canada,34,2.57
2023-04-30,SKU-004,Cold Brew Coffee 330ml,Beverages,Pilot Coffee,FreshMart Uptown,Ottawa,Ontario,Sysco Canada,Canada,7,7.12
2025-09-17,SKU-011,Almond Butter 500g,Pantry,Maranatha,Prairie Pantry,Calgary,Alberta,Maple Leaf Foods,Canada,47,7.02
2025-05-24,SKU-015,Rotisserie Chicken,Deli,In-store,FreshMart Uptown,Ottawa,Ontario,Gordon Food Service,Canada,39,16.94
2024-12-25,SKU-005,Greek Yogurt 500g,Dairy,Olympic,Prairie Pantry,Calgary,Alberta,Premium Brands,Canada,9,18.93
2025-10-05,SKU-008,Aged Cheddar 400g,Dairy,Black Diamond,Prairie Pantry,Calgary,Alberta,Lantic Inc,Canada,12,3.99
2024-02-01,SKU-004,Cold Brew Coffee 330ml,Beverages,Pilot Coffee,FreshMart Uptown,Ottawa,Ontario,Gordon Food Service,Canada,1,7.12
2024-02-29,SKU-008,Aged Cheddar 400g,Dairy,Black Diamond,FreshMart Uptown,Ottawa,Ontario,Maple Leaf Foods,Canada,40,3.99
2024-12-17,SKU-007,Baby Spinach 142g,Produce,Earthbound Farm,FreshMart Downtown,Toronto,Ontario,Gordon Food Service,Canada,36,22.51
2024-07-30,SKU-004,Cold Brew Coffee 330ml,Beverages,Pilot Coffee,FreshMart Downtown,Toronto,Ontario,Sysco Canada,Canada,17,7.12
2024-10-25,SKU-005,Greek Yogurt 500g,Dairy,Olympic,FreshMart Westside,Vancouver,British Columbia,Premium Brands,Canada,50,18.93
not-a-date,SKU-011,Almond Butter 500g,Pantry,Maranatha,FreshMart Westside,Vancouver,British Columbia,Gordon Food Service,Canada,47,7.02
2025-09-08,SKU-004,Cold Brew Coffee 330ml,Beverages,Pilot Coffee,FreshMart Westside,Vancouver,British Columbia,Gordon Food Service,Canada,31,7.12
2023-11-15,SKU-011,Almond Butter 500g,Pantry,Maranatha,GreenGrocer Midtown,Toronto,Ontario,Lantic Inc,Canada,41,7.02
2025-08-05,SKU-014,Avocado each,Produce,Fresh Direct,Prairie Pantry,Calgary,Alberta,Gordon Food Service,Canada,27,6.56
2024-10-08,SKU-001,Organic Whole Milk 2L,Dairy,Natrel,Prairie Pantry,Calgary,Alberta,Gordon Food Service,Canada,36,16.7
2024-12-25,SKU-004,Cold Brew Coffee 330ml,Beverages,Pilot Coffee,Prairie Pantry,Calgary,Alberta,Gordon Food Service,Canada,5,7.12
2025-02-07,SKU-005,Greek Yogurt 500g,Dairy,Olympic,FreshMart Downtown,Toronto,Ontario,Gordon Food Service,Canada,41,18.93
2025-03-08,SKU-003,Free Range Eggs 12pk,Dairy,Burnbrae Farms,Prairie Pantry,Calgary,Alberta,Premium Brands,Canada,12,8.32
2023-03-06,SKU-014,Avocado each,Produce,Fresh Direct,FreshMart Westside,Vancouver,British Columbia,Gordon Food Service,Canada,18,6.56
2025-07-14,SKU-008,Aged Cheddar 400g,Dairy,Black Diamond,GreenGrocer Midtown,Toronto,Ontario,Gordon Food Service,Canada,20,3.99
2025-02-05,SKU-005,Greek Yogurt 500g,Dairy,Olympic,GreenGrocer Midtown,Toronto,Ontario,Maple Leaf Foods,Canada,3,18.93
2025-11-02,SKU-015,Rotisserie Chicken,Deli,In-store,FreshMart Downtown,Toronto,Ontario,Lantic Inc,Canada,2,16.94
2024-01-25,SKU-015,Rotisserie Chicken,Deli,In-store,Prairie Pantry,Calgary,Alberta,Sysco Canada,Canada,22,16.94
2024-11-01,SKU-012,Frozen Edamame 400g,Frozen,President's Choice,Prairie Pantry,Calgary,Alberta,Gordon Food Service,Canada,10,13.61
2024-02-25,SKU-002,Sourdough Bread 750g,Bakery,ACE Bakery,Prairie Pantry,Calgary,Alberta,Sysco Canada,Canada,47,2.57
2023-08-26,SKU-007,Baby Spinach 142g,Produce,Earthbound Farm,FreshMart Uptown,Ottawa,Ontario,Premium Brands,Canada,1,22.51
2023-06-28,SKU-001,Organic Whole Milk 2L,Dairy,Natrel,FreshMart Uptown,Ottawa,Ontario,Premium Brands,Canada,22,16.7
2024-10-01,SKU-001,Organic Whole Milk 2L,Dairy,Natrel,FreshMart Downtown,Toronto,Ontario,Premium Brands,Canada,2,16.7
2024-10-19,SKU-005,Greek Yogurt 500g,Dairy,Olympic,FreshMart Uptown,Ottawa,Ontario,Sysco Canada,Canada,13,18.93
2025-06-22,SKU-005,Greek Yogurt 500g,Dairy,Olympic,Prairie Pantry,Calgary,Alberta,Gordon Food Service,Canada,43,18.93
2023-08-23,SKU-003,Free Range Eggs 12pk,Dairy,Burnbrae Farms,GreenGrocer Midtown,Toronto,Ontario,Gordon Food Service,Canada,1,8.32
2024-02-28,SKU-009,Sparkling Water 6pk,Beverages,San Pellegrino,Prairie Pantry,Calgary,Alberta,Maple Leaf Foods,Canada,35,11.69
2024-08-03,SKU-006,Atlantic Salmon Fillet 400g,Seafood,Ocean Choice,FreshMart Westside,Vancouver,British Columbia,Sysco Canada,Canada,37,17.55
2024-11-24,SKU-002,Sourdough Bread 750g,Bakery,ACE Bakery,FreshMart Westside,Vancouver,British Columbia,Premium Brands,Canada,35,2.57
2023-04-14,SKU-003,Free Range Eggs 12pk,Dairy,Burnbrae Farms,FreshMart Downtown,Toronto,Ontario,Lantic Inc,Canada,7,8.32
2024-01-02,SKU-002,Sourdough Bread 750g,Bakery,ACE Bakery,Metro Fresh,Montreal,Quebec,Lantic Inc,Canada,46,2.57
2024-12-29,SKU-010,Dark Chocolate 85g,Snacks,Lindt,FreshMart Uptown,Ottawa,Ontario,Lantic Inc,Canada,20,2.68
2023-06-10,SKU-004,Cold Brew Coffee 330ml,Beverages,Pilot Coffee,FreshMart Uptown,Ottawa,Ontario,Premium Brands,Canada,49,7.12
2025-08-17,SKU-010,Dark Chocolate 85g,Snacks,Lindt,GreenGrocer Midtown,Toronto,Ontario,Maple Leaf Foods,Canada,7,2.68
2025-08-21,SKU-011,Almond Butter 500g,Pantry,Maranatha,FreshMart Uptown,Ottawa,Ontario,Lantic Inc,Canada,15,7.02
2025-01-14,SKU-003,Free Range Eggs 12pk,Dairy,Burnbrae Farms,Prairie Pantry,Calgary,Alberta,Gordon Food Service,Canada,26,8.32
2024-10-27,SKU-015,Rotisserie Chicken,Deli,In-store,FreshMart Uptown,Ottawa,Ontario,Gordon Food Service,Canada,30,16.94
2024-12-20,SKU-002,Sourdough Bread 750g,Bakery,ACE Bakery,Metro Fresh,Montreal,Quebec,Maple Leaf Foods,Canada,31,2.57
2023-09-18,SKU-003,Free Range Eggs 12pk,Dairy,Burnbrae Farms,FreshMart Westside,Vancouver,British Columbia,Gordon Food Service,Canada,33,8.32
2024-10-29,SKU-014,Avocado each,Produce,Fresh Direct,FreshMart Uptown,Ottawa,Ontario,Maple Leaf Foods,Canada,36,6.56
2025-08-02,SKU-013,Oat Milk 1L,Beverages,Oatly,FreshMart Westside,Vancouver,British Columbia,Premium Brands,Canada,26,2.6
2023-11-22,SKU-004,Cold Brew Coffee 330ml,Beverages,Pilot Coffee,Prairie Pantry,Calgary,Alberta,Sysco Canada,Canada,31,7.12
2025-06-01,SKU-006,Atlantic Salmon Fillet 400g,Seafood,Ocean Choice,GreenGrocer Midtown,Toronto,Ontario,Premium Brands,Canada,28,17.55
2023-12-21,SKU-006,Atlantic Salmon Fillet 400g,Seafood,Ocean Choice,Prairie Pantry,Calgary,Alberta,Sysco Canada,Canada,43,17.55
2025-09-23,SKU-012,Frozen Edamame 400g,Frozen,President's Choice,FreshMart Uptown,Ottawa,Ontario,Premium Brands,Canada,8,13.61
2023-07-19,SKU-008,Aged Cheddar 400g,Dairy,Black Diamond,FreshMart Westside,Vancouver,British Columbia,Premium Brands,Canada,29,3.99
2023-08-11,SKU-007,Baby Spinach 142g,Produce,Earthbound Farm,FreshMart Downtown,Toronto,Ontario,Premium Brands,Canada,44,22.51
2025-10-09,SKU-013,Oat Milk 1L,Beverages,Oatly,Metro Fresh,Montreal,Quebec,Gordon Food Service,Canada,42,2.6
2023-01-01,SKU-002,Sourdough Bread 750g,Bakery,ACE Bakery,GreenGrocer Midtown,Toronto,Ontario,Sysco Canada,Canada,49,2.57
2024-08-19,SKU-003,Free Range Eggs 12pk,Dairy,Burnbrae Farms,Metro Fresh,Montreal,Quebec,Premium Brands,Canada,25,8.32
2024-10-10,SKU-008,Aged Cheddar 400g,Dairy,Black Diamond,GreenGrocer Midtown,Toronto,Ontario,Sysco Canada,Canada,20,3.99
2025-06-09,SKU-015,Rotisserie Chicken,Deli,In-store,FreshMart Uptown,Ottawa,Ontario,Gordon Food Service,Canada,46,16.94
2023-01-17,SKU-006,Atlantic Salmon Fillet 400g,Seafood,Ocean Choice,FreshMart Downtown,Toronto,Ontario,Premium Brands,Canada,40,17.55
2023-05-08,SKU-007,Baby Spinach 142g,Produce,Earthbound Farm,GreenGrocer Midtown,Toronto,Ontario,Gordon Food Service,Canada,24,22.51
2025-01-05,SKU-001,Organic Whole Milk 2L,Dairy,Natrel,FreshMart Downtown,Toronto,Ontario,Premium Brands,Canada,8,16.7
2025-06-03,SKU-014,Avocado each,Produce,Fresh Direct,FreshMart Downtown,Toronto,Ontario,Sysco Canada,Canada,45,6.56
2025-04-11,SKU-011,Almond Butter 500g,Pantry,Maranatha,FreshMart Westside,Vancouver,British Columbia,Lantic Inc,Canada,25,7.02
2025-08-30,SKU-004,Cold Brew Coffee 330ml,Beverages,Pilot Coffee,FreshMart Uptown,Ottawa,Ontario,Sysco Canada,Canada,9,7.12
2023-11-12,SKU-007,Baby Spinach 142g,Produce,Earthbound Farm,FreshMart Westside,Vancouver,British Columbia,Lantic Inc,Canada,19,22.51
2023-01-24,SKU-011,Almond Butter 500g,Pantry,Maranatha,GreenGrocer Midtown,Toronto,Ontario,Sysco Canada,Canada,5,7.02
2025-06-13,SKU-003,Free Range Eggs 12pk,Dairy,Burnbrae Farms,FreshMart Uptown,Ottawa,Ontario,Lantic Inc,Canada,9,8.32
2025-05-21,SKU-011,Almond Butter 500g,Pantry,Maranatha,Metro Fresh,Montreal,Quebec,Lantic Inc,Canada,40,7.02
2025-07-10,SKU-009,Sparkling Water 6pk,Beverages,San Pellegrino,Metro Fresh,Montreal,Quebec,Premium Brands,Canada,25,11.69
2023-01-16,SKU-003,Free Range Eggs 12pk,Dairy,Burnbrae Farms,Metro Fresh,Montreal,Quebec,Premium Brands,Canada,37,8.32
2024-07-05,SKU-012,Frozen Edamame 400g,Frozen,President's Choice,GreenGrocer Midtown,Toronto,Ontario,Premium Brands,Canada,27,13.61
2023-03-19,SKU-010,Dark Chocolate 85g,Snacks,Lindt,FreshMart Westside,Vancouver,British Columbia,Maple Leaf Foods,Canada,37,2.68
2025-09-13,SKU-006,Atlantic Salmon Fillet 400g,Seafood,Ocean Choice,FreshMart Downtown,Toronto,Ontario,Premium Brands,Canada,45,17.55
2024-07-26,SKU-012,Frozen Edamame 400g,Frozen,President's Choice,FreshMart Uptown,Ottawa,Ontario,Premium Brands,Canada,30,13.61
2024-05-17,SKU-009,Sparkling Water 6pk,Beverages,San Pellegrino,Prairie Pantry,Calgary,Alberta,Maple Leaf Foods,Canada,31,11.69
2024-10-01,SKU-011,Almond Butter 500g,Pantry,Maranatha,FreshMart Uptown,Ottawa,Ontario,Maple Leaf Foods,Canada,40,7.02
2025-08-18,SKU-006,Atlantic Salmon Fillet 400g,Seafood,Ocean Choice,Prairie Pantry,Calgary,Alberta,Maple Leaf Foods,Canada,30,17.55
2025-05-12,SKU-008,Aged Cheddar 400g,Dairy,Black Diamond,Prairie Pantry,Calgary,Alberta,Gordon Food Service,Canada,23,3.99
2023-12-10,SKU-013,Oat Milk 1L,Beverages,Oatly,FreshMart Westside,Vancouver,British Columbia,Gordon Food Service,Canada,3,2.6
2024-06-17,SKU-010,Dark Chocolate 85g,Snacks,Lindt,FreshMart Uptown,Ottawa,Ontario,Gordon Food Service,Canada,4,2.68
2023-04-16,SKU-010,Dark Chocolate 85g,Snacks,Lindt,GreenGrocer Midtown,Toronto,Ontario,Premium Brands,Canada,43,2.68
2023-02-25,SKU-013,Oat Milk 1L,Beverages,Oatly,FreshMart Uptown,Ottawa,Ontario,Premium Brands,Canada,19,2.6
2024-07-23,SKU-003,Free Range Eggs 12pk,Dairy,Burnbrae Farms,Prairie Pantry,Calgary,Alberta,Maple Leaf Foods,Canada,17,8.32
2023-01-30,SKU-005,Greek Yogurt 500g,Dairy,Olympic,FreshMart Westside,Vancouver,British Columbia,Gordon Food Service,Canada,48,18.93
2025-07-03,SKU-003,Free Range Eggs 12pk,Dairy,Burnbrae Farms,Prairie Pantry,Calgary,Alberta,Sysco Canada,Canada,24,8.32
2025-09-20,SKU-005,Greek Yogurt 500g,Dairy,Olympic,FreshMart Uptown,Ottawa,Ontario,Sysco Canada,Canada,12,18.93
2023-06-22,SKU-014,Avocado each,Produce,Fresh Direct,FreshMart Downtown,Toronto,Ontario,Gordon Food Service,Canada,10,6.56
2025-04-25,SKU-014,Avocado each,Produce,Fresh Direct,GreenGrocer Midtown,Toronto,Ontario,Lantic Inc,Canada,50,6.56
2024-03-07,SKU-011,Almond Butter 500g,Pantry,Maranatha,Metro Fresh,Montreal,Quebec,Sysco Canada,Canada,37,7.02
2023-08-26,SKU-006,Atlantic Salmon Fillet 400g,Seafood,Ocean Choice,FreshMart Downtown,Toronto,Ontario,Gordon Food Service,Canada,4,17.55
2025-09-02,SKU-007,Baby Spinach 142g,Produce,Earthbound Farm,Metro Fresh,Montreal,Quebec,Gordon Food Service,Canada,48,22.51
2025-02-16,SKU-015,Rotisserie Chicken,Deli,In-store,Prairie Pantry,Calgary,Alberta,Sysco Canada,Canada,44,16.94
2025-12-22,SKU-008,Aged Cheddar 400g,Dairy,Black Diamond,FreshMart Westside,Vancouver,British Columbia,Sysco Canada,Canada,28,3.99
not-a-date,SKU-015,Rotisserie Chicken,Deli,In-store,Metro Fresh,Montreal,Quebec,Lantic Inc,Canada,34,16.94
2025-06-03,SKU-009,Sparkling Water 6pk,Beverages,San Pellegrino,FreshMart Uptown,Ottawa,Ontario,Gordon Food Service,Canada,40,11.69
2024-07-07,SKU-014,Avocado each,Produce,Fresh Direct,FreshMart Westside,Vancouver,British Columbia,Gordon Food Service,Canada,18,6.56
2025-03-12,SKU-005,Greek Yogurt 500g,Dairy,Olympic,FreshMart Uptown,Ottawa,Ontario,Premium Brands,Canada,30,18.93
2024-02-04,SKU-012,Frozen Edamame 400g,Frozen,President's Choice,GreenGrocer Midtown,Toronto,Ontario,Premium Brands,Canada,34,13.61
2023-01-22,SKU-012,Frozen Edamame 400g,Frozen,President's Choice,GreenGrocer Midtown,Toronto,Ontario,Gordon Food Service,Canada,44,13.61
not-a-date,SKU-002,Sourdough Bread 750g,Bakery,ACE Bakery,FreshMart Downtown,Toronto,Ontario,Lantic Inc,Canada,34,2.57
2024-05-30,SKU-006,Atlantic Salmon Fillet 400g,Seafood,Ocean Choice,GreenGrocer Midtown,Toronto,Ontario,Gordon Food Service,Canada,13,17.55
2024-03-20,SKU-010,Dark Chocolate 85g,Snacks,Lindt,FreshMart Downtown,Toronto,Ontario,Maple Leaf Foods,Canada,39,2.68
2023-09-24,SKU-012,Frozen Edamame 400g,Frozen,President's Choice,FreshMart Downtown,Toronto,Ontario,Maple Leaf Foods,Canada,25,13.61
2024-01-14,SKU-015,Rotisserie Chicken,Deli,In-store,FreshMart Uptown,Ottawa,Ontario,Premium Brands,Canada,8,16.94
2023-06-05,SKU-005,Greek Yogurt 500g,Dairy,Olympic,FreshMart Westside,Vancouver,British Columbia,Lantic Inc,Canada,41,18.93
2024-06-11,SKU-005,Greek Yogurt 500g,Dairy,Olympic,Metro Fresh,Montreal,Quebec,Gordon Food Service,Canada,11,18.93
2025-03-06,SKU-005,Greek Yogurt 500g,Dairy,Olympic,FreshMart Downtown,Toronto,Ontario,Lantic Inc,Canada,22,18.93
2025-06-21,SKU-005,Greek Yogurt 500g,Dairy,Olympic,FreshMart Westside,Vancouver,British Columbia,Sysco Canada,Canada,5,18.93
2025-03-15,SKU-015,Rotisserie Chicken,Deli,In-store,GreenGrocer Midtown,Toronto,Ontario,Premium Brands,Canada,12,16.94
2025-06-02,SKU-002,Sourdough Bread 750g,Bakery,ACE Bakery,GreenGrocer Midtown,Toronto,Ontario,Premium Brands,Canada,14,2.57
2023-07-31,SKU-002,Sourdough Bread 750g,Bakery,ACE Bakery,Metro Fresh,Montreal,Quebec,Gordon Food Service,Canada,3,2.57
2025-07-02,SKU-010,Dark Chocolate 85g,Snacks,Lindt,FreshMart Uptown,Ottawa,Ontario,Gordon Food Service,Canada,2,2.68
2023-03-19,SKU-003,Free Range Eggs 12pk,Dairy,Burnbrae Farms,FreshMart Uptown,Ottawa,Ontario,Maple Leaf Foods,Canada,43,8.32
2025-03-12,SKU-003,Free Range Eggs 12pk,Dairy,Burnbrae Farms,FreshMart Uptown,Ottawa,Ontario,Gordon Food Service,Canada,37,8.32
not-a-date,SKU-012,Frozen Edamame 400g,Frozen,President's Choice,Metro Fresh,Montreal,Quebec,Lantic Inc,Canada,26,13.61
2023-09-06,SKU-001,Organic Whole Milk 2L,Dairy,Natrel,Metro Fresh,Montreal,Quebec,Lantic Inc,Canada,37,16.7
2025-03-31,SKU-006,Atlantic Salmon Fillet 400g,Seafood,Ocean Choice,FreshMart Westside,Vancouver,British Columbia,Gordon Food Service,Canada,4,17.55
2025-12-30,SKU-011,Almond Butter 500g,Pantry,Maranatha,FreshMart Downtown,Toronto,Ontario,Gordon Food Service,Canada,22,7.02
2023-12-28,SKU-008,Aged Cheddar 400g,Dairy,Black Diamond,FreshMart Westside,Vancouver,British Columbia,Sysco Canada,Canada,36,3.99
2024-09-04,SKU-007,Baby Spinach 142g,Produce,Earthbound Farm,FreshMart Uptown,Ottawa,Ontario,Sysco Canada,Canada,45,22.51
2025-09-23,SKU-002,Sourdough Bread 750g,Bakery,ACE Bakery,FreshMart Uptown,Ottawa,Ontario,Gordon Food Service,Canada,6,2.57
2023-10-14,SKU-008,Aged Cheddar 400g,Dairy,Black Diamond,FreshMart Uptown,Ottawa,Ontario,Sysco Canada,Canada,3,3.99
2025-09-28,SKU-012,Frozen Edamame 400g,Frozen,President's Choice,Prairie Pantry,Calgary,Alberta,Sysco Canada,Canada,25,13.61
2025-10-20,SKU-009,Sparkling Water 6pk,Beverages,San Pellegrino,FreshMart Uptown,Ottawa,Ontario,Gordon Food Service,Canada,35,11.69
2023-03-17,SKU-013,Oat Milk 1L,Beverages,Oatly,Metro Fresh,Montreal,Quebec,Maple Leaf Foods,Canada,22,2.6
2025-04-10,SKU-013,Oat Milk 1L,Beverages,Oatly,FreshMart Uptown,Ottawa,Ontario,Maple Leaf Foods,Canada,8,2.6
2025-07-27,SKU-011,Almond Butter 500g,Pantry,Maranatha,FreshMart Uptown,Ottawa,Ontario,Premium Brands,Canada,44,7.02
2024-04-22,SKU-009,Sparkling Water 6pk,Beverages,San Pellegrino,GreenGrocer Midtown,Toronto,Ontario,Premium Brands,Canada,5,11.69
2025-08-23,SKU-003,Free Range Eggs 12pk,Dairy,Burnbrae Farms,Metro Fresh,Montreal,Quebec,Maple Leaf Foods,Canada,40,8.32
2023-01-30,SKU-012,Frozen Edamame 400g,Frozen,President's Choice,FreshMart Uptown,Ottawa,Ontario,Sysco Canada,Canada,12,13.61
2025-07-23,SKU-015,Rotisserie Chicken,Deli,In-store,FreshMart Westside,Vancouver,British Columbia,Maple Leaf Foods,Canada,40,16.94
2023-08-22,SKU-010,Dark Chocolate 85g,Snacks,Lindt,FreshMart Downtown,Toronto,Ontario,Maple Leaf Foods,Canada,32,2.68
2024-02-20,SKU-010,Dark Chocolate 85g,Snacks,Lindt,GreenGrocer Midtown,Toronto,Ontario,Maple Leaf Foods,Canada,28,2.68
2024-10-26,SKU-014,Avocado each,Produce,Fresh Direct,FreshMart Uptown,Ottawa,Ontario,Lantic Inc,Canada,8,6.56
2024-10-20,SKU-010,Dark Chocolate 85g,Snacks,Lindt,Prairie Pantry,Calgary,Alberta,Sysco Canada,Canada,14,2.68
2023-05-10,SKU-010,Dark Chocolate 85g,Snacks,Lindt,GreenGrocer Midtown,Toronto,Ontario,Gordon Food Service,Canada,8,2.68
2025-01-27,SKU-013,Oat Milk 1L,Beverages,Oatly,Metro Fresh,Montreal,Quebec,Sysco Canada,Canada,36,2.6
2023-10-01,SKU-004,Cold Brew Coffee 330ml,Beverages,Pilot Coffee,Prairie Pantry,Calgary,Alberta,Maple Leaf Foods,Canada,7,7.12
2023-11-20,SKU-011,Almond Butter 500g,Pantry,Maranatha,Prairie Pantry,Calgary,Alberta,Lantic Inc,Canada,2,7.02
2024-01-03,SKU-002,Sourdough Bread 750g,Bakery,ACE Bakery,FreshMart Downtown,Toronto,Ontario,Maple Leaf Foods,Canada,6,2.57
2025-09-01,SKU-010,Dark Chocolate 85g,Snacks,Lindt,FreshMart Westside,Vancouver,British Columbia,Lantic Inc,Canada,45,2.68
2025-12-07,SKU-003,Free Range Eggs 12pk,Dairy,Burnbrae Farms,FreshMart Uptown,Ottawa,Ontario,Gordon Food Service,Canada,29,8.32
2024-01-04,SKU-003,Free Range Eggs 12pk,Dairy,Burnbrae Farms,Prairie Pantry,Calgary,Alberta,Maple Leaf Foods,Canada,46,8.32
2024-12-13,SKU-002,Sourdough Bread 750g,Bakery,ACE Bakery,FreshMart Uptown,Ottawa,Ontario,Gordon Food Service,Canada,27,2.57
2025-12-21,SKU-004,Cold Brew Coffee 330ml,Beverages,Pilot Coffee,GreenGrocer Midtown,Toronto,Ontario,Maple Leaf Foods,Canada,7,-7.12
2025-08-08,SKU-009,Sparkling Water 6pk,Beverages,San Pellegrino,Prairie Pantry,Calgary,Alberta,Sysco Canada,Canada,50,11.69
2024-02-01,SKU-004,Cold Brew Coffee 330ml,Beverages,Pilot Coffee,FreshMart Westside,Vancouver,British Columbia,Maple Leaf Foods,Canada,8,7.12
2023-12-28,SKU-011,Almond Butter 500g,Pantry,Maranatha,Metro Fresh,Montreal,Quebec,Lantic Inc,Canada,11,7.02
2024-08-06,SKU-001,Organic Whole Milk 2L,Dairy,Natrel,FreshMart Downtown,Toronto,Ontario,Gordon Food Service,Canada,14,16.7
2023-03-30,SKU-006,Atlantic Salmon Fillet 400g,Seafood,Ocean Choice,Prairie Pantry,Calgary,Alberta,Lantic Inc,Canada,7,17.55
2023-11-20,SKU-015,Rotisserie Chicken,Deli,In-store,Prairie Pantry,Calgary,Alberta,Sysco Canada,Canada,2,16.94
2025-06-29,SKU-002,Sourdough Bread 750g,Bakery,ACE Bakery,FreshMart Downtown,Toronto,Ontario,Sysco Canada,Canada,38,2.57
2024-04-16,SKU-007,Baby Spinach 142g,Produce,Earthbound Farm,GreenGrocer Midtown,Toronto,Ontario,Gordon Food Service,Canada,50,22.51
2025-04-24,SKU-004,Cold Brew Coffee 330ml,Beverages,Pilot Coffee,FreshMart Downtown,Toronto,Ontario,Sysco Canada,Canada,13,7.12
2025-09-19,SKU-004,Cold Brew Coffee 330ml,Beverages,Pilot Coffee,FreshMart Downtown,Toronto,Ontario,Lantic Inc,Canada,4,7.12
2025-07-20,SKU-003,Free Range Eggs 12pk,Dairy,Burnbrae Farms,GreenGrocer Midtown,Toronto,Ontario,Premium Brands,Canada,12,8.32
2025-01-04,SKU-003,Free Range Eggs 12pk,Dairy,Burnbrae Farms,Metro Fresh,Montreal,Quebec,Sysco Canada,Canada,18,8.32
2023-05-03,SKU-003,Free Range Eggs 12pk,Dairy,Burnbrae Farms,FreshMart Downtown,Toronto,Ontario,Premium Brands,Canada,18,8.32
2025-05-06,SKU-014,Avocado each,Produce,Fresh Direct,Metro Fresh,Montreal,Quebec,Lantic Inc,Canada,11,6.56
2023-11-18,SKU-004,Cold Brew Coffee 330ml,Beverages,Pilot Coffee,FreshMart Westside,Vancouver,British Columbia,Premium Brands,Canada,41,7.12
2024-04-15,SKU-015,Rotisserie Chicken,Deli,In-store,GreenGrocer Midtown,Toronto,Ontario,Premium Brands,Canada,6,16.94
2025-08-27,SKU-009,Sparkling Water 6pk,Beverages,San Pellegrino,Metro Fresh,Montreal,Quebec,Sysco Canada,Canada,30,11.69
2024-05-22,SKU-012,Frozen Edamame 400g,Frozen,President's Choice,Metro Fresh,Montreal,Quebec,Sysco Canada,Canada,21,13.61
2023-01-11,SKU-004,Cold Brew Coffee 330ml,Beverages,Pilot Coffee,Prairie Pantry,Calgary,Alberta,Sysco Canada,Canada,27,7.12
2023-03-10,SKU-001,Organic Whole Milk 2L,Dairy,Natrel,Metro Fresh,Montreal,Quebec,Premium Brands,Canada,28,16.7
2025-07-15,SKU-008,Aged Cheddar 400g,Dairy,Black Diamond,FreshMart Uptown,Ottawa,Ontario,Maple Leaf Foods,Canada,32,3.99
2024-03-22,SKU-009,Sparkling Water 6pk,Beverages,San Pellegrino,FreshMart Downtown,Toronto,Ontario,Lantic Inc,Canada,9,11.69
2023-02-02,SKU-004,Cold Brew Coffee 330ml,Beverages,Pilot Coffee,FreshMart Uptown,Ottawa,Ontario,Maple Leaf Foods,Canada,31,7.12
2023-02-19,SKU-003,Free Range Eggs 12pk,Dairy,Burnbrae Farms,FreshMart Uptown,Ottawa,Ontario,Lantic Inc,Canada,30,8.32
2024-01-14,SKU-003,Free Range Eggs 12pk,Dairy,Burnbrae Farms,FreshMart Uptown,Ottawa,Ontario,Lantic Inc,Canada,24,8.32
2023-05-25,SKU-012,Frozen Edamame 400g,Frozen,President's Choice,FreshMart Uptown,Ottawa,Ontario,Maple Leaf Foods,Canada,25,13.61
2024-08-30,SKU-006,Atlantic Salmon Fillet 400g,Seafood,Ocean Choice,Prairie Pantry,Calgary,Alberta,Maple Leaf Foods,Canada,28,17.55
2024-02-29,SKU-012,Frozen Edamame 400g,Frozen,President's Choice,Prairie Pantry,Calgary,Alberta,Premium Brands,Canada,44,13.61
2025-11-20,SKU-015,Rotisserie Chicken,Deli,In-store,FreshMart Westside,Vancouver,British Columbia,Maple Leaf Foods,Canada,44,16.94
2025-01-18,SKU-001,Organic Whole Milk 2L,Dairy,Natrel,FreshMart Downtown,Toronto,Ontario,Lantic Inc,Canada,30,16.7
2023-05-18,SKU-006,Atlantic Salmon Fillet 400g,Seafood,Ocean Choice,FreshMart Westside,Vancouver,British Columbia,Sysco Canada,Canada,36,17.55
2024-05-03,SKU-004,Cold Brew Coffee 330ml,Beverages,Pilot Coffee,GreenGrocer Midtown,Toronto,Ontario,Gordon Food Service,Canada,35,7.12
2024-03-05,SKU-008,Aged Cheddar 400g,Dairy,Black Diamond,FreshMart Uptown,Ottawa,Ontario,Premium Brands,Canada,49,3.99
2024-07-01,SKU-004,Cold Brew Coffee 330ml,Beverages,Pilot Coffee,FreshMart Westside,Vancouver,British Columbia,Gordon Food Service,Canada,33,7.12
2025-02-02,SKU-005,Greek Yogurt 500g,Dairy,Olympic,FreshMart Downtown,Toronto,Ontario,Maple Leaf Foods,Canada,23,18.93
2025-08-20,SKU-009,Sparkling Water 6pk,Beverages,San Pellegrino,Prairie Pantry,Calgary,Alberta,Maple Leaf Foods,Canada,46,11.69
2025-07-14,SKU-014,Avocado each,Produce,Fresh Direct,Prairie Pantry,Calgary,Alberta,Gordon Food Service,Canada,40,6.56
2024-01-21,SKU-011,Almond Butter 500g,Pantry,Maranatha,FreshMart Uptown,Ottawa,Ontario,Maple Leaf Foods,Canada,30,7.02
2023-06-07,SKU-007,Baby Spinach 142g,Produce,Earthbound Farm,GreenGrocer Midtown,Toronto,Ontario,Gordon Food Service,Canada,7,22.51
2025-10-13,SKU-002,Sourdough Bread 750g,Bakery,ACE Bakery,FreshMart Uptown,Ottawa,Ontario,Sysco Canada,Canada,10,2.57
2024-08-23,SKU-009,Sparkling Water 6pk,Beverages,San Pellegrino,FreshMart Uptown,Ottawa,Ontario,Maple Leaf Foods,Canada,27,11.69
2024-12-11,SKU-009,Sparkling Water 6pk,Beverages,San Pellegrino,GreenGrocer Midtown,Toronto,Ontario,Lantic Inc,Canada,27,11.69
2024-01-23,SKU-011,Almond Butter 500g,Pantry,Maranatha,FreshMart Downtown,Toronto,Ontario,Gordon Food Service,Canada,5,7.02
2024-11-18,SKU-013,Oat Milk 1L,Beverages,Oatly,GreenGrocer Midtown,Toronto,Ontario,Premium Brands,Canada,27,-2.6
2025-12-21,SKU-013,Oat Milk 1L,Beverages,Oatly,FreshMart Westside,Vancouver,British Columbia,Lantic Inc,Canada,36,2.6
2024-09-19,SKU-005,Greek Yogurt 500g,Dairy,Olympic,Prairie Pantry,Calgary,Alberta,Sysco Canada,Canada,11,18.93
2024-08-13,SKU-004,Cold Brew Coffee 330ml,Beverages,Pilot Coffee,Metro Fresh,Montreal,Quebec,Gordon Food Service,Canada,50,7.12
2025-07-22,SKU-003,Free Range Eggs 12pk,Dairy,Burnbrae Farms,FreshMart Westside,Vancouver,British Columbia,Gordon Food Service,Canada,11,8.32
2024-08-07,SKU-003,Free Range Eggs 12pk,Dairy,Burnbrae Farms,FreshMart Uptown,Ottawa,Ontario,Premium Brands,Canada,12,8.32
2023-11-27,SKU-014,Avocado each,Produce,Fresh Direct,FreshMart Uptown,Ottawa,Ontario,Sysco Canada,Canada,16,6.56
2025-06-21,SKU-006,Atlantic Salmon Fillet 400g,Seafood,Ocean Choice,Prairie Pantry,Calgary,Alberta,Sysco Canada,Canada,17,17.55
2024-10-11,SKU-004,Cold Brew Coffee 330ml,Beverages,Pilot Coffee,Prairie Pantry,Calgary,Alberta,Maple Leaf Foods,Canada,23,7.12
2025-12-28,SKU-008,Aged Cheddar 400g,Dairy,Black Diamond,Prairie Pantry,Calgary,Alberta,Sysco Canada,Canada,20,3.99
2023-10-25,SKU-001,Organic Whole Milk 2L,Dairy,Natrel,Metro Fresh,Montreal,Quebec,Lantic Inc,Canada,30,16.7
2025-11-05,SKU-003,Free Range Eggs 12pk,Dairy,Burnbrae Farms,FreshMart Downtown,Toronto,Ontario,Premium Brands,Canada,22,8.32
2023-10-29,SKU-005,Greek Yogurt 500g,Dairy,Olympic,Metro Fresh,Montreal,Quebec,Gordon Food Service,Canada,37,18.93
2023-08-19,SKU-015,Rotisserie Chicken,Deli,In-store,Metro Fresh,Montreal,Quebec,Gordon Food Service,Canada,47,16.94
2023-08-28,SKU-001,Organic Whole Milk 2L,Dairy,Natrel,GreenGrocer Midtown,Toronto,Ontario,Premium Brands,Canada,20,16.7
2025-01-01,SKU-010,Dark Chocolate 85g,Snacks,Lindt,GreenGrocer Midtown,Toronto,Ontario,Lantic Inc,Canada,6,-2.68
2025-12-14,SKU-011,Almond Butter 500g,Pantry,Maranatha,GreenGrocer Midtown,Toronto,Ontario,Premium Brands,Canada,15,7.02
2023-02-16,SKU-013,Oat Milk 1L,Beverages,Oatly,FreshMart Westside,Vancouver,British Columbia,Sysco Canada,Canada,6,2.6
2025-11-14,SKU-008,Aged Cheddar 400g,Dairy,Black Diamond,FreshMart Uptown,Ottawa,Ontario,Maple Leaf Foods,Canada,26,3.99
2025-11-13,SKU-006,Atlantic Salmon Fillet 400g,Seafood,Ocean Choice,Prairie Pantry,Calgary,Alberta,Premium Brands,Canada,4,17.55
2025-05-25,SKU-006,Atlantic Salmon Fillet 400g,Seafood,Ocean Choice,Metro Fresh,Montreal,Quebec,Sysco Canada,Canada,24,17.55
2024-12-20,SKU-001,Organic Whole Milk 2L,Dairy,Natrel,FreshMart Westside,Vancouver,British Columbia,Gordon Food Service,Canada,20,16.7
2024-03-17,SKU-014,Avocado each,Produce,Fresh Direct,Prairie Pantry,Calgary,Alberta,Maple Leaf Foods,Canada,47,6.56
2024-08-14,SKU-012,Frozen Edamame 400g,Frozen,President's Choice,Metro Fresh,Montreal,Quebec,Lantic Inc,Canada,11,13.61
2023-10-13,SKU-015,Rotisserie Chicken,Deli,In-store,Metro Fresh,Montreal,Quebec,Lantic Inc,Canada,38,16.94
2025-08-30,SKU-003,Free Range Eggs 12pk,Dairy,Burnbrae Farms,GreenGrocer Midtown,Toronto,Ontario,Gordon Food Service,Canada,34,8.32
2023-07-01,SKU-002,Sourdough Bread 750g,Bakery,ACE Bakery,Prairie Pantry,Calgary,Alberta,Lantic Inc,Canada,1,2.57
2023-12-25,SKU-015,Rotisserie Chicken,Deli,In-store,FreshMart Westside,Vancouver,British Columbia,Lantic Inc,Canada,36,16.94
2024-01-16,SKU-010,Dark Chocolate 85g,Snacks,Lindt,GreenGrocer Midtown,Toronto,Ontario,Sysco Canada,Canada,25,2.68
2024-09-14,SKU-008,Aged Cheddar 400g,Dairy,Black Diamond,FreshMart Downtown,Toronto,Ontario,Gordon Food Service,Canada,32,3.99
2023-01-06,SKU-008,Aged Cheddar 400g,Dairy,Black Diamond,GreenGrocer Midtown,Toronto,Ontario,Maple Leaf Foods,Canada,10,3.99
2023-09-12,SKU-011,Almond Butter 500g,Pantry,Maranatha,FreshMart Uptown,Ottawa,Ontario,Lantic Inc,Canada,42,7.02
2025-10-04,SKU-005,Greek Yogurt 500g,Dairy,Olympic,Metro Fresh,Montreal,Quebec,Sysco Canada,Canada,45,18.93
2025-10-06,SKU-001,Organic Whole Milk 2L,Dairy,Natrel,FreshMart Downtown,Toronto,Ontario,Gordon Food Service,Canada,5,16.7
2025-06-12,SKU-006,Atlantic Salmon Fillet 400g,Seafood,Ocean Choice,Prairie Pantry,Calgary,Alberta,Lantic Inc,Canada,17,17.55
2025-02-03,SKU-008,Aged Cheddar 400g,Dairy,Black Diamond,FreshMart Uptown,Ottawa,Ontario,Maple Leaf Foods,Canada,33,3.99
2023-04-30,SKU-001,Organic Whole Milk 2L,Dairy,Natrel,FreshMart Westside,Vancouver,British Columbia,Sysco Canada,Canada,10,16.7
2025-01-01,SKU-015,Rotisserie Chicken,Deli,In-store,FreshMart Uptown,Ottawa,Ontario,Sysco Canada,Canada,11,16.94
2023-04-10,SKU-006,Atlantic Salmon Fillet 400g,Seafood,Ocean Choice,Metro Fresh,Montreal,Quebec,Gordon Food Service,Canada,19,17.55
2024-02-01,SKU-011,Almond Butter 500g,Pantry,Maranatha,FreshMart Downtown,Toronto,Ontario,Premium Brands,Canada,50,7.02
2023-12-09,SKU-013,Oat Milk 1L,Beverages,Oatly,FreshMart Downtown,Toronto,Ontario,Premium Brands,Canada,35,2.6
2024-07-09,SKU-006,Atlantic Salmon Fillet 400g,Seafood,Ocean Choice,FreshMart Uptown,Ottawa,Ontario,Gordon Food Service,Canada,44,17.55
2024-12-21,SKU-006,Atlantic Salmon Fillet 400g,Seafood,Ocean Choice,FreshMart Downtown,Toronto,Ontario,Premium Brands,Canada,10,17.55
2025-09-20,SKU-009,Sparkling Water 6pk,Beverages,San Pellegrino,FreshMart Westside,Vancouver,British Columbia,Gordon Food Service,Canada,27,-11.69
2023-11-13,SKU-003,Free Range Eggs 12pk,Dairy,Burnbrae Farms,FreshMart Downtown,Toronto,Ontario,Sysco Canada,Canada,33,8.32
2025-12-12,SKU-004,Cold Brew Coffee 330ml,Beverages,Pilot Coffee,Prairie Pantry,Calgary,Alberta,Premium Brands,Canada,35,7.12
2025-08-01,SKU-012,Frozen Edamame 400g,Frozen,President's Choice,FreshMart Downtown,Toronto,Ontario,Lantic Inc,Canada,5,13.61
2024-12-14,SKU-003,Free Range Eggs 12pk,Dairy,Burnbrae Farms,FreshMart Downtown,Toronto,Ontario,Lantic Inc,Canada,20,8.32
2025-12-07,SKU-003,Free Range Eggs 12pk,Dairy,Burnbrae Farms,Metro Fresh,Montreal,Quebec,Premium Brands,Canada,49,8.32
2023-02-28,SKU-003,Free Range Eggs 12pk,Dairy,Burnbrae Farms,FreshMart Uptown,Ottawa,Ontario,Gordon Food Service,Canada,48,8.32
2024-04-09,SKU-004,Cold Brew Coffee 330ml,Beverages,Pilot Coffee,GreenGrocer Midtown,Toronto,Ontario,Sysco Canada,Canada,20,7.12
2023-08-17,SKU-003,Free Range Eggs 12pk,Dairy,Burnbrae Farms,FreshMart Downtown,Toronto,Ontario,Lantic Inc,Canada,5,8.32
not-a-date,SKU-008,Aged Cheddar 400g,Dairy,Black Diamond,Metro Fresh,Montreal,Quebec,Maple Leaf Foods,Canada,7,3.99
2025-08-18,SKU-009,Sparkling Water 6pk,Beverages,San Pellegrino,Prairie Pantry,Calgary,Alberta,Maple Leaf Foods,Canada,8,11.69
2023-01-22,SKU-001,Organic Whole Milk 2L,Dairy,Natrel,FreshMart Downtown,Toronto,Ontario,Gordon Food Service,Canada,49,16.7
2024-02-14,SKU-002,Sourdough Bread 750g,Bakery,ACE Bakery,Prairie Pantry,Calgary,Alberta,Sysco Canada,Canada,12,2.57
2024-07-22,SKU-001,Organic Whole Milk 2L,Dairy,Natrel,FreshMart Downtown,Toronto,Ontario,Sysco Canada,Canada,38,16.7
2024-05-10,SKU-003,Free Range Eggs 12pk,Dairy,Burnbrae Farms,Prairie Pantry,Calgary,Alberta,Premium Brands,Canada,33,8.32
2025-12-19,SKU-002,Sourdough Bread 750g,Bakery,ACE Bakery,Prairie Pantry,Calgary,Alberta,Maple Leaf Foods,Canada,14,2.57
2023-01-09,SKU-005,Greek Yogurt 500g,Dairy,Olympic,GreenGrocer Midtown,Toronto,Ontario,Premium Brands,Canada,47,18.93
2025-01-20,SKU-004,Cold Brew Coffee 330ml,Beverages,Pilot Coffee,Prairie Pantry,Calgary,Alberta,Lantic Inc,Canada,45,7.12
2024-01-06,SKU-008,Aged Cheddar 400g,Dairy,Black Diamond,FreshMart Uptown,Ottawa,Ontario,Maple Leaf Foods,Canada,23,3.99
2024-04-11,SKU-007,Baby Spinach 142g,Produce,Earthbound Farm,GreenGrocer Midtown,Toronto,Ontario,Premium Brands,Canada,27,22.51
2023-08-14,SKU-006,Atlantic Salmon Fillet 400g,Seafood,Ocean Choice,FreshMart Downtown,Toronto,Ontario,Lantic Inc,Canada,34,17.55
2023-03-25,SKU-013,Oat Milk 1L,Beverages,Oatly,FreshMart Westside,Vancouver,British Columbia,Gordon Food Service,Canada,6,2.6
2025-07-24,SKU-002,Sourdough Bread 750g,Bakery,ACE Bakery,Metro Fresh,Montreal,Quebec,Gordon Food Service,Canada,39,2.57
2025-04-14,SKU-011,Almond Butter 500g,Pantry,Maranatha,Metro Fresh,Montreal,Quebec,Sysco Canada,Canada,19,7.02
2025-09-01,SKU-007,Baby Spinach 142g,Produce,Earthbound Farm,GreenGrocer Midtown,Toronto,Ontario,Maple Leaf Foods,Canada,44,22.51
2023-08-04,SKU-001,Organic Whole Milk 2L,Dairy,Natrel,FreshMart Uptown,Ottawa,Ontario,Lantic Inc,Canada,26,16.7
2023-09-02,SKU-011,Almond Butter 500g,Pantry,Maranatha,FreshMart Uptown,Ottawa,Ontario,Maple Leaf Foods,Canada,10,7.02
2023-12-12,SKU-012,Frozen Edamame 400g,Frozen,President's Choice,Prairie Pantry,Calgary,Alberta,Maple Leaf Foods,Canada,5,13.61
2025-04-07,SKU-004,Cold Brew Coffee 330ml,Beverages,Pilot Coffee,FreshMart Westside,Vancouver,British Columbia,Sysco Canada,Canada,8,7.12
2024-07-24,SKU-007,Baby Spinach 142g,Produce,Earthbound Farm,FreshMart Uptown,Ottawa,Ontario,Lantic Inc,Canada,49,22.51
2025-03-30,SKU-010,Dark Chocolate 85g,Snacks,Lindt,Prairie Pantry,Calgary,Alberta,Gordon Food Service,Canada,23,2.68
2025-11-13,SKU-010,Dark Chocolate 85g,Snacks,Lindt,Metro Fresh,Montreal,Quebec,Lantic Inc,Canada,18,2.68
2024-05-28,SKU-008,Aged Cheddar 400g,Dairy,Black Diamond,FreshMart Downtown,Toronto,Ontario,Maple Leaf Foods,Canada,32,3.99
2023-07-23,SKU-011,Almond Butter 500g,Pantry,Maranatha,GreenGrocer Midtown,Toronto,Ontario,Maple Leaf Foods,Canada,48,7.02
2024-01-02,SKU-002,Sourdough Bread 750g,Bakery,ACE Bakery,Metro Fresh,Montreal,Quebec,Maple Leaf Foods,Canada,25,2.57
2023-07-17,SKU-006,Atlantic Salmon Fillet 400g,Seafood,Ocean Choice,GreenGrocer Midtown,Toronto,Ontario,Gordon Food Service,Canada,49,17.55
2025-08-12,SKU-013,Oat Milk 1L,Beverages,Oatly,Prairie Pantry,Calgary,Alberta,Lantic Inc,Canada,13,2.6
2024-06-19,SKU-008,Aged Cheddar 400g,Dairy,Black Diamond,Metro Fresh,Montreal,Quebec,Premium Brands,Canada,35,3.99
2023-02-06,SKU-014,Avocado each,Produce,Fresh Direct,Prairie Pantry,Calgary,Alberta,Premium Brands,Canada,49,6.56
2025-07-10,SKU-007,Baby Spinach 142g,Produce,Earthbound Farm,FreshMart Downtown,Toronto,Ontario,Lantic Inc,Canada,21,22.51
2023-03-09,SKU-008,Aged Cheddar 400g,Dairy,Black Diamond,Metro Fresh,Montreal,Quebec,Maple Leaf Foods,Canada,12,3.99
2025-10-03,SKU-014,Avocado each,Produce,Fresh Direct,FreshMart Westside,Vancouver,British Columbia,Sysco Canada,Canada,28,6.56
2023-08-13,SKU-012,Frozen Edamame 400g,Frozen,President's Choice,Metro Fresh,Montreal,Quebec,Lantic Inc,Canada,37,13.61
2025-08-20,SKU-011,Almond Butter 500g,Pantry,Maranatha,Prairie Pantry,Calgary,Alberta,Premium Brands,Canada,31,7.02
2025-03-12,SKU-003,Free Range Eggs 12pk,Dairy,Burnbrae Farms,Prairie Pantry,Calgary,Alberta,Maple Leaf Foods,Canada,17,8.32
2024-08-05,SKU-007,Baby Spinach 142g,Produce,Earthbound Farm,Prairie Pantry,Calgary,Alberta,Gordon Food Service,Canada,21,22.51
2025-01-20,SKU-010,Dark Chocolate 85g,Snacks,Lindt,FreshMart Downtown,Toronto,Ontario,Sysco Canada,Canada,23,2.68
2025-02-18,SKU-010,Dark Chocolate 85g,Snacks,Lindt,FreshMart Downtown,Toronto,Ontario,Gordon Food Service,Canada,7,2.68
2023-04-26,SKU-006,Atlantic Salmon Fillet 400g,Seafood,Ocean Choice,Metro Fresh,Montreal,Quebec,Gordon Food Service,Canada,43,17.55
2023-06-23,SKU-004,Cold Brew Coffee 330ml,Beverages,Pilot Coffee,FreshMart Uptown,Ottawa,Ontario,Gordon Food Service,Canada,45,7.12
2023-12-14,SKU-005,Greek Yogurt 500g,Dairy,Olympic,FreshMart Downtown,Toronto,Ontario,Gordon Food Service,Canada,2,18.93
2025-11-20,SKU-001,Organic Whole Milk 2L,Dairy,Natrel,Metro Fresh,Montreal,Quebec,Lantic Inc,Canada,27,16.7
2023-02-15,SKU-012,Frozen Edamame 400g,Frozen,President's Choice,Metro Fresh,Montreal,Quebec,Premium Brands,Canada,21,13.61
2023-07-20,SKU-007,Baby Spinach 142g,Produce,Earthbound Farm,FreshMart Westside,Vancouver,British Columbia,Premium Brands,Canada,32,22.51
2025-10-14,SKU-011,Almond Butter 500g,Pantry,Maranatha,GreenGrocer Midtown,Toronto,Ontario,Gordon Food Service,Canada,33,7.02
2024-09-05,SKU-011,Almond Butter 500g,Pantry,Maranatha,FreshMart Westside,Vancouver,British Columbia,Sysco Canada,Canada,24,7.02
2024-03-14,SKU-004,Cold Brew Coffee 330ml,Beverages,Pilot Coffee,Metro Fresh,Montreal,Quebec,Maple Leaf Foods,Canada,19,7.12
2024-04-07,SKU-005,Greek Yogurt 500g,Dairy,Olympic,Prairie Pantry,Calgary,Alberta,Lantic Inc,Canada,40,18.93
2023-07-14,SKU-002,Sourdough Bread 750g,Bakery,ACE Bakery,FreshMart Uptown,Ottawa,Ontario,Premium Brands,Canada,38,2.57
2025-08-31,SKU-002,Sourdough Bread 750g,Bakery,ACE Bakery,Prairie Pantry,Calgary,Alberta,Premium Brands,Canada,28,2.57
2025-10-30,SKU-013,Oat Milk 1L,Beverages,Oatly,FreshMart Downtown,Toronto,Ontario,Gordon Food Service,Canada,20,2.6
2025-04-28,SKU-009,Sparkling Water 6pk,Beverages,San Pellegrino,FreshMart Westside,Vancouver,British Columbia,Sysco Canada,Canada,26,11.69
2024-01-05,SKU-009,Sparkling Water 6pk,Beverages,San Pellegrino,Metro Fresh,Montreal,Quebec,Premium Brands,Canada,2,11.69
2025-10-19,SKU-009,Sparkling Water 6pk,Beverages,San Pellegrino,GreenGrocer Midtown,Toronto,Ontario,Premium Brands,Canada,14,11.69
2024-07-02,SKU-014,Avocado each,Produce,Fresh Direct,FreshMart Uptown,Ottawa,Ontario,Lantic Inc,Canada,41,6.56
2023-05-03,SKU-010,Dark Chocolate 85g,Snacks,Lindt,Metro Fresh,Montreal,Quebec,Premium Brands,Canada,34,2.68
2023-11-05,SKU-008,Aged Cheddar 400g,Dairy,Black Diamond,GreenGrocer Midtown,Toronto,Ontario,Sysco Canada,Canada,48,3.99
2024-10-14,SKU-005,Greek Yogurt 500g,Dairy,Olympic,Metro Fresh,Montreal,Quebec,Lantic Inc,Canada,5,18.93
2024-08-10,SKU-014,Avocado each,Produce,Fresh Direct,Metro Fresh,Montreal,Quebec,Gordon Food Service,Canada,42,6.56
2025-04-11,SKU-011,Almond Butter 500g,Pantry,Maranatha,Prairie Pantry,Calgary,Alberta,Sysco Canada,Canada,16,7.02
2024-09-27,SKU-004,Cold Brew Coffee 330ml,Beverages,Pilot Coffee,FreshMart Downtown,Toronto,Ontario,Sysco Canada,Canada,30,7.12
2024-02-18,SKU-007,Baby Spinach 142g,Produce,Earthbound Farm,Metro Fresh,Montreal,Quebec,Maple Leaf Foods,Canada,11,22.51
2023-12-27,SKU-001,Organic Whole Milk 2L,Dairy,Natrel,FreshMart Westside,Vancouver,British Columbia,Gordon Food Service,Canada,42,16.7
2023-04-24,SKU-012,Frozen Edamame 400g,Frozen,President's Choice,Metro Fresh,Montreal,Quebec,Maple Leaf Foods,Canada,6,13.61
2025-01-14,SKU-005,Greek Yogurt 500g,Dairy,Olympic,FreshMart Downtown,Toronto,Ontario,Lantic Inc,Canada,43,18.93
2024-04-28,SKU-002,Sourdough Bread 750g,Bakery,ACE Bakery,Metro Fresh,Montreal,Quebec,Sysco Canada,Canada,8,2.57
2025-12-11,SKU-009,Sparkling Water 6pk,Beverages,San Pellegrino,FreshMart Downtown,Toronto,Ontario,Premium Brands,Canada,17,11.69
2023-09-08,SKU-002,Sourdough Bread 750g,Bakery,ACE Bakery,GreenGrocer Midtown,Toronto,Ontario,Premium Brands,Canada,50,2.57
2024-04-28,SKU-006,Atlantic Salmon Fillet 400g,Seafood,Ocean Choice,Prairie Pantry,Calgary,Alberta,Lantic Inc,Canada,28,17.55
2024-07-16,SKU-002,Sourdough Bread 750g,Bakery,ACE Bakery,GreenGrocer Midtown,Toronto,Ontario,Sysco Canada,Canada,29,2.57
2025-10-01,SKU-014,Avocado each,Produce,Fresh Direct,Prairie Pantry,Calgary,Alberta,Maple Leaf Foods,Canada,35,6.56
2025-05-17,SKU-002,Sourdough Bread 750g,Bakery,ACE Bakery,FreshMart Westside,Vancouver,British Columbia,Premium Brands,Canada,31,2.57
2025-08-31,SKU-005,Greek Yogurt 500g,Dairy,Olympic,GreenGrocer Midtown,Toronto,Ontario,Gordon Food Service,Canada,46,18.93
2023-03-13,SKU-005,Greek Yogurt 500g,Dairy,Olympic,FreshMart Downtown,Toronto,Ontario,Premium Brands,Canada,48,18.93
2024-06-02,SKU-001,Organic Whole Milk 2L,Dairy,Natrel,FreshMart Uptown,Ottawa,Ontario,Sysco Canada,Canada,36,16.7
2023-09-07,SKU-011,Almond Butter 500g,Pantry,Maranatha,FreshMart Uptown,Ottawa,Ontario,Gordon Food Service,Canada,35,7.02
2023-01-17,SKU-014,Avocado each,Produce,Fresh Direct,Metro Fresh,Montreal,Quebec,Lantic Inc,Canada,26,6.56
2023-07-04,SKU-015,Rotisserie Chicken,Deli,In-store,FreshMart Westside,Vancouver,British Columbia,Gordon Food Service,Canada,49,16.94
2024-10-11,SKU-004,Cold Brew Coffee 330ml,Beverages,Pilot Coffee,GreenGrocer Midtown,Toronto,Ontario,Lantic Inc,Canada,50,7.12
2023-06-14,SKU-013,Oat Milk 1L,Beverages,Oatly,FreshMart Downtown,Toronto,Ontario,Gordon Food Service,Canada,50,2.6
2024-11-12,SKU-008,Aged Cheddar 400g,Dairy,Black Diamond,FreshMart Uptown,Ottawa,Ontario,Lantic Inc,Canada,46,3.99
2024-06-18,SKU-015,Rotisserie Chicken,Deli,In-store,FreshMart Downtown,Toronto,Ontario,Sysco Canada,Canada,33,16.94
2024-10-31,SKU-007,Baby Spinach 142g,Produce,Earthbound Farm,Prairie Pantry,Calgary,Alberta,Premium Brands,Canada,30,22.51
2025-06-27,SKU-013,Oat Milk 1L,Beverages,Oatly,FreshMart Downtown,Toronto,Ontario,Sysco Canada,Canada,42,2.6
2024-10-04,SKU-007,Baby Spinach 142g,Produce,Earthbound Farm,GreenGrocer Midtown,Toronto,Ontario,Gordon Food Service,Canada,37,22.51
2023-09-24,SKU-003,Free Range Eggs 12pk,Dairy,Burnbrae Farms,GreenGrocer Midtown,Toronto,Ontario,Premium Brands,Canada,39,8.32
2025-09-06,SKU-013,Oat Milk 1L,Beverages,Oatly,FreshMart Westside,Vancouver,British Columbia,Lantic Inc,Canada,48,2.6
2024-11-01,SKU-003,Free Range Eggs 12pk,Dairy,Burnbrae Farms,FreshMart Uptown,Ottawa,Ontario,Premium Brands,Canada,19,8.32
2025-03-16,SKU-007,Baby Spinach 142g,Produce,Earthbound Farm,FreshMart Westside,Vancouver,British Columbia,Sysco Canada,Canada,25,22.51
2023-02-12,SKU-015,Rotisserie Chicken,Deli,In-store,Prairie Pantry,Calgary,Alberta,Sysco Canada,Canada,2,16.94
2023-07-02,SKU-011,Almond Butter 500g,Pantry,Maranatha,Prairie Pantry,Calgary,Alberta,Sysco Canada,Canada,30,7.02
2025-04-01,SKU-012,Frozen Edamame 400g,Frozen,President's Choice,GreenGrocer Midtown,Toronto,Ontario,Maple Leaf Foods,Canada,40,13.61
2025-01-23,SKU-005,Greek Yogurt 500g,Dairy,Olympic,GreenGrocer Midtown,Toronto,Ontario,Maple Leaf Foods,Canada,11,18.93
2025-06-10,SKU-002,Sourdough Bread 750g,Bakery,ACE Bakery,FreshMart Downtown,Toronto,Ontario,Premium Brands,Canada,50,2.57
2023-08-31,SKU-008,Aged Cheddar 400g,Dairy,Black Diamond,FreshMart Uptown,Ottawa,Ontario,Lantic Inc,Canada,15,3.99
2025-10-09,SKU-004,Cold Brew Coffee 330ml,Beverages,Pilot Coffee,FreshMart Westside,Vancouver,British Columbia,Gordon Food Service,Canada,25,7.12
2024-03-17,SKU-014,Avocado each,Produce,Fresh Direct,GreenGrocer Midtown,Toronto,Ontario,Premium Brands,Canada,19,6.56
2025-04-16,SKU-004,Cold Brew Coffee 330ml,Beverages,Pilot Coffee,Metro Fresh,Montreal,Quebec,Sysco Canada,Canada,10,7.12
2025-07-12,SKU-005,Greek Yogurt 500g,Dairy,Olympic,GreenGrocer Midtown,Toronto,Ontario,Premium Brands,Canada,16,-18.93
2023-01-22,SKU-011,Almond Butter 500g,Pantry,Maranatha,Metro Fresh,Montreal,Quebec,Maple Leaf Foods,Canada,31,7.02
2024-03-10,SKU-006,Atlantic Salmon Fillet 400g,Seafood,Ocean Choice,FreshMart Uptown,Ottawa,Ontario,Lantic Inc,Canada,46,17.55
2024-06-08,SKU-007,Baby Spinach 142g,Produce,Earthbound Farm,FreshMart Uptown,Ottawa,Ontario,Premium Brands,Canada,5,22.51
2024-04-25,SKU-001,Organic Whole Milk 2L,Dairy,Natrel,FreshMart Downtown,Toronto,Ontario,Gordon Food Service,Canada,31,16.7
2023-04-04,SKU-010,Dark Chocolate 85g,Snacks,Lindt,FreshMart Uptown,Ottawa,Ontario,Premium Brands,Canada,1,2.68
2025-03-19,SKU-010,Dark Chocolate 85g,Snacks,Lindt,Metro Fresh,Montreal,Quebec,Gordon Food Service,Canada,43,2.68
2024-01-03,SKU-015,Rotisserie Chicken,Deli,In-store,Prairie Pantry,Calgary,Alberta,Maple Leaf Foods,Canada,17,16.94
2023-09-28,SKU-008,Aged Cheddar 400g,Dairy,Black Diamond,FreshMart Westside,Vancouver,British Columbia,Lantic Inc,Canada,6,3.99
2024-06-17,SKU-009,Sparkling Water 6pk,Beverages,San Pellegrino,Metro Fresh,Montreal,Quebec,Sysco Canada,Canada,8,11.69
2025-01-08,SKU-003,Free Range Eggs 12pk,Dairy,Burnbrae Farms,Metro Fresh,Montreal,Quebec,Gordon Food Service,Canada,28,8.32
2024-06-24,SKU-015,Rotisserie Chicken,Deli,In-store,FreshMart Westside,Vancouver,British Columbia,Premium Brands,Canada,34,16.94
2025-10-03,SKU-015,Rotisserie Chicken,Deli,In-store,GreenGrocer Midtown,Toronto,Ontario,Gordon Food Service,Canada,49,16.94
2023-04-19,SKU-009,Sparkling Water 6pk,Beverages,San Pellegrino,FreshMart Uptown,Ottawa,Ontario,Lantic Inc,Canada,13,11.69
2025-08-21,SKU-004,Cold Brew Coffee 330ml,Beverages,Pilot Coffee,GreenGrocer Midtown,Toronto,Ontario,Maple Leaf Foods,Canada,17,7.12
2025-10-10,SKU-008,Aged Cheddar 400g,Dairy,Black Diamond,Metro Fresh,Montreal,Quebec,Maple Leaf Foods,Canada,3,3.99
2025-07-26,SKU-012,Frozen Edamame 400g,Frozen,President's Choice,Prairie Pantry,Calgary,Alberta,Lantic Inc,Canada,32,13.61
2024-12-16,SKU-012,Frozen Edamame 400g,Frozen,President's Choice,GreenGrocer Midtown,Toronto,Ontario,Maple Leaf Foods,Canada,6,13.61
2025-11-07,SKU-005,Greek Yogurt 500g,Dairy,Olympic,GreenGrocer Midtown,Toronto,Ontario,Sysco Canada,Canada,18,18.93
2023-01-09,SKU-011,Almond Butter 500g,Pantry,Maranatha,Prairie Pantry,Calgary,Alberta,Sysco Canada,Canada,34,7.02
2024-05-19,SKU-003,Free Range Eggs 12pk,Dairy,Burnbrae Farms,Metro Fresh,Montreal,Quebec,Maple Leaf Foods,Canada,50,8.32
2024-08-05,SKU-002,Sourdough Bread 750g,Bakery,ACE Bakery,FreshMart Westside,Vancouver,British Columbia,Maple Leaf Foods,Canada,44,2.57
2023-08-06,SKU-002,Sourdough Bread 750g,Bakery,ACE Bakery,Metro Fresh,Montreal,Quebec,Gordon Food Service,Canada,21,2.57
2025-07-18,SKU-002,Sourdough Bread 750g,Bakery,ACE Bakery,Metro Fresh,Montreal,Quebec,Lantic Inc,Canada,41,2.57
2024-11-05,SKU-010,Dark Chocolate 85g,Snacks,Lindt,FreshMart Uptown,Ottawa,Ontario,Maple Leaf Foods,Canada,3,2.68
2023-09-22,SKU-008,Aged Cheddar 400g,Dairy,Black Diamond,FreshMart Westside,Vancouver,British Columbia,Premium Brands,Canada,14,3.99
2024-10-23,SKU-013,Oat Milk 1L,Beverages,Oatly,FreshMart Uptown,Ottawa,Ontario,Gordon Food Service,Canada,4,2.6
2023-07-09,SKU-009,Sparkling Water 6pk,Beverages,San Pellegrino,Prairie Pantry,Calgary,Alberta,Lantic Inc,Canada,26,11.69
2023-02-12,SKU-004,Cold Brew Coffee 330ml,Beverages,Pilot Coffee,Metro Fresh,Montreal,Quebec,Maple Leaf Foods,Canada,14,7.12
2023-11-12,SKU-013,Oat Milk 1L,Beverages,Oatly,Metro Fresh,Montreal,Quebec,Gordon Food Service,Canada,8,2.6
2023-09-26,SKU-013,Oat Milk 1L,Beverages,Oatly,Metro Fresh,Montreal,Quebec,Gordon Food Service,Canada,23,2.6
2024-02-14,SKU-014,Avocado each,Produce,Fresh Direct,FreshMart Westside,Vancouver,British Columbia,Premium Brands,Canada,32,6.56
2025-05-16,SKU-007,Baby Spinach 142g,Produce,Earthbound Farm,Metro Fresh,Montreal,Quebec,Gordon Food Service,Canada,6,22.51
2024-01-17,SKU-013,Oat Milk 1L,Beverages,Oatly,FreshMart Westside,Vancouver,British Columbia,Premium Brands,Canada,28,2.6
2024-11-30,SKU-002,Sourdough Bread 750g,Bakery,ACE Bakery,FreshMart Downtown,Toronto,Ontario,Premium Brands,Canada,30,2.57
2025-10-11,SKU-011,Almond Butter 500g,Pantry,Maranatha,FreshMart Uptown,Ottawa,Ontario,Sysco Canada,Canada,34,7.02
2025-08-16,SKU-009,Sparkling Water 6pk,Beverages,San Pellegrino,FreshMart Downtown,Toronto,Ontario,Gordon Food Service,Canada,28,11.69
2023-11-01,SKU-013,Oat Milk 1L,Beverages,Oatly,Metro Fresh,Montreal,Quebec,Gordon Food Service,Canada,9,2.6
2025-05-25,SKU-005,Greek Yogurt 500g,Dairy,Olympic,GreenGrocer Midtown,Toronto,Ontario,Premium Brands,Canada,19,18.93
2025-11-17,SKU-009,Sparkling Water 6pk,Beverages,San Pellegrino,FreshMart Downtown,Toronto,Ontario,Maple Leaf Foods,Canada,7,11.69
2024-06-02,SKU-007,Baby Spinach 142g,Produce,Earthbound Farm,FreshMart Downtown,Toronto,Ontario,Lantic Inc,Canada,23,22.51
2023-08-22,SKU-002,Sourdough Bread 750g,Bakery,ACE Bakery,Prairie Pantry,Calgary,Alberta,Maple Leaf Foods,Canada,48,2.57
2023-04-03,SKU-003,Free Range Eggs 12pk,Dairy,Burnbrae Farms,GreenGrocer Midtown,Toronto,Ontario,Lantic Inc,Canada,6,8.32
2025-07-20,SKU-012,Frozen Edamame 400g,Frozen,President's Choice,FreshMart Westside,Vancouver,British Columbia,Gordon Food Service,Canada,49,13.61
2024-01-19,SKU-010,Dark Chocolate 85g,Snacks,Lindt,FreshMart Westside,Vancouver,British Columbia,Gordon Food Service,Canada,14,2.68
2023-08-06,SKU-012,Frozen Edamame 400g,Frozen,President's Choice,Prairie Pantry,Calgary,Alberta,Gordon Food Service,Canada,28,13.61
2023-01-28,SKU-001,Organic Whole Milk 2L,Dairy,Natrel,Metro Fresh,Montreal,Quebec,Maple Leaf Foods,Canada,11,16.7
2025-09-23,SKU-008,Aged Cheddar 400g,Dairy,Black Diamond,FreshMart Uptown,Ottawa,Ontario,Lantic Inc,Canada,20,3.99
2024-09-11,SKU-010,Dark Chocolate 85g,Snacks,Lindt,FreshMart Westside,Vancouver,British Columbia,Lantic Inc,Canada,6,2.68
2023-02-02,SKU-001,Organic Whole Milk 2L,Dairy,Natrel,GreenGrocer Midtown,Toronto,Ontario,Maple Leaf Foods,Canada,45,16.7
2025-09-12,SKU-014,Avocado each,Produce,Fresh Direct,FreshMart Downtown,Toronto,Ontario,Sysco Canada,Canada,42,6.56
2024-01-26,SKU-004,Cold Brew Coffee 330ml,Beverages,Pilot Coffee,Metro Fresh,Montreal,Quebec,Premium Brands,Canada,6,7.12
2025-05-14,SKU-008,Aged Cheddar 400g,Dairy,Black Diamond,GreenGrocer Midtown,Toronto,Ontario,Lantic Inc,Canada,2,3.99
2025-09-20,SKU-015,Rotisserie Chicken,Deli,In-store,GreenGrocer Midtown,Toronto,Ontario,Lantic Inc,Canada,31,16.94
2024-02-17,,Aged Cheddar 400g,Dairy,Black Diamond,Prairie Pantry,Calgary,Alberta,Sysco Canada,Canada,19,3.99
2025-05-01,SKU-001,Organic Whole Milk 2L,Dairy,Natrel,FreshMart Downtown,Toronto,Ontario,Lantic Inc,Canada,32,16.7
2024-08-18,SKU-010,Dark Chocolate 85g,Snacks,Lindt,FreshMart Uptown,Ottawa,Ontario,Premium Brands,Canada,3,2.68
2025-09-26,SKU-008,Aged Cheddar 400g,Dairy,Black Diamond,Prairie Pantry,Calgary,Alberta,Premium Brands,Canada,15,3.99
2024-10-08,SKU-009,Sparkling Water 6pk,Beverages,San Pellegrino,FreshMart Downtown,Toronto,Ontario,Lantic Inc,Canada,36,11.69
2025-08-27,SKU-015,Rotisserie Chicken,Deli,In-store,FreshMart Uptown,Ottawa,Ontario,Lantic Inc,Canada,8,16.94
2025-06-12,SKU-011,Almond Butter 500g,Pantry,Maranatha,FreshMart Westside,Vancouver,British Columbia,Lantic Inc,Canada,2,7.02
2024-12-05,SKU-012,Frozen Edamame 400g,Frozen,President's Choice,GreenGrocer Midtown,Toronto,Ontario,Lantic Inc,Canada,29,13.61
2025-08-17,SKU-004,Cold Brew Coffee 330ml,Beverages,Pilot Coffee,Prairie Pantry,Calgary,Alberta,Gordon Food Service,Canada,9,7.12
2025-05-03,SKU-012,Frozen Edamame 400g,Frozen,President's Choice,FreshMart Uptown,Ottawa,Ontario,Lantic Inc,Canada,44,13.61
2024-02-29,SKU-006,Atlantic Salmon Fillet 400g,Seafood,Ocean Choice,Metro Fresh,Montreal,Quebec,Sysco Canada,Canada,19,17.55
2023-09-22,SKU-002,Sourdough Bread 750g,Bakery,ACE Bakery,FreshMart Uptown,Ottawa,Ontario,Lantic Inc,Canada,12,2.57
2025-05-01,SKU-010,Dark Chocolate 85g,Snacks,Lindt,Metro Fresh,Montreal,Quebec,Maple Leaf Foods,Canada,32,2.68
2023-02-07,SKU-004,Cold Brew Coffee 330ml,Beverages,Pilot Coffee,Prairie Pantry,Calgary,Alberta,Maple Leaf Foods,Canada,23,7.12
2023-12-24,SKU-006,Atlantic Salmon Fillet 400g,Seafood,Ocean Choice,FreshMart Uptown,Ottawa,Ontario,Sysco Canada,Canada,33,17.55
2023-08-22,SKU-002,Sourdough Bread 750g,Bakery,ACE Bakery,FreshMart Westside,Vancouver,British Columbia,Lantic Inc,Canada,40,2.57
2024-06-12,SKU-009,Sparkling Water 6pk,Beverages,San Pellegrino,GreenGrocer Midtown,Toronto,Ontario,Lantic Inc,Canada,22,11.69
2024-07-01,SKU-013,Oat Milk 1L,Beverages,Oatly,FreshMart Downtown,Toronto,Ontario,Premium Brands,Canada,10,2.6
2023-08-02,SKU-014,Avocado each,Produce,Fresh Direct,Prairie Pantry,Calgary,Alberta,Premium Brands,Canada,46,6.56
2023-08-05,SKU-008,Aged Cheddar 400g,Dairy,Black Diamond,Metro Fresh,Montreal,Quebec,Maple Leaf Foods,Canada,40,3.99
2023-03-27,SKU-014,Avocado each,Produce,Fresh Direct,FreshMart Downtown,Toronto,Ontario,Premium Brands,Canada,33,6.56
2025-01-10,SKU-011,Almond Butter 500g,Pantry,Maranatha,FreshMart Downtown,Toronto,Ontario,Sysco Canada,Canada,11,7.02
2025-10-17,SKU-012,Frozen Edamame 400g,Frozen,President's Choice,Metro Fresh,Montreal,Quebec,Premium Brands,Canada,47,13.61
2024-11-16,SKU-003,Free Range Eggs 12pk,Dairy,Burnbrae Farms,FreshMart Uptown,Ottawa,Ontario,Gordon Food Service,Canada,9,8.32
2023-01-14,SKU-004,Cold Brew Coffee 330ml,Beverages,Pilot Coffee,Metro Fresh,Montreal,Quebec,Lantic Inc,Canada,16,7.12
2025-10-31,SKU-008,Aged Cheddar 400g,Dairy,Black Diamond,FreshMart Westside,Vancouver,British Columbia,Gordon Food Service,Canada,11,3.99
2025-01-08,SKU-006,Atlantic Salmon Fillet 400g,Seafood,Ocean Choice,FreshMart Uptown,Ottawa,Ontario,Lantic Inc,Canada,41,17.55
2024-04-12,SKU-003,Free Range Eggs 12pk,Dairy,Burnbrae Farms,Prairie Pantry,Calgary,Alberta,Lantic Inc,Canada,9,8.32
2025-11-23,SKU-007,Baby Spinach 142g,Produce,Earthbound Farm,Metro Fresh,Montreal,Quebec,Lantic Inc,Canada,44,22.51
2023-01-21,SKU-001,Organic Whole Milk 2L,Dairy,Natrel,Metro Fresh,Montreal,Quebec,Sysco Canada,Canada,46,16.7
2024-10-06,SKU-002,Sourdough Bread 750g,Bakery,ACE Bakery,FreshMart Downtown,Toronto,Ontario,Gordon Food Service,Canada,26,2.57
2025-03-16,SKU-003,Free Range Eggs 12pk,Dairy,Burnbrae Farms,Metro Fresh,Montreal,Quebec,Maple Leaf Foods,Canada,49,8.32
2023-04-29,SKU-015,Rotisserie Chicken,Deli,In-store,FreshMart Uptown,Ottawa,Ontario,Sysco Canada,Canada,41,16.94
2024-08-28,SKU-013,Oat Milk 1L,Beverages,Oatly,FreshMart Uptown,Ottawa,Ontario,Premium Brands,Canada,27,2.6
2024-09-15,SKU-011,Almond Butter 500g,Pantry,Maranatha,FreshMart Uptown,Ottawa,Ontario,Premium Brands,Canada,47,7.02
2024-07-26,SKU-015,Rotisserie Chicken,Deli,In-store,FreshMart Westside,Vancouver,British Columbia,Maple Leaf Foods,Canada,34,16.94
2025-07-02,SKU-003,Free Range Eggs 12pk,Dairy,Burnbrae Farms,FreshMart Uptown,Ottawa,Ontario,Lantic Inc,Canada,42,8.32
2025-06-24,SKU-009,Sparkling Water 6pk,Beverages,San Pellegrino,Prairie Pantry,Calgary,Alberta,Premium Brands,Canada,45,11.69
2024-02-09,SKU-013,Oat Milk 1L,Beverages,Oatly,FreshMart Uptown,Ottawa,Ontario,Lantic Inc,Canada,20,2.6
2023-09-16,SKU-009,Sparkling Water 6pk,Beverages,San Pellegrino,FreshMart Westside,Vancouver,British Columbia,Lantic Inc,Canada,34,11.69
2025-11-13,SKU-005,Greek Yogurt 500g,Dairy,Olympic,GreenGrocer Midtown,Toronto,Ontario,Maple Leaf Foods,Canada,36,18.93
2023-02-17,SKU-006,Atlantic Salmon Fillet 400g,Seafood,Ocean Choice,FreshMart Uptown,Ottawa,Ontario,Sysco Canada,Canada,2,17.55
2024-05-09,SKU-009,Sparkling Water 6pk,Beverages,San Pellegrino,Prairie Pantry,Calgary,Alberta,Gordon Food Service,Canada,50,11.69
2023-05-03,SKU-007,Baby Spinach 142g,Produce,Earthbound Farm,Prairie Pantry,Calgary,Alberta,Maple Leaf Foods,Canada,24,22.51
2023-04-08,SKU-009,Sparkling Water 6pk,Beverages,San Pellegrino,FreshMart Westside,Vancouver,British Columbia,Maple Leaf Foods,Canada,49,11.69
2023-01-11,SKU-002,Sourdough Bread 750g,Bakery,ACE Bakery,Metro Fresh,Montreal,Quebec,Gordon Food Service,Canada,30,2.57
2025-12-28,SKU-004,Cold Brew Coffee 330ml,Beverages,Pilot Coffee,FreshMart Uptown,Ottawa,Ontario,Premium Brands,Canada,39,7.12
2023-10-14,SKU-005,Greek Yogurt 500g,Dairy,Olympic,FreshMart Westside,Vancouver,British Columbia,Premium Brands,Canada,46,18.93
2024-11-02,SKU-012,Frozen Edamame 400g,Frozen,President's Choice,GreenGrocer Midtown,Toronto,Ontario,Maple Leaf Foods,Canada,34,13.61
2023-07-20,SKU-014,Avocado each,Produce,Fresh Direct,FreshMart Westside,Vancouver,British Columbia,Lantic Inc,Canada,10,6.56
2023-07-08,SKU-014,Avocado each,Produce,Fresh Direct,Metro Fresh,Montreal,Quebec,Maple Leaf Foods,Canada,4,6.56
2025-07-02,SKU-003,Free Range Eggs 12pk,Dairy,Burnbrae Farms,Metro Fresh,Montreal,Quebec,Sysco Canada,Canada,5,8.32
2025-11-28,SKU-009,Sparkling Water 6pk,Beverages,San Pellegrino,Metro Fresh,Montreal,Quebec,Premium Brands,Canada,50,11.69
2025-05-17,SKU-005,Greek Yogurt 500g,Dairy,Olympic,Prairie Pantry,Calgary,Alberta,Lantic Inc,Canada,29,18.93
2023-11-30,SKU-008,Aged Cheddar 400g,Dairy,Black Diamond,FreshMart Uptown,Ottawa,Ontario,Lantic Inc,Canada,10,3.99
2023-09-22,SKU-008,Aged Cheddar 400g,Dairy,Black Diamond,FreshMart Uptown,Ottawa,Ontario,Lantic Inc,Canada,46,3.99
2025-07-21,SKU-009,Sparkling Water 6pk,Beverages,San Pellegrino,FreshMart Downtown,Toronto,Ontario,Sysco Canada,Canada,31,11.69
2023-09-01,SKU-003,Free Range Eggs 12pk,Dairy,Burnbrae Farms,Prairie Pantry,Calgary,Alberta,Gordon Food Service,Canada,39,8.32
2024-08-16,SKU-002,Sourdough Bread 750g,Bakery,ACE Bakery,FreshMart Downtown,Toronto,Ontario,Gordon Food Service,Canada,3,2.57
2025-02-05,SKU-002,Sourdough Bread 750g,Bakery,ACE Bakery,FreshMart Westside,Vancouver,British Columbia,Gordon Food Service,Canada,20,2.57
2025-05-13,SKU-001,Organic Whole Milk 2L,Dairy,Natrel,GreenGrocer Midtown,Toronto,Ontario,Sysco Canada,Canada,4,16.7
2024-01-10,SKU-005,Greek Yogurt 500g,Dairy,Olympic,FreshMart Westside,Vancouver,British Columbia,Sysco Canada,Canada,48,18.93
2023-05-19,SKU-002,Sourdough Bread 750g,Bakery,ACE Bakery,Prairie Pantry,Calgary,Alberta,Gordon Food Service,Canada,3,2.57
2025-07-15,SKU-010,Dark Chocolate 85g,Snacks,Lindt,FreshMart Westside,Vancouver,British Columbia,Premium Brands,Canada,22,2.68
2023-09-29,SKU-008,Aged Cheddar 400g,Dairy,Black Diamond,FreshMart Uptown,Ottawa,Ontario,Premium Brands,Canada,49,3.99
2025-07-08,SKU-011,Almond Butter 500g,Pantry,Maranatha,Metro Fresh,Montreal,Quebec,Lantic Inc,Canada,10,7.02
2025-04-18,SKU-006,Atlantic Salmon Fillet 400g,Seafood,Ocean Choice,FreshMart Downtown,Toronto,Ontario,Premium Brands,Canada,25,17.55
2023-04-04,SKU-007,Baby Spinach 142g,Produce,Earthbound Farm,FreshMart Westside,Vancouver,British Columbia,Premium Brands,Canada,43,22.51
2023-12-06,SKU-012,Frozen Edamame 400g,Frozen,President's Choice,FreshMart Westside,Vancouver,British Columbia,Maple Leaf Foods,Canada,46,13.61
not-a-date,SKU-011,Almond Butter 500g,Pantry,Maranatha,FreshMart Uptown,Ottawa,Ontario,Gordon Food Service,Canada,42,7.02
2023-04-19,SKU-010,Dark Chocolate 85g,Snacks,Lindt,Prairie Pantry,Calgary,Alberta,Premium Brands,Canada,37,2.68
2023-02-08,SKU-013,Oat Milk 1L,Beverages,Oatly,Metro Fresh,Montreal,Quebec,Premium Brands,Canada,8,2.6
2024-07-17,SKU-009,Sparkling Water 6pk,Beverages,San Pellegrino,GreenGrocer Midtown,Toronto,Ontario,Maple Leaf Foods,Canada,14,11.69
2023-06-23,SKU-012,Frozen Edamame 400g,Frozen,President's Choice,Prairie Pantry,Calgary,Alberta,Lantic Inc,Canada,35,13.61
2025-10-03,SKU-007,Baby Spinach 142g,Produce,Earthbound Farm,Prairie Pantry,Calgary,Alberta,Maple Leaf Foods,Canada,2,22.51
2025-12-17,SKU-003,Free Range Eggs 12pk,Dairy,Burnbrae Farms,Metro Fresh,Montreal,Quebec,Maple Leaf Foods,Canada,21,8.32
2023-12-11,SKU-002,Sourdough Bread 750g,Bakery,ACE Bakery,FreshMart Downtown,Toronto,Ontario,Maple Leaf Foods,Canada,19,2.57
2024-09-20,SKU-005,Greek Yogurt 500g,Dairy,Olympic,FreshMart Downtown,Toronto,Ontario,Sysco Canada,Canada,27,18.93
2024-01-07,SKU-001,Organic Whole Milk 2L,Dairy,Natrel,Prairie Pantry,Calgary,Alberta,Gordon Food Service,Canada,2,16.7
2024-10-17,SKU-005,Greek Yogurt 500g,Dairy,Olympic,Metro Fresh,Montreal,Quebec,Maple Leaf Foods,Canada,10,18.93
2023-09-05,SKU-006,Atlantic Salmon Fillet 400g,Seafood,Ocean Choice,FreshMart Westside,Vancouver,British Columbia,Lantic Inc,Canada,4,17.55
2024-04-29,SKU-013,Oat Milk 1L,Beverages,Oatly,Prairie Pantry,Calgary,Alberta,Premium Brands,Canada,32,2.6
2024-07-05,SKU-009,Sparkling Water 6pk,Beverages,San Pellegrino,Metro Fresh,Montreal,Quebec,Maple Leaf Foods,Canada,4,11.69
2025-09-18,SKU-009,Sparkling Water 6pk,Beverages,San Pellegrino,Metro Fresh,Montreal,Quebec,Maple Leaf Foods,Canada,2,11.69
2023-07-27,SKU-004,Cold Brew Coffee 330ml,Beverages,Pilot Coffee,FreshMart Downtown,Toronto,Ontario,Gordon Food Service,Canada,16,7.12
2025-04-13,SKU-011,Almond Butter 500g,Pantry,Maranatha,GreenGrocer Midtown,Toronto,Ontario,Gordon Food Service,Canada,29,7.02
2023-10-19,SKU-011,Almond Butter 500g,Pantry,Maranatha,Prairie Pantry,Calgary,Alberta,Sysco Canada,Canada,24,7.02
2025-05-17,SKU-003,Free Range Eggs 12pk,Dairy,Burnbrae Farms,GreenGrocer Midtown,Toronto,Ontario,Premium Brands,Canada,36,8.32
2024-08-15,SKU-001,Organic Whole Milk 2L,Dairy,Natrel,Metro Fresh,Montreal,Quebec,Premium Brands,Canada,42,16.7
2024-07-13,SKU-001,Organic Whole Milk 2L,Dairy,Natrel,FreshMart Downtown,Toronto,Ontario,Lantic Inc,Canada,39,16.7
2024-03-11,SKU-011,Almond Butter 500g,Pantry,Maranatha,Metro Fresh,Montreal,Quebec,Gordon Food Service,Canada,38,7.02
2025-12-29,SKU-005,Greek Yogurt 500g,Dairy,Olympic,FreshMart Downtown,Toronto,Ontario,Sysco Canada,Canada,37,18.93
2023-10-14,SKU-002,Sourdough Bread 750g,Bakery,ACE Bakery,Metro Fresh,Montreal,Quebec,Maple Leaf Foods,Canada,47,2.57
2025-10-30,SKU-005,Greek Yogurt 500g,Dairy,Olympic,Metro Fresh,Montreal,Quebec,Sysco Canada,Canada,21,18.93
2025-07-16,SKU-006,Atlantic Salmon Fillet 400g,Seafood,Ocean Choice,FreshMart Uptown,Ottawa,Ontario,Gordon Food Service,Canada,18,17.55
2025-07-30,SKU-006,Atlantic Salmon Fillet 400g,Seafood,Ocean Choice,FreshMart Westside,Vancouver,British Columbia,Sysco Canada,Canada,39,17.55
2023-01-05,SKU-015,Rotisserie Chicken,Deli,In-store,FreshMart Uptown,Ottawa,Ontario,Sysco Canada,Canada,39,16.94
2025-04-26,SKU-015,Rotisserie Chicken,Deli,In-store,FreshMart Downtown,Toronto,Ontario,Sysco Canada,Canada,36,16.94
2023-06-16,SKU-012,Frozen Edamame 400g,Frozen,President's Choice,Metro Fresh,Montreal,Quebec,Lantic Inc,Canada,42,13.61
2023-09-10,SKU-009,Sparkling Water 6pk,Beverages,San Pellegrino,FreshMart Downtown,Toronto,Ontario,Lantic Inc,Canada,23,11.69
2025-03-03,SKU-007,Baby Spinach 142g,Produce,Earthbound Farm,Prairie Pantry,Calgary,Alberta,Gordon Food Service,Canada,12,22.51
2023-09-13,SKU-013,Oat Milk 1L,Beverages,Oatly,FreshMart Uptown,Ottawa,Ontario,Maple Leaf Foods,Canada,30,2.6
2024-03-29,SKU-004,Cold Brew Coffee 330ml,Beverages,Pilot Coffee,Metro Fresh,Montreal,Quebec,Maple Leaf Foods,Canada,48,7.12
2024-01-28,SKU-005,Greek Yogurt 500g,Dairy,Olympic,FreshMart Uptown,Ottawa,Ontario,Gordon Food Service,Canada,6,-18.93
2025-01-13,SKU-004,Cold Brew Coffee 330ml,Beverages,Pilot Coffee,GreenGrocer Midtown,Toronto,Ontario,Lantic Inc,Canada,3,7.12
2024-03-04,SKU-015,Rotisserie Chicken,Deli,In-store,FreshMart Uptown,Ottawa,Ontario,Premium Brands,Canada,1,16.94
2023-08-16,SKU-014,Avocado each,Produce,Fresh Direct,FreshMart Uptown,Ottawa,Ontario,Lantic Inc,Canada,18,6.56
2024-02-01,SKU-008,Aged Cheddar 400g,Dairy,Black Diamond,GreenGrocer Midtown,Toronto,Ontario,Premium Brands,Canada,43,3.99
2023-12-26,SKU-011,Almond Butter 500g,Pantry,Maranatha,FreshMart Uptown,Ottawa,Ontario,Premium Brands,Canada,5,7.02
2024-06-15,SKU-012,Frozen Edamame 400g,Frozen,President's Choice,FreshMart Downtown,Toronto,Ontario,Sysco Canada,Canada,37,13.61
2024-01-28,SKU-015,Rotisserie Chicken,Deli,In-store,Prairie Pantry,Calgary,Alberta,Gordon Food Service,Canada,44,16.94
2024-06-01,,Frozen Edamame 400g,Frozen,President's Choice,FreshMart Uptown,Ottawa,Ontario,Premium Brands,Canada,44,13.61
2024-10-23,,Baby Spinach 142g,Produce,Earthbound Farm,FreshMart Uptown,Ottawa,Ontario,Maple Leaf Foods,Canada,28,22.51
2025-10-11,SKU-011,Almond Butter 500g,Pantry,Maranatha,Prairie Pantry,Calgary,Alberta,Lantic Inc,Canada,24,7.02
2023-04-07,SKU-001,Organic Whole Milk 2L,Dairy,Natrel,FreshMart Uptown,Ottawa,Ontario,Sysco Canada,Canada,18,16.7
2023-01-11,SKU-009,Sparkling Water 6pk,Beverages,San Pellegrino,Metro Fresh,Montreal,Quebec,Gordon Food Service,Canada,26,11.69
2024-04-07,SKU-002,Sourdough Bread 750g,Bakery,ACE Bakery,Prairie Pantry,Calgary,Alberta,Maple Leaf Foods,Canada,45,2.57
2023-12-03,SKU-002,Sourdough Bread 750g,Bakery,ACE Bakery,GreenGrocer Midtown,Toronto,Ontario,Sysco Canada,Canada,22,2.57
2023-02-27,SKU-011,Almond Butter 500g,Pantry,Maranatha,FreshMart Uptown,Ottawa,Ontario,Maple Leaf Foods,Canada,31,7.02
2024-05-27,SKU-001,Organic Whole Milk 2L,Dairy,Natrel,Prairie Pantry,Calgary,Alberta,Gordon Food Service,Canada,16,16.7
2024-11-14,SKU-004,Cold Brew Coffee 330ml,Beverages,Pilot Coffee,FreshMart Westside,Vancouver,British Columbia,Maple Leaf Foods,Canada,34,7.12
2025-06-17,SKU-002,Sourdough Bread 750g,Bakery,ACE Bakery,Prairie Pantry,Calgary,Alberta,Premium Brands,Canada,49,2.57
2023-06-25,SKU-008,Aged Cheddar 400g,Dairy,Black Diamond,Prairie Pantry,Calgary,Alberta,Maple Leaf Foods,Canada,4,3.99
2023-09-19,SKU-007,Baby Spinach 142g,Produce,Earthbound Farm,FreshMart Westside,Vancouver,British Columbia,Maple Leaf Foods,Canada,4,22.51
2025-06-03,SKU-008,Aged Cheddar 400g,Dairy,Black Diamond,FreshMart Downtown,Toronto,Ontario,Gordon Food Service,Canada,5,3.99
2024-08-26,SKU-001,Organic Whole Milk 2L,Dairy,Natrel,Prairie Pantry,Calgary,Alberta,Maple Leaf Foods,Canada,25,16.7
2023-01-22,SKU-010,Dark Chocolate 85g,Snacks,Lindt,Metro Fresh,Montreal,Quebec,Sysco Canada,Canada,30,2.68
2023-07-27,SKU-013,Oat Milk 1L,Beverages,Oatly,Metro Fresh,Montreal,Quebec,Premium Brands,Canada,22,2.6
2025-11-25,SKU-011,Almond Butter 500g,Pantry,Maranatha,FreshMart Downtown,Toronto,Ontario,Lantic Inc,Canada,22,7.02
2023-05-19,SKU-002,Sourdough Bread 750g,Bakery,ACE Bakery,FreshMart Downtown,Toronto,Ontario,Maple Leaf Foods,Canada,38,2.57
2025-11-08,SKU-004,Cold Brew Coffee 330ml,Beverages,Pilot Coffee,Prairie Pantry,Calgary,Alberta,Sysco Canada,Canada,17,7.12
2025-06-29,SKU-008,Aged Cheddar 400g,Dairy,Black Diamond,FreshMart Uptown,Ottawa,Ontario,Premium Brands,Canada,12,3.99
2023-09-19,SKU-013,Oat Milk 1L,Beverages,Oatly,FreshMart Downtown,Toronto,Ontario,Maple Leaf Foods,Canada,20,2.6
2024-09-29,SKU-009,Sparkling Water 6pk,Beverages,San Pellegrino,FreshMart Uptown,Ottawa,Ontario,Gordon Food Service,Canada,38,11.69
2025-08-19,SKU-013,Oat Milk 1L,Beverages,Oatly,GreenGrocer Midtown,Toronto,Ontario,Sysco Canada,Canada,20,2.6
2025-11-26,SKU-005,Greek Yogurt 500g,Dairy,Olympic,FreshMart Westside,Vancouver,British Columbia,Maple Leaf Foods,Canada,38,18.93
2025-11-04,SKU-003,Free Range Eggs 12pk,Dairy,Burnbrae Farms,FreshMart Downtown,Toronto,Ontario,Sysco Canada,Canada,36,8.32
2024-02-15,SKU-007,Baby Spinach 142g,Produce,Earthbound Farm,FreshMart Westside,Vancouver,British Columbia,Sysco Canada,Canada,41,22.51
2024-01-23,SKU-013,Oat Milk 1L,Beverages,Oatly,FreshMart Downtown,Toronto,Ontario,Gordon Food Service,Canada,43,2.6
2024-11-09,SKU-012,Frozen Edamame 400g,Frozen,President's Choice,Metro Fresh,Montreal,Quebec,Premium Brands,Canada,38,13.61
2025-05-07,SKU-006,Atlantic Salmon Fillet 400g,Seafood,Ocean Choice,Prairie Pantry,Calgary,Alberta,Gordon Food Service,Canada,22,17.55
2024-03-25,SKU-008,Aged Cheddar 400g,Dairy,Black Diamond,FreshMart Downtown,Toronto,Ontario,Lantic Inc,Canada,1,3.99
2024-03-12,SKU-012,Frozen Edamame 400g,Frozen,President's Choice,GreenGrocer Midtown,Toronto,Ontario,Lantic Inc,Canada,16,13.61
2024-02-25,SKU-013,Oat Milk 1L,Beverages,Oatly,FreshMart Westside,Vancouver,British Columbia,Lantic Inc,Canada,26,2.6
2023-06-01,SKU-001,Organic Whole Milk 2L,Dairy,Natrel,FreshMart Westside,Vancouver,British Columbia,Maple Leaf Foods,Canada,23,16.7
2025-06-20,SKU-002,Sourdough Bread 750g,Bakery,ACE Bakery,GreenGrocer Midtown,Toronto,Ontario,Gordon Food Service,Canada,13,2.57
2023-03-02,SKU-015,Rotisserie Chicken,Deli,In-store,FreshMart Westside,Vancouver,British Columbia,Maple Leaf Foods,Canada,13,16.94
2023-12-23,SKU-003,Free Range Eggs 12pk,Dairy,Burnbrae Farms,GreenGrocer Midtown,Toronto,Ontario,Gordon Food Service,Canada,22,8.32
2023-02-14,SKU-004,Cold Brew Coffee 330ml,Beverages,Pilot Coffee,GreenGrocer Midtown,Toronto,Ontario,Sysco Canada,Canada,12,7.12
2023-10-09,SKU-015,Rotisserie Chicken,Deli,In-store,FreshMart Downtown,Toronto,Ontario,Maple Leaf Foods,Canada,25,16.94
2024-03-06,SKU-015,Rotisserie Chicken,Deli,In-store,FreshMart Downtown,Toronto,Ontario,Gordon Food Service,Canada,20,16.94
2025-12-15,SKU-006,Atlantic Salmon Fillet 400g,Seafood,Ocean Choice,FreshMart Westside,Vancouver,British Columbia,Sysco Canada,Canada,40,17.55
2023-08-31,SKU-015,Rotisserie Chicken,Deli,In-store,FreshMart Uptown,Ottawa,Ontario,Maple Leaf Foods,Canada,10,16.94
2025-12-26,SKU-003,Free Range Eggs 12pk,Dairy,Burnbrae Farms,GreenGrocer Midtown,Toronto,Ontario,Sysco Canada,Canada,25,8.32
2024-05-15,SKU-006,Atlantic Salmon Fillet 400g,Seafood,Ocean Choice,Prairie Pantry,Calgary,Alberta,Lantic Inc,Canada,3,17.55
2024-08-25,SKU-010,Dark Chocolate 85g,Snacks,Lindt,GreenGrocer Midtown,Toronto,Ontario,Premium Brands,Canada,10,2.68
2023-09-16,SKU-001,Organic Whole Milk 2L,Dairy,Natrel,FreshMart Uptown,Ottawa,Ontario,Gordon Food Service,Canada,33,16.7
2023-06-16,SKU-015,Rotisserie Chicken,Deli,In-store,Metro Fresh,Montreal,Quebec,Sysco Canada,Canada,31,16.94
2025-11-07,SKU-010,Dark Chocolate 85g,Snacks,Lindt,FreshMart Downtown,Toronto,Ontario,Sysco Canada,Canada,25,2.68
2025-10-18,SKU-011,Almond Butter 500g,Pantry,Maranatha,Prairie Pantry,Calgary,Alberta,Gordon Food Service,Canada,34,7.02
2025-12-12,SKU-006,Atlantic Salmon Fillet 400g,Seafood,Ocean Choice,FreshMart Uptown,Ottawa,Ontario,Gordon Food Service,Canada,45,17.55
2025-04-01,SKU-008,Aged Cheddar 400g,Dairy,Black Diamond,Metro Fresh,Montreal,Quebec,Gordon Food Service,Canada,41,3.99
2024-02-29,SKU-010,Dark Chocolate 85g,Snacks,Lindt,FreshMart Uptown,Ottawa,Ontario,Maple Leaf Foods,Canada,15,2.68
2024-03-23,SKU-008,Aged Cheddar 400g,Dairy,Black Diamond,GreenGrocer Midtown,Toronto,Ontario,Lantic Inc,Canada,20,3.99
2025-02-05,SKU-007,Baby Spinach 142g,Produce,Earthbound Farm,Prairie Pantry,Calgary,Alberta,Sysco Canada,Canada,17,22.51
2025-06-29,SKU-003,Free Range Eggs 12pk,Dairy,Burnbrae Farms,FreshMart Downtown,Toronto,Ontario,Gordon Food Service,Canada,34,8.32
2025-11-15,SKU-010,Dark Chocolate 85g,Snacks,Lindt,FreshMart Downtown,Toronto,Ontario,Lantic Inc,Canada,40,2.68
2025-04-17,SKU-008,Aged Cheddar 400g,Dairy,Black Diamond,Metro Fresh,Montreal,Quebec,Lantic Inc,Canada,24,3.99
2023-02-20,SKU-006,Atlantic Salmon Fillet 400g,Seafood,Ocean Choice,FreshMart Westside,Vancouver,British Columbia,Lantic Inc,Canada,12,17.55
2025-01-05,SKU-005,Greek Yogurt 500g,Dairy,Olympic,FreshMart Uptown,Ottawa,Ontario,Maple Leaf Foods,Canada,6,18.93
2023-06-10,SKU-009,Sparkling Water 6pk,Beverages,San Pellegrino,Prairie Pantry,Calgary,Alberta,Premium Brands,Canada,18,11.69
2025-01-07,SKU-002,Sourdough Bread 750g,Bakery,ACE Bakery,FreshMart Downtown,Toronto,Ontario,Maple Leaf Foods,Canada,3,2.57
2024-05-27,SKU-006,Atlantic Salmon Fillet 400g,Seafood,Ocean Choice,GreenGrocer Midtown,Toronto,Ontario,Gordon Food Service,Canada,20,17.55
2024-01-26,SKU-013,Oat Milk 1L,Beverages,Oatly,FreshMart Uptown,Ottawa,Ontario,Gordon Food Service,Canada,46,2.6
2024-06-18,SKU-003,Free Range Eggs 12pk,Dairy,Burnbrae Farms,FreshMart Uptown,Ottawa,Ontario,Premium Brands,Canada,1,8.32
2025-04-10,SKU-005,Greek Yogurt 500g,Dairy,Olympic,FreshMart Westside,Vancouver,British Columbia,Lantic Inc,Canada,38,18.93
2023-11-02,SKU-001,Organic Whole Milk 2L,Dairy,Natrel,Metro Fresh,Montreal,Quebec,Premium Brands,Canada,26,16.7
2025-08-29,SKU-012,Frozen Edamame 400g,Frozen,President's Choice,FreshMart Uptown,Ottawa,Ontario,Sysco Canada,Canada,15,13.61
2025-08-02,SKU-013,Oat Milk 1L,Beverages,Oatly,Prairie Pantry,Calgary,Alberta,Lantic Inc,Canada,22,2.6
2025-05-05,SKU-006,Atlantic Salmon Fillet 400g,Seafood,Ocean Choice,GreenGrocer Midtown,Toronto,Ontario,Lantic Inc,Canada,14,17.55
2025-02-06,SKU-014,Avocado each,Produce,Fresh Direct,Prairie Pantry,Calgary,Alberta,Maple Leaf Foods,Canada,9,6.56
2025-10-20,SKU-003,Free Range Eggs 12pk,Dairy,Burnbrae Farms,FreshMart Westside,Vancouver,British Columbia,Maple Leaf Foods,Canada,43,8.32
2025-05-21,SKU-006,Atlantic Salmon Fillet 400g,Seafood,Ocean Choice,GreenGrocer Midtown,Toronto,Ontario,Lantic Inc,Canada,44,17.55
2024-09-05,SKU-013,Oat Milk 1L,Beverages,Oatly,FreshMart Uptown,Ottawa,Ontario,Premium Brands,Canada,21,2.6
2023-11-11,SKU-010,Dark Chocolate 85g,Snacks,Lindt,FreshMart Downtown,Toronto,Ontario,Sysco Canada,Canada,22,2.68
2025-03-11,SKU-013,Oat Milk 1L,Beverages,Oatly,Prairie Pantry,Calgary,Alberta,Premium Brands,Canada,25,2.6
2025-03-02,SKU-007,Baby Spinach 142g,Produce,Earthbound Farm,FreshMart Downtown,Toronto,Ontario,Premium Brands,Canada,13,22.51
2024-09-15,SKU-006,Atlantic Salmon Fillet 400g,Seafood,Ocean Choice,Prairie Pantry,Calgary,Alberta,Lantic Inc,Canada,6,17.55
2023-03-07,SKU-011,Almond Butter 500g,Pantry,Maranatha,Prairie Pantry,Calgary,Alberta,Sysco Canada,Canada,45,7.02
2023-05-23,SKU-001,Organic Whole Milk 2L,Dairy,Natrel,GreenGrocer Midtown,Toronto,Ontario,Sysco Canada,Canada,25,16.7
2023-05-24,SKU-004,Cold Brew Coffee 330ml,Beverages,Pilot Coffee,FreshMart Westside,Vancouver,British Columbia,Premium Brands,Canada,30,7.12
2024-10-31,SKU-009,Sparkling Water 6pk,Beverages,San Pellegrino,FreshMart Downtown,Toronto,Ontario,Sysco Canada,Canada,27,11.69
2025-05-06,SKU-002,Sourdough Bread 750g,Bakery,ACE Bakery,GreenGrocer Midtown,Toronto,Ontario,Premium Brands,Canada,31,2.57
2024-02-26,SKU-007,Baby Spinach 142g,Produce,Earthbound Farm,GreenGrocer Midtown,Toronto,Ontario,Sysco Canada,Canada,20,22.51
2023-11-22,SKU-012,Frozen Edamame 400g,Frozen,President's Choice,FreshMart Uptown,Ottawa,Ontario,Lantic Inc,Canada,39,13.61
2025-10-26,SKU-005,Greek Yogurt 500g,Dairy,Olympic,Prairie Pantry,Calgary,Alberta,Sysco Canada,Canada,46,18.93
2023-10-20,SKU-005,Greek Yogurt 500g,Dairy,Olympic,GreenGrocer Midtown,Toronto,Ontario,Maple Leaf Foods,Canada,29,18.93
2025-12-12,SKU-007,Baby Spinach 142g,Produce,Earthbound Farm,Prairie Pantry,Calgary,Alberta,Sysco Canada,Canada,22,22.51
2025-08-05,SKU-015,Rotisserie Chicken,Deli,In-store,Metro Fresh,Montreal,Quebec,Lantic Inc,Canada,37,16.94
2024-12-11,SKU-002,Sourdough Bread 750g,Bakery,ACE Bakery,FreshMart Westside,Vancouver,British Columbia,Lantic Inc,Canada,45,2.57
2023-12-25,SKU-013,Oat Milk 1L,Beverages,Oatly,FreshMart Westside,Vancouver,British Columbia,Lantic Inc,Canada,27,2.6
2025-07-26,SKU-015,Rotisserie Chicken,Deli,In-store,Prairie Pantry,Calgary,Alberta,Lantic Inc,Canada,25,16.94
2023-07-15,SKU-003,Free Range Eggs 12pk,Dairy,Burnbrae Farms,FreshMart Uptown,Ottawa,Ontario,Premium Brands,Canada,26,8.32
2024-07-14,SKU-001,Organic Whole Milk 2L,Dairy,Natrel,GreenGrocer Midtown,Toronto,Ontario,Sysco Canada,Canada,41,16.7
2025-10-07,SKU-011,Almond Butter 500g,Pantry,Maranatha,FreshMart Downtown,Toronto,Ontario,Sysco Canada,Canada,27,7.02
2023-06-06,SKU-009,Sparkling Water 6pk,Beverages,San Pellegrino,FreshMart Downtown,Toronto,Ontario,Gordon Food Service,Canada,49,11.69
2025-07-12,SKU-013,Oat Milk 1L,Beverages,Oatly,FreshMart Westside,Vancouver,British Columbia,Lantic Inc,Canada,11,2.6
2023-02-24,SKU-009,Sparkling Water 6pk,Beverages,San Pellegrino,FreshMart Downtown,Toronto,Ontario,Lantic Inc,Canada,5,11.69
2025-02-19,SKU-011,Almond Butter 500g,Pantry,Maranatha,FreshMart Uptown,Ottawa,Ontario,Lantic Inc,Canada,22,7.02
2023-03-19,SKU-014,Avocado each,Produce,Fresh Direct,GreenGrocer Midtown,Toronto,Ontario,Lantic Inc,Canada,1,6.56
2025-08-08,SKU-012,Frozen Edamame 400g,Frozen,President's Choice,GreenGrocer Midtown,Toronto,Ontario,Gordon Food Service,Canada,32,13.61
2025-06-15,SKU-002,Sourdough Bread 750g,Bakery,ACE Bakery,Prairie Pantry,Calgary,Alberta,Sysco Canada,Canada,9,2.57
2023-02-06,SKU-005,Greek Yogurt 500g,Dairy,Olympic,GreenGrocer Midtown,Toronto,Ontario,Sysco Canada,Canada,39,18.93
2025-03-11,SKU-005,Greek Yogurt 500g,Dairy,Olympic,FreshMart Downtown,Toronto,Ontario,Premium Brands,Canada,11,18.93
2023-11-11,SKU-013,Oat Milk 1L,Beverages,Oatly,FreshMart Downtown,Toronto,Ontario,Gordon Food Service,Canada,29,2.6
2025-12-26,SKU-004,Cold Brew Coffee 330ml,Beverages,Pilot Coffee,FreshMart Uptown,Ottawa,Ontario,Maple Leaf Foods,Canada,14,7.12
2023-07-30,SKU-001,Organic Whole Milk 2L,Dairy,Natrel,FreshMart Uptown,Ottawa,Ontario,Premium Brands,Canada,25,16.7
2023-01-10,SKU-008,Aged Cheddar 400g,Dairy,Black Diamond,FreshMart Downtown,Toronto,Ontario,Premium Brands,Canada,4,3.99
2025-02-06,SKU-013,Oat Milk 1L,Beverages,Oatly,GreenGrocer Midtown,Toronto,Ontario,Sysco Canada,Canada,16,2.6
2023-01-30,SKU-001,Organic Whole Milk 2L,Dairy,Natrel,Metro Fresh,Montreal,Quebec,Maple Leaf Foods,Canada,22,16.7
2024-03-27,SKU-011,Almond Butter 500g,Pantry,Maranatha,FreshMart Uptown,Ottawa,Ontario,Maple Leaf Foods,Canada,7,7.02
2023-12-09,SKU-014,Avocado each,Produce,Fresh Direct,FreshMart Uptown,Ottawa,Ontario,Sysco Canada,Canada,3,6.56
2024-01-24,SKU-002,Sourdough Bread 750g,Bakery,ACE Bakery,FreshMart Westside,Vancouver,British Columbia,Gordon Food Service,Canada,40,2.57
2023-09-05,SKU-009,Sparkling Water 6pk,Beverages,San Pellegrino,Metro Fresh,Montreal,Quebec,Lantic Inc,Canada,15,11.69
2023-01-31,SKU-006,Atlantic Salmon Fillet 400g,Seafood,Ocean Choice,FreshMart Westside,Vancouver,British Columbia,Sysco Canada,Canada,26,17.55
2025-07-28,SKU-001,Organic Whole Milk 2L,Dairy,Natrel,Metro Fresh,Montreal,Quebec,Sysco Canada,Canada,15,16.7
2025-01-25,SKU-014,Avocado each,Produce,Fresh Direct,FreshMart Westside,Vancouver,British Columbia,Premium Brands,Canada,3,6.56
2025-10-20,SKU-004,Cold Brew Coffee 330ml,Beverages,Pilot Coffee,Metro Fresh,Montreal,Quebec,Gordon Food Service,Canada,7,7.12
2024-05-30,SKU-013,Oat Milk 1L,Beverages,Oatly,Prairie Pantry,Calgary,Alberta,Sysco Canada,Canada,7,2.6
2023-09-30,SKU-011,Almond Butter 500g,Pantry,Maranatha,FreshMart Uptown,Ottawa,Ontario,Lantic Inc,Canada,22,7.02
2025-09-14,SKU-013,Oat Milk 1L,Beverages,Oatly,FreshMart Uptown,Ottawa,Ontario,Gordon Food Service,Canada,5,2.6
2025-02-22,SKU-010,Dark Chocolate 85g,Snacks,Lindt,Prairie Pantry,Calgary,Alberta,Lantic Inc,Canada,33,2.68
2023-01-28,SKU-004,Cold Brew Coffee 330ml,Beverages,Pilot Coffee,Prairie Pantry,Calgary,Alberta,Premium Brands,Canada,15,7.12
2024-04-29,,Oat Milk 1L,Beverages,Oatly,FreshMart Downtown,Toronto,Ontario,Gordon Food Service,Canada,48,2.6
2023-10-09,SKU-010,Dark Chocolate 85g,Snacks,Lindt,FreshMart Downtown,Toronto,Ontario,Maple Leaf Foods,Canada,24,2.68
2024-02-23,SKU-004,Cold Brew Coffee 330ml,Beverages,Pilot Coffee,GreenGrocer Midtown,Toronto,Ontario,Lantic Inc,Canada,42,7.12
2025-06-27,SKU-015,Rotisserie Chicken,Deli,In-store,FreshMart Uptown,Ottawa,Ontario,Premium Brands,Canada,48,16.94
2023-03-23,SKU-003,Free Range Eggs 12pk,Dairy,Burnbrae Farms,FreshMart Westside,Vancouver,British Columbia,Gordon Food Service,Canada,34,8.32
2023-02-18,SKU-007,Baby Spinach 142g,Produce,Earthbound Farm,FreshMart Uptown,Ottawa,Ontario,Gordon Food Service,Canada,15,22.51
2024-02-26,SKU-006,Atlantic Salmon Fillet 400g,Seafood,Ocean Choice,FreshMart Westside,Vancouver,British Columbia,Sysco Canada,Canada,35,17.55
2024-03-31,SKU-015,Rotisserie Chicken,Deli,In-store,FreshMart Uptown,Ottawa,Ontario,Sysco Canada,Canada,39,16.94
2025-06-24,SKU-009,Sparkling Water 6pk,Beverages,San Pellegrino,FreshMart Westside,Vancouver,British Columbia,Sysco Canada,Canada,41,11.69
2024-01-30,SKU-014,Avocado each,Produce,Fresh Direct,Metro Fresh,Montreal,Quebec,Maple Leaf Foods,Canada,-4,6.56
2024-02-23,SKU-003,Free Range Eggs 12pk,Dairy,Burnbrae Farms,Prairie Pantry,Calgary,Alberta,Premium Brands,Canada,16,8.32
2024-09-29,SKU-007,Baby Spinach 142g,Produce,Earthbound Farm,FreshMart Uptown,Ottawa,Ontario,Lantic Inc,Canada,11,22.51
2024-05-24,SKU-004,Cold Brew Coffee 330ml,Beverages,Pilot Coffee,Metro Fresh,Montreal,Quebec,Sysco Canada,Canada,20,7.12
2024-07-10,SKU-008,Aged Cheddar 400g,Dairy,Black Diamond,FreshMart Uptown,Ottawa,Ontario,Sysco Canada,Canada,31,3.99
2023-12-10,SKU-006,Atlantic Salmon Fillet 400g,Seafood,Ocean Choice,Metro Fresh,Montreal,Quebec,Lantic Inc,Canada,31,17.55
2023-11-16,SKU-009,Sparkling Water 6pk,Beverages,San Pellegrino,Prairie Pantry,Calgary,Alberta,Lantic Inc,Canada,31,11.69
2024-09-06,SKU-007,Baby Spinach 142g,Produce,Earthbound Farm,Metro Fresh,Montreal,Quebec,Maple Leaf Foods,Canada,-9,22.51
2024-09-18,SKU-005,Greek Yogurt 500g,Dairy,Olympic,Metro Fresh,Montreal,Quebec,Lantic Inc,Canada,30,18.93
2023-05-28,SKU-009,Sparkling Water 6pk,Beverages,San Pellegrino,Prairie Pantry,Calgary,Alberta,Lantic Inc,Canada,22,11.69
2024-01-24,SKU-008,Aged Cheddar 400g,Dairy,Black Diamond,GreenGrocer Midtown,Toronto,Ontario,Sysco Canada,Canada,1,3.99
2025-10-03,,Sparkling Water 6pk,Beverages,San Pellegrino,FreshMart Uptown,Ottawa,Ontario,Gordon Food Service,Canada,26,11.69
2025-09-29,SKU-012,Frozen Edamame 400g,Frozen,President's Choice,FreshMart Westside,Vancouver,British Columbia,Lantic Inc,Canada,20,13.61
2023-03-21,SKU-010,Dark Chocolate 85g,Snacks,Lindt,FreshMart Downtown,Toronto,Ontario,Lantic Inc,Canada,8,2.68
2025-06-12,SKU-010,Dark Chocolate 85g,Snacks,Lindt,GreenGrocer Midtown,Toronto,Ontario,Sysco Canada,Canada,17,2.68
2025-11-09,SKU-013,Oat Milk 1L,Beverages,Oatly,FreshMart Uptown,Ottawa,Ontario,Gordon Food Service,Canada,46,2.6
2025-02-28,SKU-012,Frozen Edamame 400g,Frozen,President's Choice,FreshMart Westside,Vancouver,British Columbia,Maple Leaf Foods,Canada,28,13.61
2025-01-10,SKU-004,Cold Brew Coffee 330ml,Beverages,Pilot Coffee,Metro Fresh,Montreal,Quebec,Maple Leaf Foods,Canada,41,7.12
2024-06-19,SKU-001,Organic Whole Milk 2L,Dairy,Natrel,FreshMart Uptown,Ottawa,Ontario,Sysco Canada,Canada,39,16.7
2024-05-21,SKU-011,Almond Butter 500g,Pantry,Maranatha,GreenGrocer Midtown,Toronto,Ontario,Gordon Food Service,Canada,39,7.02
2023-08-28,SKU-011,Almond Butter 500g,Pantry,Maranatha,GreenGrocer Midtown,Toronto,Ontario,Maple Leaf Foods,Canada,50,7.02
2023-06-14,SKU-012,Frozen Edamame 400g,Frozen,President's Choice,Metro Fresh,Montreal,Quebec,Lantic Inc,Canada,34,13.61
2025-05-24,SKU-015,Rotisserie Chicken,Deli,In-store,Metro Fresh,Montreal,Quebec,Sysco Canada,Canada,17,16.94
2024-09-22,SKU-009,Sparkling Water 6pk,Beverages,San Pellegrino,Prairie Pantry,Calgary,Alberta,Lantic Inc,Canada,47,11.69
2023-08-12,SKU-015,Rotisserie Chicken,Deli,In-store,FreshMart Uptown,Ottawa,Ontario,Maple Leaf Foods,Canada,41,16.94
2024-07-04,SKU-013,Oat Milk 1L,Beverages,Oatly,FreshMart Westside,Vancouver,British Columbia,Sysco Canada,Canada,48,2.6
2023-01-14,SKU-012,Frozen Edamame 400g,Frozen,President's Choice,Metro Fresh,Montreal,Quebec,Gordon Food Service,Canada,11,13.61
2025-05-05,SKU-001,Organic Whole Milk 2L,Dairy,Natrel,FreshMart Downtown,Toronto,Ontario,Maple Leaf Foods,Canada,34,16.7
2023-12-16,SKU-005,Greek Yogurt 500g,Dairy,Olympic,FreshMart Uptown,Ottawa,Ontario,Lantic Inc,Canada,12,18.93
2025-09-23,SKU-012,Frozen Edamame 400g,Frozen,President's Choice,GreenGrocer Midtown,Toronto,Ontario,Sysco Canada,Canada,12,13.61
2024-03-11,SKU-002,Sourdough Bread 750g,Bakery,ACE Bakery,Metro Fresh,Montreal,Quebec,Premium Brands,Canada,12,2.57
2024-06-15,SKU-012,Frozen Edamame 400g,Frozen,President's Choice,GreenGrocer Midtown,Toronto,Ontario,Sysco Canada,Canada,27,13.61
2023-12-07,SKU-015,Rotisserie Chicken,Deli,In-store,Prairie Pantry,Calgary,Alberta,Maple Leaf Foods,Canada,6,16.94
2023-05-12,SKU-007,Baby Spinach 142g,Produce,Earthbound Farm,FreshMart Downtown,Toronto,Ontario,Gordon Food Service,Canada,22,22.51
not-a-date,SKU-004,Cold Brew Coffee 330ml,Beverages,Pilot Coffee,Metro Fresh,Montreal,Quebec,Lantic Inc,Canada,1,7.12
2023-03-27,SKU-001,Organic Whole Milk 2L,Dairy,Natrel,FreshMart Uptown,Ottawa,Ontario,Premium Brands,Canada,7,16.7
2025-12-01,SKU-013,Oat Milk 1L,Beverages,Oatly,FreshMart Downtown,Toronto,Ontario,Lantic Inc,Canada,49,2.6
2025-05-29,SKU-008,Aged Cheddar 400g,Dairy,Black Diamond,Metro Fresh,Montreal,Quebec,Gordon Food Service,Canada,22,3.99
2024-05-05,SKU-015,Rotisserie Chicken,Deli,In-store,FreshMart Westside,Vancouver,British Columbia,Gordon Food Service,Canada,24,16.94
2024-12-30,SKU-007,Baby Spinach 142g,Produce,Earthbound Farm,Prairie Pantry,Calgary,Alberta,Maple Leaf Foods,Canada,22,22.51
2023-10-12,SKU-001,Organic Whole Milk 2L,Dairy,Natrel,Metro Fresh,Montreal,Quebec,Lantic Inc,Canada,2,16.7
2024-05-24,SKU-014,Avocado each,Produce,Fresh Direct,Prairie Pantry,Calgary,Alberta,Gordon Food Service,Canada,24,6.56
2025-11-20,SKU-011,Almond Butter 500g,Pantry,Maranatha,FreshMart Uptown,Ottawa,Ontario,Lantic Inc,Canada,27,7.02
2023-02-04,SKU-001,Organic Whole Milk 2L,Dairy,Natrel,FreshMart Uptown,Ottawa,Ontario,Gordon Food Service,Canada,41,16.7
2025-06-28,SKU-001,Organic Whole Milk 2L,Dairy,Natrel,FreshMart Uptown,Ottawa,Ontario,Gordon Food Service,Canada,15,16.7
2023-06-16,SKU-007,Baby Spinach 142g,Produce,Earthbound Farm,FreshMart Uptown,Ottawa,Ontario,Premium Brands,Canada,23,22.51
2025-02-27,SKU-015,Rotisserie Chicken,Deli,In-store,Metro Fresh,Montreal,Quebec,Maple Leaf Foods,Canada,19,16.94
2025-10-30,SKU-012,Frozen Edamame 400g,Frozen,President's Choice,GreenGrocer Midtown,Toronto,Ontario,Premium Brands,Canada,3,13.61
2025-08-14,SKU-013,Oat Milk 1L,Beverages,Oatly,FreshMart Downtown,Toronto,Ontario,Gordon Food Service,Canada,11,2.6
2024-05-08,SKU-002,Sourdough Bread 750g,Bakery,ACE Bakery,Metro Fresh,Montreal,Quebec,Premium Brands,Canada,16,2.57
2023-08-05,SKU-013,Oat Milk 1L,Beverages,Oatly,FreshMart Uptown,Ottawa,Ontario,Maple Leaf Foods,Canada,28,2.6
2025-02-24,SKU-001,Organic Whole Milk 2L,Dairy,Natrel,GreenGrocer Midtown,Toronto,Ontario,Gordon Food Service,Canada,50,16.7
2023-09-10,SKU-012,Frozen Edamame 400g,Frozen,President's Choice,FreshMart Westside,Vancouver,British Columbia,Lantic Inc,Canada,43,13.61
2023-07-05,SKU-009,Sparkling Water 6pk,Beverages,San Pellegrino,FreshMart Uptown,Ottawa,Ontario,Lantic Inc,Canada,45,11.69
2023-05-13,SKU-004,Cold Brew Coffee 330ml,Beverages,Pilot Coffee,Prairie Pantry,Calgary,Alberta,Premium Brands,Canada,42,7.12
2025-06-13,SKU-015,Rotisserie Chicken,Deli,In-store,FreshMart Uptown,Ottawa,Ontario,Lantic Inc,Canada,15,16.94
2023-08-17,SKU-002,Sourdough Bread 750g,Bakery,ACE Bakery,FreshMart Westside,Vancouver,British Columbia,Maple Leaf Foods,Canada,6,2.57
2025-01-23,SKU-010,Dark Chocolate 85g,Snacks,Lindt,GreenGrocer Midtown,Toronto,Ontario,Maple Leaf Foods,Canada,9,2.68
2024-09-28,SKU-007,Baby Spinach 142g,Produce,Earthbound Farm,Prairie Pantry,Calgary,Alberta,Maple Leaf Foods,Canada,4,22.51
2024-10-16,SKU-004,Cold Brew Coffee 330ml,Beverages,Pilot Coffee,Metro Fresh,Montreal,Quebec,Lantic Inc,Canada,50,7.12
2024-03-30,SKU-011,Almond Butter 500g,Pantry,Maranatha,GreenGrocer Midtown,Toronto,Ontario,Premium Brands,Canada,7,7.02
2023-10-24,SKU-009,Sparkling Water 6pk,Beverages,San Pellegrino,Metro Fresh,Montreal,Quebec,Gordon Food Service,Canada,19,11.69
2023-10-29,SKU-008,Aged Cheddar 400g,Dairy,Black Diamond,FreshMart Uptown,Ottawa,Ontario,Lantic Inc,Canada,39,3.99
2024-10-17,SKU-012,Frozen Edamame 400g,Frozen,President's Choice,FreshMart Uptown,Ottawa,Ontario,Maple Leaf Foods,Canada,20,13.61
2025-09-06,SKU-012,Frozen Edamame 400g,Frozen,President's Choice,FreshMart Downtown,Toronto,Ontario,Gordon Food Service,Canada,41,13.61
2023-05-01,SKU-008,Aged Cheddar 400g,Dairy,Black Diamond,FreshMart Westside,Vancouver,British Columbia,Lantic Inc,Canada,22,3.99
2023-04-18,SKU-012,Frozen Edamame 400g,Frozen,President's Choice,GreenGrocer Midtown,Toronto,Ontario,Sysco Canada,Canada,50,13.61
2024-09-04,SKU-008,Aged Cheddar 400g,Dairy,Black Diamond,FreshMart Uptown,Ottawa,Ontario,Lantic Inc,Canada,43,3.99
2025-03-14,SKU-003,Free Range Eggs 12pk,Dairy,Burnbrae Farms,FreshMart Downtown,Toronto,Ontario,Premium Brands,Canada,22,8.32
2025-03-11,SKU-008,Aged Cheddar 400g,Dairy,Black Diamond,FreshMart Westside,Vancouver,British Columbia,Lantic Inc,Canada,5,3.99
2025-03-17,SKU-005,Greek Yogurt 500g,Dairy,Olympic,FreshMart Westside,Vancouver,British Columbia,Sysco Canada,Canada,7,18.93
2024-09-14,SKU-013,Oat Milk 1L,Beverages,Oatly,Prairie Pantry,Calgary,Alberta,Maple Leaf Foods,Canada,30,2.6
2025-09-15,SKU-010,Dark Chocolate 85g,Snacks,Lindt,GreenGrocer Midtown,Toronto,Ontario,Lantic Inc,Canada,19,2.68
2023-01-19,SKU-004,Cold Brew Coffee 330ml,Beverages,Pilot Coffee,GreenGrocer Midtown,Toronto,Ontario,Sysco Canada,Canada,24,7.12
2025-02-10,SKU-010,Dark Chocolate 85g,Snacks,Lindt,FreshMart Downtown,Toronto,Ontario,Sysco Canada,Canada,28,2.68
2024-12-29,SKU-003,Free Range Eggs 12pk,Dairy,Burnbrae Farms,FreshMart Downtown,Toronto,Ontario,Maple Leaf Foods,Canada,31,8.32
2024-11-24,SKU-001,Organic Whole Milk 2L,Dairy,Natrel,FreshMart Downtown,Toronto,Ontario,Premium Brands,Canada,38,16.7
2024-05-16,SKU-003,Free Range Eggs 12pk,Dairy,Burnbrae Farms,FreshMart Uptown,Ottawa,Ontario,Lantic Inc,Canada,3,8.32
2023-12-20,SKU-007,Baby Spinach 142g,Produce,Earthbound Farm,Metro Fresh,Montreal,Quebec,Gordon Food Service,Canada,42,22.51
2025-08-07,SKU-013,Oat Milk 1L,Beverages,Oatly,FreshMart Uptown,Ottawa,Ontario,Maple Leaf Foods,Canada,42,2.6
2025-01-22,SKU-011,Almond Butter 500g,Pantry,Maranatha,FreshMart Uptown,Ottawa,Ontario,Lantic Inc,Canada,1,7.02
2025-11-09,SKU-002,Sourdough Bread 750g,Bakery,ACE Bakery,FreshMart Downtown,Toronto,Ontario,Lantic Inc,Canada,15,2.57
not-a-date,SKU-010,Dark Chocolate 85g,Snacks,Lindt,Prairie Pantry,Calgary,Alberta,Lantic Inc,Canada,45,2.68
2025-06-07,SKU-003,Free Range Eggs 12pk,Dairy,Burnbrae Farms,Metro Fresh,Montreal,Quebec,Lantic Inc,Canada,20,8.32
2024-01-14,SKU-002,Sourdough Bread 750g,Bakery,ACE Bakery,FreshMart Westside,Vancouver,British Columbia,Maple Leaf Foods,Canada,26,2.57
2025-12-21,SKU-001,Organic Whole Milk 2L,Dairy,Natrel,Metro Fresh,Montreal,Quebec,Premium Brands,Canada,32,16.7
2023-09-12,SKU-014,Avocado each,Produce,Fresh Direct,Prairie Pantry,Calgary,Alberta,Premium Brands,Canada,49,6.56
2024-01-04,SKU-011,Almond Butter 500g,Pantry,Maranatha,FreshMart Downtown,Toronto,Ontario,Sysco Canada,Canada,1,7.02
2023-03-22,SKU-013,Oat Milk 1L,Beverages,Oatly,FreshMart Westside,Vancouver,British Columbia,Maple Leaf Foods,Canada,9,2.6
2024-06-09,SKU-011,Almond Butter 500g,Pantry,Maranatha,GreenGrocer Midtown,Toronto,Ontario,Maple Leaf Foods,Canada,49,7.02
2025-01-14,SKU-002,Sourdough Bread 750g,Bakery,ACE Bakery,Prairie Pantry,Calgary,Alberta,Gordon Food Service,Canada,35,2.57
2024-09-07,SKU-011,Almond Butter 500g,Pantry,Maranatha,FreshMart Downtown,Toronto,Ontario,Sysco Canada,Canada,3,7.02
2025-06-30,SKU-009,Sparkling Water 6pk,Beverages,San Pellegrino,FreshMart Westside,Vancouver,British Columbia,Premium Brands,Canada,9,11.69
2024-12-22,SKU-012,Frozen Edamame 400g,Frozen,President's Choice,FreshMart Westside,Vancouver,British Columbia,Premium Brands,Canada,39,13.61
2023-04-02,SKU-004,Cold Brew Coffee 330ml,Beverages,Pilot Coffee,FreshMart Uptown,Ottawa,Ontario,Maple Leaf Foods,Canada,16,7.12
2023-10-02,SKU-003,Free Range Eggs 12pk,Dairy,Burnbrae Farms,FreshMart Westside,Vancouver,British Columbia,Sysco Canada,Canada,39,8.32
2023-09-21,SKU-010,Dark Chocolate 85g,Snacks,Lindt,FreshMart Westside,Vancouver,British Columbia,Gordon Food Service,Canada,47,2.68
2024-06-17,SKU-002,Sourdough Bread 750g,Bakery,ACE Bakery,Prairie Pantry,Calgary,Alberta,Gordon Food Service,Canada,25,2.57
2023-06-20,SKU-003,Free Range Eggs 12pk,Dairy,Burnbrae Farms,Metro Fresh,Montreal,Quebec,Lantic Inc,Canada,17,8.32
2024-02-22,SKU-012,Frozen Edamame 400g,Frozen,President's Choice,GreenGrocer Midtown,Toronto,Ontario,Premium Brands,Canada,5,13.61
2025-02-01,SKU-005,Greek Yogurt 500g,Dairy,Olympic,FreshMart Uptown,Ottawa,Ontario,Sysco Canada,Canada,37,18.93
2023-12-02,SKU-014,Avocado each,Produce,Fresh Direct,Prairie Pantry,Calgary,Alberta,Premium Brands,Canada,27,6.56
2023-02-23,SKU-006,Atlantic Salmon Fillet 400g,Seafood,Ocean Choice,Metro Fresh,Montreal,Quebec,Lantic Inc,Canada,39,17.55
2023-08-14,SKU-005,Greek Yogurt 500g,Dairy,Olympic,FreshMart Downtown,Toronto,Ontario,Premium Brands,Canada,44,18.93
2025-01-13,SKU-002,Sourdough Bread 750g,Bakery,ACE Bakery,FreshMart Westside,Vancouver,British Columbia,Maple Leaf Foods,Canada,22,2.57
2023-01-21,SKU-003,Free Range Eggs 12pk,Dairy,Burnbrae Farms,GreenGrocer Midtown,Toronto,Ontario,Gordon Food Service,Canada,7,8.32
2023-09-10,SKU-004,Cold Brew Coffee 330ml,Beverages,Pilot Coffee,Metro Fresh,Montreal,Quebec,Maple Leaf Foods,Canada,12,7.12
2025-09-29,SKU-015,Rotisserie Chicken,Deli,In-store,FreshMart Westside,Vancouver,British Columbia,Premium Brands,Canada,7,16.94
2024-07-09,SKU-012,Frozen Edamame 400g,Frozen,President's Choice,Prairie Pantry,Calgary,Alberta,Gordon Food Service,Canada,39,13.61
2025-03-08,SKU-001,Organic Whole Milk 2L,Dairy,Natrel,GreenGrocer Midtown,Toronto,Ontario,Gordon Food Service,Canada,12,16.7
2025-04-04,SKU-012,Frozen Edamame 400g,Frozen,President's Choice,FreshMart Uptown,Ottawa,Ontario,Premium Brands,Canada,31,13.61
2023-11-15,SKU-005,Greek Yogurt 500g,Dairy,Olympic,FreshMart Downtown,Toronto,Ontario,Premium Brands,Canada,43,18.93
2023-04-19,SKU-007,Baby Spinach 142g,Produce,Earthbound Farm,Prairie Pantry,Calgary,Alberta,Gordon Food Service,Canada,47,22.51
2025-05-06,SKU-006,Atlantic Salmon Fillet 400g,Seafood,Ocean Choice,FreshMart Uptown,Ottawa,Ontario,Sysco Canada,Canada,46,17.55
2025-10-25,SKU-008,Aged Cheddar 400g,Dairy,Black Diamond,FreshMart Westside,Vancouver,British Columbia,Lantic Inc,Canada,19,3.99
2024-09-17,SKU-007,Baby Spinach 142g,Produce,Earthbound Farm,Prairie Pantry,Calgary,Alberta,Sysco Canada,Canada,41,22.51
2023-07-04,SKU-005,Greek Yogurt 500g,Dairy,Olympic,Metro Fresh,Montreal,Quebec,Gordon Food Service,Canada,41,18.93
2023-12-05,SKU-012,Frozen Edamame 400g,Frozen,President's Choice,GreenGrocer Midtown,Toronto,Ontario,Maple Leaf Foods,Canada,37,13.61
2025-10-06,SKU-012,Frozen Edamame 400g,Frozen,President's Choice,FreshMart Westside,Vancouver,British Columbia,Premium Brands,Canada,1,13.61
2023-10-07,SKU-007,Baby Spinach 142g,Produce,Earthbound Farm,FreshMart Uptown,Ottawa,Ontario,Premium Brands,Canada,31,22.51
2023-09-13,SKU-011,Almond Butter 500g,Pantry,Maranatha,FreshMart Uptown,Ottawa,Ontario,Premium Brands,Canada,26,7.02
2025-05-20,SKU-004,Cold Brew Coffee 330ml,Beverages,Pilot Coffee,FreshMart Uptown,Ottawa,Ontario,Maple Leaf Foods,Canada,45,-7.12
2023-03-28,SKU-012,Frozen Edamame 400g,Frozen,President's Choice,FreshMart Uptown,Ottawa,Ontario,Premium Brands,Canada,39,13.61
2024-04-05,SKU-003,Free Range Eggs 12pk,Dairy,Burnbrae Farms,FreshMart Uptown,Ottawa,Ontario,Premium Brands,Canada,12,8.32
2024-12-24,SKU-014,Avocado each,Produce,Fresh Direct,GreenGrocer Midtown,Toronto,Ontario,Premium Brands,Canada,4,6.56
2023-08-20,SKU-007,Baby Spinach 142g,Produce,Earthbound Farm,GreenGrocer Midtown,Toronto,Ontario,Gordon Food Service,Canada,22,22.51
2024-08-17,SKU-004,Cold Brew Coffee 330ml,Beverages,Pilot Coffee,Prairie Pantry,Calgary,Alberta,Maple Leaf Foods,Canada,20,7.12
2025-03-17,SKU-005,Greek Yogurt 500g,Dairy,Olympic,GreenGrocer Midtown,Toronto,Ontario,Maple Leaf Foods,Canada,14,18.93
2023-03-14,SKU-015,Rotisserie Chicken,Deli,In-store,FreshMart Uptown,Ottawa,Ontario,Premium Brands,Canada,30,16.94
2024-12-29,SKU-014,Avocado each,Produce,Fresh Direct,Metro Fresh,Montreal,Quebec,Maple Leaf Foods,Canada,1,6.56
2023-08-08,SKU-006,Atlantic Salmon Fillet 400g,Seafood,Ocean Choice,FreshMart Westside,Vancouver,British Columbia,Gordon Food Service,Canada,1,17.55
2024-12-27,SKU-012,Frozen Edamame 400g,Frozen,President's Choice,GreenGrocer Midtown,Toronto,Ontario,Lantic Inc,Canada,1,13.61
2025-12-19,SKU-008,Aged Cheddar 400g,Dairy,Black Diamond,GreenGrocer Midtown,Toronto,Ontario,Maple Leaf Foods,Canada,33,3.99
2023-01-15,SKU-007,Baby Spinach 142g,Produce,Earthbound Farm,FreshMart Downtown,Toronto,Ontario,Lantic Inc,Canada,10,22.51
2025-03-20,SKU-005,Greek Yogurt 500g,Dairy,Olympic,GreenGrocer Midtown,Toronto,Ontario,Lantic Inc,Canada,24,18.93
2024-07-05,SKU-007,Baby Spinach 142g,Produce,Earthbound Farm,GreenGrocer Midtown,Toronto,Ontario,Premium Brands,Canada,7,22.51
2023-10-14,SKU-011,Almond Butter 500g,Pantry,Maranatha,Metro Fresh,Montreal,Quebec,Sysco Canada,Canada,23,7.02
2023-08-15,SKU-001,Organic Whole Milk 2L,Dairy,Natrel,FreshMart Westside,Vancouver,British Columbia,Sysco Canada,Canada,13,16.7
2024-11-09,SKU-003,Free Range Eggs 12pk,Dairy,Burnbrae Farms,Metro Fresh,Montreal,Quebec,Lantic Inc,Canada,3,8.32
2023-09-01,SKU-004,Cold Brew Coffee 330ml,Beverages,Pilot Coffee,Metro Fresh,Montreal,Quebec,Gordon Food Service,Canada,27,7.12
2024-10-27,SKU-008,Aged Cheddar 400g,Dairy,Black Diamond,FreshMart Uptown,Ottawa,Ontario,Sysco Canada,Canada,49,3.99
2025-03-07,SKU-015,Rotisserie Chicken,Deli,In-store,Metro Fresh,Montreal,Quebec,Premium Brands,Canada,9,16.94
2023-11-15,SKU-002,Sourdough Bread 750g,Bakery,ACE Bakery,FreshMart Downtown,Toronto,Ontario,Sysco Canada,Canada,23,2.57
2023-04-17,SKU-013,Oat Milk 1L,Beverages,Oatly,FreshMart Uptown,Ottawa,Ontario,Sysco Canada,Canada,44,2.6
2025-06-08,SKU-007,Baby Spinach 142g,Produce,Earthbound Farm,Prairie Pantry,Calgary,Alberta,Maple Leaf Foods,Canada,31,22.51
2024-05-22,SKU-008,Aged Cheddar 400g,Dairy,Black Diamond,FreshMart Downtown,Toronto,Ontario,Lantic Inc,Canada,40,3.99
2024-07-29,SKU-009,Sparkling Water 6pk,Beverages,San Pellegrino,GreenGrocer Midtown,Toronto,Ontario,Sysco Canada,Canada,50,11.69
2025-05-28,SKU-005,Greek Yogurt 500g,Dairy,Olympic,FreshMart Uptown,Ottawa,Ontario,Sysco Canada,Canada,13,18.93
2024-01-07,SKU-013,Oat Milk 1L,Beverages,Oatly,FreshMart Downtown,Toronto,Ontario,Premium Brands,Canada,13,2.6
2024-04-14,SKU-010,Dark Chocolate 85g,Snacks,Lindt,FreshMart Uptown,Ottawa,Ontario,Sysco Canada,Canada,8,2.68
2023-10-27,SKU-001,Organic Whole Milk 2L,Dairy,Natrel,FreshMart Westside,Vancouver,British Columbia,Sysco Canada,Canada,28,16.7
2025-02-17,SKU-004,Cold Brew Coffee 330ml,Beverages,Pilot Coffee,FreshMart Downtown,Toronto,Ontario,Maple Leaf Foods,Canada,27,-7.12
2025-05-22,SKU-004,Cold Brew Coffee 330ml,Beverages,Pilot Coffee,GreenGrocer Midtown,Toronto,Ontario,Gordon Food Service,Canada,31,7.12
2024-09-15,SKU-007,Baby Spinach 142g,Produce,Earthbound Farm,FreshMart Uptown,Ottawa,Ontario,Maple Leaf Foods,Canada,8,22.51
2024-05-20,SKU-005,Greek Yogurt 500g,Dairy,Olympic,FreshMart Westside,Vancouver,British Columbia,Lantic Inc,Canada,21,18.93
2023-04-17,SKU-003,Free Range Eggs 12pk,Dairy,Burnbrae Farms,FreshMart Downtown,Toronto,Ontario,Maple Leaf Foods,Canada,43,8.32
2024-07-27,SKU-004,Cold Brew Coffee 330ml,Beverages,Pilot Coffee,FreshMart Westside,Vancouver,British Columbia,Lantic Inc,Canada,39,7.12
2025-01-14,SKU-003,Free Range Eggs 12pk,Dairy,Burnbrae Farms,FreshMart Westside,Vancouver,British Columbia,Lantic Inc,Canada,22,8.32
2023-09-24,SKU-002,Sourdough Bread 750g,Bakery,ACE Bakery,FreshMart Uptown,Ottawa,Ontario,Maple Leaf Foods,Canada,22,2.57
2025-12-19,SKU-013,Oat Milk 1L,Beverages,Oatly,FreshMart Westside,Vancouver,British Columbia,Premium Brands,Canada,39,2.6
2025-02-25,SKU-011,Almond Butter 500g,Pantry,Maranatha,FreshMart Westside,Vancouver,British Columbia,Sysco Canada,Canada,6,7.02
2023-09-04,SKU-003,Free Range Eggs 12pk,Dairy,Burnbrae Farms,FreshMart Uptown,Ottawa,Ontario,Premium Brands,Canada,3,8.32
2024-01-31,SKU-015,Rotisserie Chicken,Deli,In-store,FreshMart Uptown,Ottawa,Ontario,Sysco Canada,Canada,46,16.94
2024-12-03,SKU-002,Sourdough Bread 750g,Bakery,ACE Bakery,FreshMart Downtown,Toronto,Ontario,Premium Brands,Canada,20,2.57
2023-11-11,SKU-013,Oat Milk 1L,Beverages,Oatly,GreenGrocer Midtown,Toronto,Ontario,Premium Brands,Canada,3,2.6
2024-12-12,SKU-007,Baby Spinach 142g,Produce,Earthbound Farm,Prairie Pantry,Calgary,Alberta,Gordon Food Service,Canada,24,22.51
2023-05-19,SKU-012,Frozen Edamame 400g,Frozen,President's Choice,FreshMart Downtown,Toronto,Ontario,Lantic Inc,Canada,31,13.61
2023-12-08,SKU-015,Rotisserie Chicken,Deli,In-store,Prairie Pantry,Calgary,Alberta,Maple Leaf Foods,Canada,39,16.94
2023-05-05,SKU-003,Free Range Eggs 12pk,Dairy,Burnbrae Farms,FreshMart Westside,Vancouver,British Columbia,Maple Leaf Foods,Canada,45,8.32
2025-12-26,SKU-014,Avocado each,Produce,Fresh Direct,Metro Fresh,Montreal,Quebec,Lantic Inc,Canada,33,6.56
2025-02-25,SKU-003,Free Range Eggs 12pk,Dairy,Burnbrae Farms,Metro Fresh,Montreal,Quebec,Premium Brands,Canada,36,8.32
2024-02-28,SKU-007,Baby Spinach 142g,Produce,Earthbound Farm,Prairie Pantry,Calgary,Alberta,Gordon Food Service,Canada,12,22.51
2023-01-19,,Dark Chocolate 85g,Snacks,Lindt,GreenGrocer Midtown,Toronto,Ontario,Premium Brands,Canada,33,2.68
2024-09-13,SKU-012,Frozen Edamame 400g,Frozen,President's Choice,Prairie Pantry,Calgary,Alberta,Gordon Food Service,Canada,15,13.61
2023-12-17,SKU-005,Greek Yogurt 500g,Dairy,Olympic,Prairie Pantry,Calgary,Alberta,Maple Leaf Foods,Canada,15,18.93
2023-10-31,SKU-004,Cold Brew Coffee 330ml,Beverages,Pilot Coffee,FreshMart Westside,Vancouver,British Columbia,Maple Leaf Foods,Canada,18,7.12
2024-03-06,SKU-005,Greek Yogurt 500g,Dairy,Olympic,FreshMart Downtown,Toronto,Ontario,Sysco Canada,Canada,35,18.93
2025-01-25,SKU-011,Almond Butter 500g,Pantry,Maranatha,FreshMart Westside,Vancouver,British Columbia,Premium Brands,Canada,21,7.02
2023-10-01,SKU-012,Frozen Edamame 400g,Frozen,President's Choice,Prairie Pantry,Calgary,Alberta,Gordon Food Service,Canada,27,13.61
2023-01-22,SKU-005,Greek Yogurt 500g,Dairy,Olympic,FreshMart Westside,Vancouver,British Columbia,Maple Leaf Foods,Canada,23,18.93
2023-02-02,SKU-005,Greek Yogurt 500g,Dairy,Olympic,GreenGrocer Midtown,Toronto,Ontario,Gordon Food Service,Canada,35,18.93
2025-02-21,SKU-014,Avocado each,Produce,Fresh Direct,Prairie Pantry,Calgary,Alberta,Maple Leaf Foods,Canada,42,6.56
2024-02-27,SKU-011,Almond Butter 500g,Pantry,Maranatha,FreshMart Uptown,Ottawa,Ontario,Premium Brands,Canada,29,7.02
2025-03-20,SKU-005,Greek Yogurt 500g,Dairy,Olympic,GreenGrocer Midtown,Toronto,Ontario,Premium Brands,Canada,10,18.93
2025-01-24,SKU-012,Frozen Edamame 400g,Frozen,President's Choice,FreshMart Uptown,Ottawa,Ontario,Lantic Inc,Canada,10,13.61
2025-07-29,SKU-002,Sourdough Bread 750g,Bakery,ACE Bakery,Metro Fresh,Montreal,Quebec,Sysco Canada,Canada,12,2.57
2025-10-01,SKU-003,Free Range Eggs 12pk,Dairy,Burnbrae Farms,GreenGrocer Midtown,Toronto,Ontario,Premium Brands,Canada,47,8.32
2023-11-30,SKU-005,Greek Yogurt 500g,Dairy,Olympic,FreshMart Downtown,Toronto,Ontario,Gordon Food Service,Canada,12,18.93
2023-05-23,SKU-011,Almond Butter 500g,Pantry,Maranatha,Prairie Pantry,Calgary,Alberta,Sysco Canada,Canada,10,7.02
2023-07-25,SKU-004,Cold Brew Coffee 330ml,Beverages,Pilot Coffee,Metro Fresh,Montreal,Quebec,Lantic Inc,Canada,47,7.12
2023-07-24,SKU-012,Frozen Edamame 400g,Frozen,President's Choice,FreshMart Downtown,Toronto,Ontario,Premium Brands,Canada,25,13.61
2023-09-28,SKU-002,Sourdough Bread 750g,Bakery,ACE Bakery,FreshMart Downtown,Toronto,Ontario,Maple Leaf Foods,Canada,16,2.57
2023-01-28,SKU-005,Greek Yogurt 500g,Dairy,Olympic,GreenGrocer Midtown,Toronto,Ontario,Premium Brands,Canada,1,18.93
2023-06-24,SKU-002,Sourdough Bread 750g,Bakery,ACE Bakery,Prairie Pantry,Calgary,Alberta,Gordon Food Service,Canada,13,2.57
2023-12-01,SKU-013,Oat Milk 1L,Beverages,Oatly,Prairie Pantry,Calgary,Alberta,Lantic Inc,Canada,20,2.6
2024-07-01,SKU-003,Free Range Eggs 12pk,Dairy,Burnbrae Farms,GreenGrocer Midtown,Toronto,Ontario,Maple Leaf Foods,Canada,41,8.32
2024-08-30,SKU-001,Organic Whole Milk 2L,Dairy,Natrel,FreshMart Downtown,Toronto,Ontario,Maple Leaf Foods,Canada,7,16.7
2023-01-03,SKU-014,Avocado each,Produce,Fresh Direct,Metro Fresh,Montreal,Quebec,Sysco Canada,Canada,15,6.56
2024-12-24,SKU-007,Baby Spinach 142g,Produce,Earthbound Farm,Metro Fresh,Montreal,Quebec,Sysco Canada,Canada,42,-22.51
2023-08-19,SKU-015,Rotisserie Chicken,Deli,In-store,FreshMart Uptown,Ottawa,Ontario,Lantic Inc,Canada,32,16.94
2024-07-31,SKU-002,Sourdough Bread 750g,Bakery,ACE Bakery,GreenGrocer Midtown,Toronto,Ontario,Maple Leaf Foods,Canada,23,2.57
2023-06-23,SKU-006,Atlantic Salmon Fillet 400g,Seafood,Ocean Choice,FreshMart Downtown,Toronto,Ontario,Gordon Food Service,Canada,3,17.55
2024-11-16,SKU-003,Free Range Eggs 12pk,Dairy,Burnbrae Farms,Metro Fresh,Montreal,Quebec,Premium Brands,Canada,39,8.32
2024-08-10,SKU-007,Baby Spinach 142g,Produce,Earthbound Farm,GreenGrocer Midtown,Toronto,Ontario,Gordon Food Service,Canada,23,22.51
2024-06-27,SKU-005,Greek Yogurt 500g,Dairy,Olympic,Metro Fresh,Montreal,Quebec,Gordon Food Service,Canada,46,18.93
2023-10-28,SKU-013,Oat Milk 1L,Beverages,Oatly,FreshMart Downtown,Toronto,Ontario,Sysco Canada,Canada,21,2.6
2023-05-18,SKU-008,Aged Cheddar 400g,Dairy,Black Diamond,FreshMart Uptown,Ottawa,Ontario,Lantic Inc,Canada,8,3.99
2023-07-05,SKU-012,Frozen Edamame 400g,Frozen,President's Choice,FreshMart Westside,Vancouver,British Columbia,Sysco Canada,Canada,21,13.61
2024-10-15,SKU-003,Free Range Eggs 12pk,Dairy,Burnbrae Farms,Metro Fresh,Montreal,Quebec,Gordon Food Service,Canada,32,8.32
2024-11-13,SKU-012,Frozen Edamame 400g,Frozen,President's Choice,Metro Fresh,Montreal,Quebec,Premium Brands,Canada,9,13.61
2025-05-07,SKU-011,Almond Butter 500g,Pantry,Maranatha,GreenGrocer Midtown,Toronto,Ontario,Lantic Inc,Canada,36,7.02
2024-04-16,SKU-009,Sparkling Water 6pk,Beverages,San Pellegrino,Metro Fresh,Montreal,Quebec,Premium Brands,Canada,25,11.69
2024-03-25,SKU-012,Frozen Edamame 400g,Frozen,President's Choice,Metro Fresh,Montreal,Quebec,Premium Brands,Canada,45,13.61
2023-02-05,SKU-006,Atlantic Salmon Fillet 400g,Seafood,Ocean Choice,FreshMart Downtown,Toronto,Ontario,Sysco Canada,Canada,24,17.55
2024-12-16,SKU-003,Free Range Eggs 12pk,Dairy,Burnbrae Farms,FreshMart Downtown,Toronto,Ontario,Maple Leaf Foods,Canada,24,8.32
2025-07-31,SKU-014,Avocado each,Produce,Fresh Direct,GreenGrocer Midtown,Toronto,Ontario,Gordon Food Service,Canada,10,6.56
2024-03-07,SKU-009,Sparkling Water 6pk,Beverages,San Pellegrino,Metro Fresh,Montreal,Quebec,Sysco Canada,Canada,15,11.69
2025-02-12,SKU-003,Free Range Eggs 12pk,Dairy,Burnbrae Farms,FreshMart Downtown,Toronto,Ontario,Sysco Canada,Canada,47,8.32
not-a-date,SKU-007,Baby Spinach 142g,Produce,Earthbound Farm,FreshMart Westside,Vancouver,British Columbia,Maple Leaf Foods,Canada,43,22.51
2023-10-28,SKU-010,Dark Chocolate 85g,Snacks,Lindt,GreenGrocer Midtown,Toronto,Ontario,Maple Leaf Foods,Canada,24,2.68
2025-05-02,SKU-004,Cold Brew Coffee 330ml,Beverages,Pilot Coffee,FreshMart Downtown,Toronto,Ontario,Maple Leaf Foods,Canada,10,7.12
2025-12-16,SKU-008,Aged Cheddar 400g,Dairy,Black Diamond,FreshMart Uptown,Ottawa,Ontario,Sysco Canada,Canada,45,3.99
2025-06-28,SKU-008,Aged Cheddar 400g,Dairy,Black Diamond,Metro Fresh,Montreal,Quebec,Gordon Food Service,Canada,42,3.99
2023-05-03,SKU-005,Greek Yogurt 500g,Dairy,Olympic,FreshMart Downtown,Toronto,Ontario,Sysco Canada,Canada,42,18.93
2023-11-25,SKU-013,Oat Milk 1L,Beverages,Oatly,GreenGrocer Midtown,Toronto,Ontario,Premium Brands,Canada,1,2.6
2024-06-12,SKU-007,Baby Spinach 142g,Produce,Earthbound Farm,FreshMart Uptown,Ottawa,Ontario,Lantic Inc,Canada,37,22.51
2023-11-18,SKU-012,Frozen Edamame 400g,Frozen,President's Choice,GreenGrocer Midtown,Toronto,Ontario,Lantic Inc,Canada,18,13.61
2024-03-09,SKU-009,Sparkling Water 6pk,Beverages,San Pellegrino,Metro Fresh,Montreal,Quebec,Sysco Canada,Canada,26,11.69
2023-06-08,SKU-004,Cold Brew Coffee 330ml,Beverages,Pilot Coffee,Metro Fresh,Montreal,Quebec,Sysco Canada,Canada,45,7.12
2025-02-18,SKU-006,Atlantic Salmon Fillet 400g,Seafood,Ocean Choice,FreshMart Uptown,Ottawa,Ontario,Lantic Inc,Canada,11,17.55
2024-02-03,SKU-006,Atlantic Salmon Fillet 400g,Seafood,Ocean Choice,FreshMart Uptown,Ottawa,Ontario,Lantic Inc,Canada,18,17.55
2024-11-18,SKU-002,Sourdough Bread 750g,Bakery,ACE Bakery,FreshMart Westside,Vancouver,British Columbia,Premium Brands,Canada,2,2.57
2023-05-14,SKU-003,Free Range Eggs 12pk,Dairy,Burnbrae Farms,Prairie Pantry,Calgary,Alberta,Maple Leaf Foods,Canada,14,8.32
2024-02-18,SKU-013,Oat Milk 1L,Beverages,Oatly,FreshMart Westside,Vancouver,British Columbia,Sysco Canada,Canada,41,2.6
2023-04-02,SKU-004,Cold Brew Coffee 330ml,Beverages,Pilot Coffee,FreshMart Westside,Vancouver,British Columbia,Maple Leaf Foods,Canada,37,7.12
2024-10-06,SKU-008,Aged Cheddar 400g,Dairy,Black Diamond,FreshMart Downtown,Toronto,Ontario,Maple Leaf Foods,Canada,6,3.99
2025-03-26,SKU-001,Organic Whole Milk 2L,Dairy,Natrel,FreshMart Westside,Vancouver,British Columbia,Gordon Food Service,Canada,33,16.7
2023-09-23,SKU-013,Oat Milk 1L,Beverages,Oatly,Metro Fresh,Montreal,Quebec,Gordon Food Service,Canada,45,2.6
2023-07-26,SKU-006,Atlantic Salmon Fillet 400g,Seafood,Ocean Choice,Metro Fresh,Montreal,Quebec,Premium Brands,Canada,33,17.55
2025-02-21,SKU-003,Free Range Eggs 12pk,Dairy,Burnbrae Farms,FreshMart Downtown,Toronto,Ontario,Premium Brands,Canada,31,8.32
2023-11-27,SKU-014,Avocado each,Produce,Fresh Direct,FreshMart Downtown,Toronto,Ontario,Gordon Food Service,Canada,10,6.56
2024-04-19,SKU-002,Sourdough Bread 750g,Bakery,ACE Bakery,FreshMart Uptown,Ottawa,Ontario,Maple Leaf Foods,Canada,14,2.57
2025-10-24,SKU-011,Almond Butter 500g,Pantry,Maranatha,GreenGrocer Midtown,Toronto,Ontario,Sysco Canada,Canada,34,7.02
2024-11-30,SKU-010,Dark Chocolate 85g,Snacks,Lindt,FreshMart Uptown,Ottawa,Ontario,Premium Brands,Canada,29,2.68
2025-06-01,SKU-006,Atlantic Salmon Fillet 400g,Seafood,Ocean Choice,FreshMart Westside,Vancouver,British Columbia,Gordon Food Service,Canada,3,17.55
2024-05-04,SKU-013,Oat Milk 1L,Beverages,Oatly,FreshMart Uptown,Ottawa,Ontario,Lantic Inc,Canada,14,2.6
2025-10-15,SKU-010,Dark Chocolate 85g,Snacks,Lindt,FreshMart Downtown,Toronto,Ontario,Sysco Canada,Canada,7,2.68
2023-06-28,SKU-003,Free Range Eggs 12pk,Dairy,Burnbrae Farms,FreshMart Westside,Vancouver,British Columbia,Premium Brands,Canada,32,8.32
2023-11-27,SKU-006,Atlantic Salmon Fillet 400g,Seafood,Ocean Choice,GreenGrocer Midtown,Toronto,Ontario,Gordon Food Service,Canada,5,17.55
2023-05-26,SKU-006,Atlantic Salmon Fillet 400g,Seafood,Ocean Choice,FreshMart Westside,Vancouver,British Columbia,Maple Leaf Foods,Canada,12,17.55
2024-06-08,SKU-008,Aged Cheddar 400g,Dairy,Black Diamond,FreshMart Westside,Vancouver,British Columbia,Lantic Inc,Canada,49,3.99
2025-09-26,SKU-011,Almond Butter 500g,Pantry,Maranatha,GreenGrocer Midtown,Toronto,Ontario,Maple Leaf Foods,Canada,3,7.02
2023-09-22,SKU-005,Greek Yogurt 500g,Dairy,Olympic,Metro Fresh,Montreal,Quebec,Lantic Inc,Canada,29,18.93
2025-02-04,SKU-014,Avocado each,Produce,Fresh Direct,Prairie Pantry,Calgary,Alberta,Gordon Food Service,Canada,6,6.56
2023-03-29,SKU-009,Sparkling Water 6pk,Beverages,San Pellegrino,Metro Fresh,Montreal,Quebec,Gordon Food Service,Canada,40,11.69
2023-01-17,SKU-001,Organic Whole Milk 2L,Dairy,Natrel,FreshMart Uptown,Ottawa,Ontario,Sysco Canada,Canada,10,16.7
2025-03-28,SKU-005,Greek Yogurt 500g,Dairy,Olympic,Metro Fresh,Montreal,Quebec,Sysco Canada,Canada,5,18.93
2024-12-15,SKU-014,Avocado each,Produce,Fresh Direct,Metro Fresh,Montreal,Quebec,Maple Leaf Foods,Canada,30,6.56
2023-06-25,SKU-009,Sparkling Water 6pk,Beverages,San Pellegrino,Metro Fresh,Montreal,Quebec,Maple Leaf Foods,Canada,12,11.69
2024-02-13,SKU-015,Rotisserie Chicken,Deli,In-store,Metro Fresh,Montreal,Quebec,Lantic Inc,Canada,26,16.94
2025-09-22,SKU-006,Atlantic Salmon Fillet 400g,Seafood,Ocean Choice,FreshMart Westside,Vancouver,British Columbia,Premium Brands,Canada,14,17.55
2025-07-19,SKU-008,Aged Cheddar 400g,Dairy,Black Diamond,FreshMart Downtown,Toronto,Ontario,Gordon Food Service,Canada,3,3.99
2024-10-17,SKU-008,Aged Cheddar 400g,Dairy,Black Diamond,GreenGrocer Midtown,Toronto,Ontario,Sysco Canada,Canada,37,3.99
2025-01-10,SKU-010,Dark Chocolate 85g,Snacks,Lindt,Metro Fresh,Montreal,Quebec,Maple Leaf Foods,Canada,28,2.68
2023-02-16,SKU-004,Cold Brew Coffee 330ml,Beverages,Pilot Coffee,FreshMart Downtown,Toronto,Ontario,Sysco Canada,Canada,49,7.12
2023-06-21,SKU-005,Greek Yogurt 500g,Dairy,Olympic,FreshMart Westside,Vancouver,British Columbia,Sysco Canada,Canada,10,18.93
2025-07-13,SKU-007,Baby Spinach 142g,Produce,Earthbound Farm,FreshMart Downtown,Toronto,Ontario,Gordon Food Service,Canada,27,22.51
2023-04-21,SKU-011,Almond Butter 500g,Pantry,Maranatha,FreshMart Westside,Vancouver,British Columbia,Sysco Canada,Canada,6,7.02
2023-12-03,SKU-007,Baby Spinach 142g,Produce,Earthbound Farm,FreshMart Westside,Vancouver,British Columbia,Gordon Food Service,Canada,13,22.51
2023-11-26,SKU-007,Baby Spinach 142g,Produce,Earthbound Farm,Metro Fresh,Montreal,Quebec,Lantic Inc,Canada,45,22.51
2025-03-07,SKU-015,Rotisserie Chicken,Deli,In-store,FreshMart Uptown,Ottawa,Ontario,Premium Brands,Canada,1,16.94
2023-06-09,SKU-015,Rotisserie Chicken,Deli,In-store,Prairie Pantry,Calgary,Alberta,Sysco Canada,Canada,47,16.94
2024-10-10,SKU-010,Dark Chocolate 85g,Snacks,Lindt,GreenGrocer Midtown,Toronto,Ontario,Gordon Food Service,Canada,1,2.68
2024-10-10,SKU-008,Aged Cheddar 400g,Dairy,Black Diamond,GreenGrocer Midtown,Toronto,Ontario,Lantic Inc,Canada,8,3.99
2025-12-02,SKU-011,Almond Butter 500g,Pantry,Maranatha,Metro Fresh,Montreal,Quebec,Gordon Food Service,Canada,47,7.02
2023-07-19,SKU-008,Aged Cheddar 400g,Dairy,Black Diamond,GreenGrocer Midtown,Toronto,Ontario,Lantic Inc,Canada,-4,3.99
2025-02-12,SKU-009,Sparkling Water 6pk,Beverages,San Pellegrino,GreenGrocer Midtown,Toronto,Ontario,Premium Brands,Canada,14,11.69
2023-01-30,SKU-004,Cold Brew Coffee 330ml,Beverages,Pilot Coffee,FreshMart Uptown,Ottawa,Ontario,Premium Brands,Canada,24,7.12
2025-10-25,SKU-001,Organic Whole Milk 2L,Dairy,Natrel,FreshMart Westside,Vancouver,British Columbia,Gordon Food Service,Canada,8,16.7
2025-04-20,SKU-011,Almond Butter 500g,Pantry,Maranatha,Metro Fresh,Montreal,Quebec,Lantic Inc,Canada,23,7.02
2024-11-18,SKU-009,Sparkling Water 6pk,Beverages,San Pellegrino,Metro Fresh,Montreal,Quebec,Premium Brands,Canada,8,11.69
2023-12-29,SKU-008,Aged Cheddar 400g,Dairy,Black Diamond,Metro Fresh,Montreal,Quebec,Gordon Food Service,Canada,36,3.99
2024-08-06,SKU-009,Sparkling Water 6pk,Beverages,San Pellegrino,Metro Fresh,Montreal,Quebec,Lantic Inc,Canada,43,11.69
2023-07-23,SKU-007,Baby Spinach 142g,Produce,Earthbound Farm,FreshMart Uptown,Ottawa,Ontario,Gordon Food Service,Canada,6,22.51
2025-04-22,SKU-002,Sourdough Bread 750g,Bakery,ACE Bakery,FreshMart Downtown,Toronto,Ontario,Maple Leaf Foods,Canada,7,2.57
2023-07-24,SKU-013,Oat Milk 1L,Beverages,Oatly,Prairie Pantry,Calgary,Alberta,Premium Brands,Canada,41,2.6
2025-05-11,SKU-010,Dark Chocolate 85g,Snacks,Lindt,FreshMart Downtown,Toronto,Ontario,Gordon Food Service,Canada,14,2.68
2023-08-23,SKU-008,Aged Cheddar 400g,Dairy,Black Diamond,Prairie Pantry,Calgary,Alberta,Lantic Inc,Canada,13,3.99
2025-04-25,SKU-002,Sourdough Bread 750g,Bakery,ACE Bakery,FreshMart Westside,Vancouver,British Columbia,Lantic Inc,Canada,42,2.57
2025-02-06,SKU-012,Frozen Edamame 400g,Frozen,President's Choice,Metro Fresh,Montreal,Quebec,Maple Leaf Foods,Canada,15,13.61
2024-09-21,SKU-005,Greek Yogurt 500g,Dairy,Olympic,FreshMart Uptown,Ottawa,Ontario,Gordon Food Service,Canada,27,18.93
2023-02-01,SKU-001,Organic Whole Milk 2L,Dairy,Natrel,Metro Fresh,Montreal,Quebec,Maple Leaf Foods,Canada,2,16.7
2024-10-12,SKU-006,Atlantic Salmon Fillet 400g,Seafood,Ocean Choice,Prairie Pantry,Calgary,Alberta,Premium Brands,Canada,22,17.55
2025-03-12,SKU-010,Dark Chocolate 85g,Snacks,Lindt,Metro Fresh,Montreal,Quebec,Sysco Canada,Canada,13,2.68
2025-05-28,SKU-007,Baby Spinach 142g,Produce,Earthbound Farm,FreshMart Downtown,Toronto,Ontario,Premium Brands,Canada,9,22.51
2025-04-05,SKU-007,Baby Spinach 142g,Produce,Earthbound Farm,FreshMart Uptown,Ottawa,Ontario,Sysco Canada,Canada,21,22.51
2023-09-16,SKU-007,Baby Spinach 142g,Produce,Earthbound Farm,GreenGrocer Midtown,Toronto,Ontario,Maple Leaf Foods,Canada,33,22.51
2023-11-22,SKU-010,Dark Chocolate 85g,Snacks,Lindt,Metro Fresh,Montreal,Quebec,Gordon Food Service,Canada,21,2.68
2023-01-24,SKU-002,Sourdough Bread 750g,Bakery,ACE Bakery,FreshMart Downtown,Toronto,Ontario,Lantic Inc,Canada,41,2.57
2023-06-11,SKU-003,Free Range Eggs 12pk,Dairy,Burnbrae Farms,FreshMart Downtown,Toronto,Ontario,Premium Brands,Canada,37,8.32
2025-07-18,SKU-012,Frozen Edamame 400g,Frozen,President's Choice,FreshMart Uptown,Ottawa,Ontario,Sysco Canada,Canada,41,13.61
2024-03-30,SKU-006,Atlantic Salmon Fillet 400g,Seafood,Ocean Choice,GreenGrocer Midtown,Toronto,Ontario,Sysco Canada,Canada,20,17.55
2024-06-17,SKU-014,Avocado each,Produce,Fresh Direct,GreenGrocer Midtown,Toronto,Ontario,Lantic Inc,Canada,43,6.56
2023-07-31,SKU-002,Sourdough Bread 750g,Bakery,ACE Bakery,GreenGrocer Midtown,Toronto,Ontario,Maple Leaf Foods,Canada,8,2.57
2023-10-18,SKU-010,Dark Chocolate 85g,Snacks,Lindt,FreshMart Downtown,Toronto,Ontario,Maple Leaf Foods,Canada,19,2.68
2025-10-09,SKU-003,Free Range Eggs 12pk,Dairy,Burnbrae Farms,FreshMart Downtown,Toronto,Ontario,Maple Leaf Foods,Canada,24,8.32
2025-10-02,SKU-004,Cold Brew Coffee 330ml,Beverages,Pilot Coffee,Metro Fresh,Montreal,Quebec,Maple Leaf Foods,Canada,2,7.12
2024-03-06,SKU-008,Aged Cheddar 400g,Dairy,Black Diamond,FreshMart Uptown,Ottawa,Ontario,Maple Leaf Foods,Canada,44,3.99
2023-11-26,SKU-015,Rotisserie Chicken,Deli,In-store,FreshMart Westside,Vancouver,British Columbia,Lantic Inc,Canada,12,16.94
2023-03-06,SKU-015,Rotisserie Chicken,Deli,In-store,GreenGrocer Midtown,Toronto,Ontario,Premium Brands,Canada,8,16.94
2023-01-11,SKU-006,Atlantic Salmon Fillet 400g,Seafood,Ocean Choice,Metro Fresh,Montreal,Quebec,Premium Brands,Canada,11,17.55
2023-03-02,SKU-005,Greek Yogurt 500g,Dairy,Olympic,FreshMart Downtown,Toronto,Ontario,Sysco Canada,Canada,35,18.93
2025-01-17,SKU-009,Sparkling Water 6pk,Beverages,San Pellegrino,GreenGrocer Midtown,Toronto,Ontario,Sysco Canada,Canada,-1,11.69
2024-07-02,SKU-004,Cold Brew Coffee 330ml,Beverages,Pilot Coffee,FreshMart Downtown,Toronto,Ontario,Sysco Canada,Canada,18,7.12
2024-08-25,SKU-002,Sourdough Bread 750g,Bakery,ACE Bakery,FreshMart Westside,Vancouver,British Columbia,Premium Brands,Canada,30,2.57
2025-03-30,SKU-008,Aged Cheddar 400g,Dairy,Black Diamond,Metro Fresh,Montreal,Quebec,Premium Brands,Canada,13,3.99
2025-03-15,SKU-004,Cold Brew Coffee 330ml,Beverages,Pilot Coffee,FreshMart Uptown,Ottawa,Ontario,Gordon Food Service,Canada,7,7.12
2023-12-06,SKU-013,Oat Milk 1L,Beverages,Oatly,Prairie Pantry,Calgary,Alberta,Gordon Food Service,Canada,14,2.6
2025-05-17,SKU-008,Aged Cheddar 400g,Dairy,Black Diamond,Metro Fresh,Montreal,Quebec,Lantic Inc,Canada,39,3.99
2023-08-09,SKU-014,Avocado each,Produce,Fresh Direct,FreshMart Westside,Vancouver,British Columbia,Premium Brands,Canada,39,6.56
2025-02-04,SKU-004,Cold Brew Coffee 330ml,Beverages,Pilot Coffee,Prairie Pantry,Calgary,Alberta,Gordon Food Service,Canada,41,7.12
2025-11-13,SKU-008,Aged Cheddar 400g,Dairy,Black Diamond,GreenGrocer Midtown,Toronto,Ontario,Maple Leaf Foods,Canada,17,3.99
2024-12-22,SKU-005,Greek Yogurt 500g,Dairy,Olympic,Prairie Pantry,Calgary,Alberta,Premium Brands,Canada,26,18.93
2024-01-16,SKU-003,Free Range Eggs 12pk,Dairy,Burnbrae Farms,FreshMart Westside,Vancouver,British Columbia,Lantic Inc,Canada,-2,8.32
2024-10-05,SKU-006,Atlantic Salmon Fillet 400g,Seafood,Ocean Choice,FreshMart Westside,Vancouver,British Columbia,Sysco Canada,Canada,8,17.55
2024-03-13,SKU-012,Frozen Edamame 400g,Frozen,President's Choice,FreshMart Downtown,Toronto,Ontario,Gordon Food Service,Canada,30,-13.61
2024-08-03,SKU-009,Sparkling Water 6pk,Beverages,San Pellegrino,FreshMart Downtown,Toronto,Ontario,Lantic Inc,Canada,39,11.69
2024-07-23,SKU-004,Cold Brew Coffee 330ml,Beverages,Pilot Coffee,FreshMart Downtown,Toronto,Ontario,Premium Brands,Canada,46,7.12
2025-05-13,SKU-015,Rotisserie Chicken,Deli,In-store,FreshMart Uptown,Ottawa,Ontario,Maple Leaf Foods,Canada,44,16.94
2024-02-08,SKU-006,Atlantic Salmon Fillet 400g,Seafood,Ocean Choice,FreshMart Westside,Vancouver,British Columbia,Sysco Canada,Canada,4,17.55
2025-05-12,SKU-008,Aged Cheddar 400g,Dairy,Black Diamond,FreshMart Downtown,Toronto,Ontario,Gordon Food Service,Canada,8,3.99
2025-02-23,SKU-003,Free Range Eggs 12pk,Dairy,Burnbrae Farms,Prairie Pantry,Calgary,Alberta,Gordon Food Service,Canada,16,8.32
2023-01-10,SKU-005,Greek Yogurt 500g,Dairy,Olympic,FreshMart Downtown,Toronto,Ontario,Premium Brands,Canada,30,18.93
2025-12-28,SKU-014,Avocado each,Produce,Fresh Direct,Metro Fresh,Montreal,Quebec,Maple Leaf Foods,Canada,34,6.56
2025-08-20,SKU-011,Almond Butter 500g,Pantry,Maranatha,FreshMart Downtown,Toronto,Ontario,Maple Leaf Foods,Canada,7,7.02
2024-07-16,SKU-007,Baby Spinach 142g,Produce,Earthbound Farm,FreshMart Uptown,Ottawa,Ontario,Gordon Food Service,Canada,21,22.51
2024-10-03,SKU-007,Baby Spinach 142g,Produce,Earthbound Farm,FreshMart Downtown,Toronto,Ontario,Premium Brands,Canada,32,22.51
2025-10-07,SKU-007,Baby Spinach 142g,Produce,Earthbound Farm,FreshMart Westside,Vancouver,British Columbia,Lantic Inc,Canada,42,22.51
2023-07-30,SKU-002,Sourdough Bread 750g,Bakery,ACE Bakery,FreshMart Westside,Vancouver,British Columbia,Premium Brands,Canada,2,2.57
2023-08-04,SKU-014,Avocado each,Produce,Fresh Direct,FreshMart Downtown,Toronto,Ontario,Sysco Canada,Canada,21,6.56
2023-12-15,SKU-012,Frozen Edamame 400g,Frozen,President's Choice,Metro Fresh,Montreal,Quebec,Sysco Canada,Canada,6,13.61
2023-01-11,SKU-015,Rotisserie Chicken,Deli,In-store,FreshMart Westside,Vancouver,British Columbia,Premium Brands,Canada,45,16.94
2023-04-09,SKU-005,Greek Yogurt 500g,Dairy,Olympic,FreshMart Downtown,Toronto,Ontario,Maple Leaf Foods,Canada,20,18.93
2025-02-16,SKU-006,Atlantic Salmon Fillet 400g,Seafood,Ocean Choice,FreshMart Uptown,Ottawa,Ontario,Premium Brands,Canada,18,17.55
2025-08-01,SKU-015,Rotisserie Chicken,Deli,In-store,GreenGrocer Midtown,Toronto,Ontario,Premium Brands,Canada,8,16.94
2025-04-26,SKU-014,Avocado each,Produce,Fresh Direct,GreenGrocer Midtown,Toronto,Ontario,Premium Brands,Canada,41,6.56
2024-05-07,SKU-002,Sourdough Bread 750g,Bakery,ACE Bakery,Prairie Pantry,Calgary,Alberta,Premium Brands,Canada,37,2.57
2025-09-15,SKU-008,Aged Cheddar 400g,Dairy,Black Diamond,FreshMart Westside,Vancouver,British Columbia,Gordon Food Service,Canada,15,3.99
2024-12-23,SKU-013,Oat Milk 1L,Beverages,Oatly,FreshMart Westside,Vancouver,British Columbia,Maple Leaf Foods,Canada,36,2.6
2023-06-09,SKU-004,Cold Brew Coffee 330ml,Beverages,Pilot Coffee,FreshMart Uptown,Ottawa,Ontario,Sysco Canada,Canada,5,7.12
2024-03-18,SKU-001,Organic Whole Milk 2L,Dairy,Natrel,GreenGrocer Midtown,Toronto,Ontario,Maple Leaf Foods,Canada,30,16.7
2024-11-28,SKU-004,Cold Brew Coffee 330ml,Beverages,Pilot Coffee,Metro Fresh,Montreal,Quebec,Maple Leaf Foods,Canada,14,7.12
2024-10-03,SKU-013,Oat Milk 1L,Beverages,Oatly,Prairie Pantry,Calgary,Alberta,Premium Brands,Canada,49,2.6
2025-10-30,SKU-012,Frozen Edamame 400g,Frozen,President's Choice,Metro Fresh,Montreal,Quebec,Sysco Canada,Canada,7,13.61
2025-07-15,SKU-004,Cold Brew Coffee 330ml,Beverages,Pilot Coffee,FreshMart Westside,Vancouver,British Columbia,Lantic Inc,Canada,40,7.12
2023-05-21,SKU-013,Oat Milk 1L,Beverages,Oatly,Metro Fresh,Montreal,Quebec,Sysco Canada,Canada,18,2.6
2023-07-29,SKU-011,Almond Butter 500g,Pantry,Maranatha,FreshMart Westside,Vancouver,British Columbia,Premium Brands,Canada,10,7.02
2024-05-07,SKU-002,Sourdough Bread 750g,Bakery,ACE Bakery,FreshMart Uptown,Ottawa,Ontario,Maple Leaf Foods,Canada,2,2.57
2025-09-02,SKU-003,Free Range Eggs 12pk,Dairy,Burnbrae Farms,FreshMart Westside,Vancouver,British Columbia,Maple Leaf Foods,Canada,43,8.32
2023-06-22,SKU-006,Atlantic Salmon Fillet 400g,Seafood,Ocean Choice,FreshMart Westside,Vancouver,British Columbia,Maple Leaf Foods,Canada,23,17.55
2025-06-01,SKU-003,Free Range Eggs 12pk,Dairy,Burnbrae Farms,Metro Fresh,Montreal,Quebec,Premium Brands,Canada,33,8.32
2023-07-20,SKU-008,Aged Cheddar 400g,Dairy,Black Diamond,FreshMart Westside,Vancouver,British Columbia,Gordon Food Service,Canada,4,3.99
2024-08-25,SKU-012,Frozen Edamame 400g,Frozen,President's Choice,Metro Fresh,Montreal,Quebec,Sysco Canada,Canada,13,13.61
2025-10-07,SKU-010,Dark Chocolate 85g,Snacks,Lindt,FreshMart Westside,Vancouver,British Columbia,Premium Brands,Canada,34,2.68
2023-08-16,SKU-011,Almond Butter 500g,Pantry,Maranatha,FreshMart Downtown,Toronto,Ontario,Sysco Canada,Canada,15,7.02
2024-06-29,SKU-015,Rotisserie Chicken,Deli,In-store,FreshMart Downtown,Toronto,Ontario,Premium Brands,Canada,16,16.94
2025-04-08,SKU-002,Sourdough Bread 750g,Bakery,ACE Bakery,FreshMart Westside,Vancouver,British Columbia,Sysco Canada,Canada,26,2.57
2025-10-11,SKU-004,Cold Brew Coffee 330ml,Beverages,Pilot Coffee,FreshMart Uptown,Ottawa,Ontario,Gordon Food Service,Canada,14,7.12
2024-08-12,SKU-004,Cold Brew Coffee 330ml,Beverages,Pilot Coffee,FreshMart Westside,Vancouver,British Columbia,Gordon Food Service,Canada,47,7.12
2025-09-03,SKU-003,Free Range Eggs 12pk,Dairy,Burnbrae Farms,Prairie Pantry,Calgary,Alberta,Premium Brands,Canada,48,-8.32
2024-10-07,SKU-012,Frozen Edamame 400g,Frozen,President's Choice,GreenGrocer Midtown,Toronto,Ontario,Sysco Canada,Canada,44,13.61
2023-10-18,SKU-003,Free Range Eggs 12pk,Dairy,Burnbrae Farms,FreshMart Westside,Vancouver,British Columbia,Lantic Inc,Canada,1,8.32
2023-12-30,SKU-007,Baby Spinach 142g,Produce,Earthbound Farm,FreshMart Westside,Vancouver,British Columbia,Maple Leaf Foods,Canada,17,22.51
2024-12-22,SKU-003,Free Range Eggs 12pk,Dairy,Burnbrae Farms,FreshMart Uptown,Ottawa,Ontario,Maple Leaf Foods,Canada,31,8.32
2023-08-13,SKU-008,Aged Cheddar 400g,Dairy,Black Diamond,GreenGrocer Midtown,Toronto,Ontario,Lantic Inc,Canada,3,3.99
2024-04-12,SKU-010,Dark Chocolate 85g,Snacks,Lindt,FreshMart Uptown,Ottawa,Ontario,Gordon Food Service,Canada,34,2.68
2023-07-24,SKU-013,Oat Milk 1L,Beverages,Oatly,GreenGrocer Midtown,Toronto,Ontario,Maple Leaf Foods,Canada,20,2.6
2024-12-19,SKU-006,Atlantic Salmon Fillet 400g,Seafood,Ocean Choice,Metro Fresh,Montreal,Quebec,Lantic Inc,Canada,35,17.55
2025-07-28,SKU-008,Aged Cheddar 400g,Dairy,Black Diamond,FreshMart Westside,Vancouver,British Columbia,Gordon Food Service,Canada,1,3.99
2025-11-26,SKU-005,Greek Yogurt 500g,Dairy,Olympic,FreshMart Uptown,Ottawa,Ontario,Gordon Food Service,Canada,50,18.93
2023-08-19,SKU-014,Avocado each,Produce,Fresh Direct,Prairie Pantry,Calgary,Alberta,Lantic Inc,Canada,18,6.56
2023-10-30,SKU-012,Frozen Edamame 400g,Frozen,President's Choice,FreshMart Uptown,Ottawa,Ontario,Maple Leaf Foods,Canada,27,13.61
2025-10-16,SKU-011,Almond Butter 500g,Pantry,Maranatha,GreenGrocer Midtown,Toronto,Ontario,Gordon Food Service,Canada,2,7.02
2025-01-06,SKU-012,Frozen Edamame 400g,Frozen,President's Choice,FreshMart Uptown,Ottawa,Ontario,Lantic Inc,Canada,14,13.61
2024-07-14,SKU-004,Cold Brew Coffee 330ml,Beverages,Pilot Coffee,Metro Fresh,Montreal,Quebec,Maple Leaf Foods,Canada,41,7.12
2023-12-25,SKU-015,Rotisserie Chicken,Deli,In-store,Metro Fresh,Montreal,Quebec,Premium Brands,Canada,17,16.94
2025-05-04,SKU-006,Atlantic Salmon Fillet 400g,Seafood,Ocean Choice,FreshMart Westside,Vancouver,British Columbia,Lantic Inc,Canada,18,17.55
2024-12-04,SKU-001,Organic Whole Milk 2L,Dairy,Natrel,Prairie Pantry,Calgary,Alberta,Premium Brands,Canada,40,16.7
2024-12-11,SKU-013,Oat Milk 1L,Beverages,Oatly,Metro Fresh,Montreal,Quebec,Premium Brands,Canada,19,2.6
2025-08-13,SKU-001,Organic Whole Milk 2L,Dairy,Natrel,Metro Fresh,Montreal,Quebec,Sysco Canada,Canada,44,16.7
2023-11-30,SKU-005,Greek Yogurt 500g,Dairy,Olympic,Prairie Pantry,Calgary,Alberta,Premium Brands,Canada,20,18.93
2025-07-18,SKU-002,Sourdough Bread 750g,Bakery,ACE Bakery,FreshMart Westside,Vancouver,British Columbia,Maple Leaf Foods,Canada,3,2.57
2023-04-19,SKU-014,Avocado each,Produce,Fresh Direct,Prairie Pantry,Calgary,Alberta,Maple Leaf Foods,Canada,32,6.56
2023-04-13,SKU-007,Baby Spinach 142g,Produce,Earthbound Farm,FreshMart Westside,Vancouver,British Columbia,Maple Leaf Foods,Canada,17,22.51
2023-11-14,SKU-015,Rotisserie Chicken,Deli,In-store,FreshMart Westside,Vancouver,British Columbia,Premium Brands,Canada,6,16.94
2025-06-03,SKU-003,Free Range Eggs 12pk,Dairy,Burnbrae Farms,FreshMart Uptown,Ottawa,Ontario,Sysco Canada,Canada,38,8.32
2025-08-27,SKU-005,Greek Yogurt 500g,Dairy,Olympic,GreenGrocer Midtown,Toronto,Ontario,Maple Leaf Foods,Canada,23,18.93
2025-05-15,SKU-011,Almond Butter 500g,Pantry,Maranatha,FreshMart Uptown,Ottawa,Ontario,Lantic Inc,Canada,26,7.02
2024-09-28,SKU-002,Sourdough Bread 750g,Bakery,ACE Bakery,FreshMart Westside,Vancouver,British Columbia,Gordon Food Service,Canada,12,2.57
2023-10-13,SKU-011,Almond Butter 500g,Pantry,Maranatha,FreshMart Westside,Vancouver,British Columbia,Premium Brands,Canada,44,7.02
2024-02-13,SKU-005,Greek Yogurt 500g,Dairy,Olympic,GreenGrocer Midtown,Toronto,Ontario,Lantic Inc,Canada,20,18.93
2024-01-11,SKU-005,Greek Yogurt 500g,Dairy,Olympic,Prairie Pantry,Calgary,Alberta,Lantic Inc,Canada,25,18.93
2023-10-11,SKU-014,Avocado each,Produce,Fresh Direct,Metro Fresh,Montreal,Quebec,Maple Leaf Foods,Canada,34,6.56
2025-08-17,SKU-006,Atlantic Salmon Fillet 400g,Seafood,Ocean Choice,Prairie Pantry,Calgary,Alberta,Gordon Food Service,Canada,23,17.55
2023-02-26,SKU-007,Baby Spinach 142g,Produce,Earthbound Farm,Metro Fresh,Montreal,Quebec,Lantic Inc,Canada,36,22.51
2023-10-15,SKU-013,Oat Milk 1L,Beverages,Oatly,Metro Fresh,Montreal,Quebec,Maple Leaf Foods,Canada,40,-2.6
2023-09-18,SKU-010,Dark Chocolate 85g,Snacks,Lindt,Prairie Pantry,Calgary,Alberta,Gordon Food Service,Canada,40,2.68
2025-03-15,SKU-010,Dark Chocolate 85g,Snacks,Lindt,FreshMart Westside,Vancouver,British Columbia,Maple Leaf Foods,Canada,9,2.68
2025-07-31,SKU-001,Organic Whole Milk 2L,Dairy,Natrel,Metro Fresh,Montreal,Quebec,Premium Brands,Canada,4,16.7
2024-11-13,SKU-005,Greek Yogurt 500g,Dairy,Olympic,FreshMart Uptown,Ottawa,Ontario,Maple Leaf Foods,Canada,39,18.93
2024-11-09,SKU-005,Greek Yogurt 500g,Dairy,Olympic,Prairie Pantry,Calgary,Alberta,Lantic Inc,Canada,4,18.93
2023-04-19,SKU-010,Dark Chocolate 85g,Snacks,Lindt,FreshMart Uptown,Ottawa,Ontario,Premium Brands,Canada,45,2.68
2023-10-07,SKU-003,Free Range Eggs 12pk,Dairy,Burnbrae Farms,Prairie Pantry,Calgary,Alberta,Lantic Inc,Canada,15,8.32
2024-09-28,SKU-011,Almond Butter 500g,Pantry,Maranatha,GreenGrocer Midtown,Toronto,Ontario,Gordon Food Service,Canada,47,7.02
2024-02-16,SKU-001,Organic Whole Milk 2L,Dairy,Natrel,Metro Fresh,Montreal,Quebec,Premium Brands,Canada,8,16.7
2025-11-30,SKU-003,Free Range Eggs 12pk,Dairy,Burnbrae Farms,Prairie Pantry,Calgary,Alberta,Maple Leaf Foods,Canada,7,8.32
2025-11-01,SKU-002,Sourdough Bread 750g,Bakery,ACE Bakery,Metro Fresh,Montreal,Quebec,Maple Leaf Foods,Canada,29,2.57
2025-04-08,SKU-015,Rotisserie Chicken,Deli,In-store,FreshMart Downtown,Toronto,Ontario,Gordon Food Service,Canada,31,16.94
2024-06-17,SKU-014,Avocado each,Produce,Fresh Direct,GreenGrocer Midtown,Toronto,Ontario,Premium Brands,Canada,40,6.56
2023-09-10,SKU-014,Avocado each,Produce,Fresh Direct,FreshMart Uptown,Ottawa,Ontario,Premium Brands,Canada,28,6.56
2024-05-07,SKU-001,Organic Whole Milk 2L,Dairy,Natrel,GreenGrocer Midtown,Toronto,Ontario,Sysco Canada,Canada,11,16.7
2025-09-02,SKU-012,Frozen Edamame 400g,Frozen,President's Choice,Prairie Pantry,Calgary,Alberta,Sysco Canada,Canada,31,13.61
2025-10-06,SKU-011,Almond Butter 500g,Pantry,Maranatha,FreshMart Downtown,Toronto,Ontario,Premium Brands,Canada,24,7.02
2025-08-08,SKU-007,Baby Spinach 142g,Produce,Earthbound Farm,Metro Fresh,Montreal,Quebec,Maple Leaf Foods,Canada,27,22.51
2025-07-25,SKU-003,Free Range Eggs 12pk,Dairy,Burnbrae Farms,FreshMart Downtown,Toronto,Ontario,Gordon Food Service,Canada,8,8.32
2023-03-11,SKU-001,Organic Whole Milk 2L,Dairy,Natrel,Prairie Pantry,Calgary,Alberta,Gordon Food Service,Canada,42,16.7
2023-03-29,SKU-011,Almond Butter 500g,Pantry,Maranatha,Prairie Pantry,Calgary,Alberta,Lantic Inc,Canada,23,7.02
2024-07-21,SKU-008,Aged Cheddar 400g,Dairy,Black Diamond,FreshMart Uptown,Ottawa,Ontario,Lantic Inc,Canada,1,3.99
2024-03-07,SKU-006,Atlantic Salmon Fillet 400g,Seafood,Ocean Choice,Prairie Pantry,Calgary,Alberta,Premium Brands,Canada,23,17.55
2023-05-09,SKU-009,Sparkling Water 6pk,Beverages,San Pellegrino,Metro Fresh,Montreal,Quebec,Premium Brands,Canada,12,11.69
2024-11-25,SKU-006,Atlantic Salmon Fillet 400g,Seafood,Ocean Choice,FreshMart Uptown,Ottawa,Ontario,Premium Brands,Canada,30,17.55
2024-09-12,SKU-013,Oat Milk 1L,Beverages,Oatly,GreenGrocer Midtown,Toronto,Ontario,Gordon Food Service,Canada,26,2.6
2025-02-10,SKU-014,Avocado each,Produce,Fresh Direct,FreshMart Uptown,Ottawa,Ontario,Lantic Inc,Canada,31,6.56
2025-12-12,SKU-003,Free Range Eggs 12pk,Dairy,Burnbrae Farms,Prairie Pantry,Calgary,Alberta,Premium Brands,Canada,17,8.32
2024-12-13,SKU-006,Atlantic Salmon Fillet 400g,Seafood,Ocean Choice,Prairie Pantry,Calgary,Alberta,Premium Brands,Canada,38,17.55
2023-03-02,SKU-007,Baby Spinach 142g,Produce,Earthbound Farm,FreshMart Downtown,Toronto,Ontario,Maple Leaf Foods,Canada,47,22.51
2025-10-19,SKU-002,Sourdough Bread 750g,Bakery,ACE Bakery,FreshMart Uptown,Ottawa,Ontario,Maple Leaf Foods,Canada,44,2.57
2023-08-04,SKU-013,Oat Milk 1L,Beverages,Oatly,GreenGrocer Midtown,Toronto,Ontario,Sysco Canada,Canada,12,2.6
2023-05-07,SKU-007,Baby Spinach 142g,Produce,Earthbound Farm,Metro Fresh,Montreal,Quebec,Maple Leaf Foods,Canada,40,22.51
2025-06-23,SKU-001,Organic Whole Milk 2L,Dairy,Natrel,FreshMart Uptown,Ottawa,Ontario,Maple Leaf Foods,Canada,49,16.7
2024-10-19,SKU-011,Almond Butter 500g,Pantry,Maranatha,FreshMart Downtown,Toronto,Ontario,Sysco Canada,Canada,7,7.02
2024-02-14,SKU-007,Baby Spinach 142g,Produce,Earthbound Farm,GreenGrocer Midtown,Toronto,Ontario,Premium Brands,Canada,13,22.51
2024-04-06,SKU-008,Aged Cheddar 400g,Dairy,Black Diamond,FreshMart Uptown,Ottawa,Ontario,Gordon Food Service,Canada,13,3.99
2023-06-26,SKU-007,Baby Spinach 142g,Produce,Earthbound Farm,Prairie Pantry,Calgary,Alberta,Sysco Canada,Canada,38,22.51
not-a-date,SKU-011,Almond Butter 500g,Pantry,Maranatha,FreshMart Downtown,Toronto,Ontario,Sysco Canada,Canada,9,7.02
2023-05-28,SKU-007,Baby Spinach 142g,Produce,Earthbound Farm,Prairie Pantry,Calgary,Alberta,Premium Brands,Canada,22,22.51
2025-10-13,SKU-012,Frozen Edamame 400g,Frozen,President's Choice,FreshMart Uptown,Ottawa,Ontario,Premium Brands,Canada,13,13.61
2024-12-22,SKU-010,Dark Chocolate 85g,Snacks,Lindt,Metro Fresh,Montreal,Quebec,Premium Brands,Canada,23,2.68
2025-06-17,SKU-009,Sparkling Water 6pk,Beverages,San Pellegrino,GreenGrocer Midtown,Toronto,Ontario,Maple Leaf Foods,Canada,28,11.69
2023-06-10,SKU-014,Avocado each,Produce,Fresh Direct,FreshMart Downtown,Toronto,Ontario,Premium Brands,Canada,9,6.56
2025-10-18,SKU-005,Greek Yogurt 500g,Dairy,Olympic,FreshMart Downtown,Toronto,Ontario,Maple Leaf Foods,Canada,15,18.93
2024-04-03,SKU-009,Sparkling Water 6pk,Beverages,San Pellegrino,FreshMart Westside,Vancouver,British Columbia,Maple Leaf Foods,Canada,19,11.69
2023-05-20,SKU-005,Greek Yogurt 500g,Dairy,Olympic,Metro Fresh,Montreal,Quebec,Gordon Food Service,Canada,11,18.93
2024-05-09,SKU-002,Sourdough Bread 750g,Bakery,ACE Bakery,Prairie Pantry,Calgary,Alberta,Premium Brands,Canada,34,2.57
2023-04-27,SKU-009,Sparkling Water 6pk,Beverages,San Pellegrino,FreshMart Westside,Vancouver,British Columbia,Lantic Inc,Canada,35,11.69
2024-06-22,SKU-002,Sourdough Bread 750g,Bakery,ACE Bakery,Prairie Pantry,Calgary,Alberta,Lantic Inc,Canada,42,2.57
not-a-date,SKU-006,Atlantic Salmon Fillet 400g,Seafood,Ocean Choice,Metro Fresh,Montreal,Quebec,Gordon Food Service,Canada,22,17.55
2023-05-08,SKU-009,Sparkling Water 6pk,Beverages,San Pellegrino,FreshMart Uptown,Ottawa,Ontario,Gordon Food Service,Canada,16,11.69
2023-03-14,SKU-013,Oat Milk 1L,Beverages,Oatly,Prairie Pantry,Calgary,Alberta,Premium Brands,Canada,23,2.6
2023-06-15,SKU-007,Baby Spinach 142g,Produce,Earthbound Farm,Prairie Pantry,Calgary,Alberta,Premium Brands,Canada,36,22.51
2023-08-02,SKU-003,Free Range Eggs 12pk,Dairy,Burnbrae Farms,FreshMart Westside,Vancouver,British Columbia,Maple Leaf Foods,Canada,3,8.32
2025-06-02,SKU-004,Cold Brew Coffee 330ml,Beverages,Pilot Coffee,FreshMart Uptown,Ottawa,Ontario,Gordon Food Service,Canada,31,7.12
2023-04-24,SKU-014,Avocado each,Produce,Fresh Direct,GreenGrocer Midtown,Toronto,Ontario,Maple Leaf Foods,Canada,2,6.56
2025-02-15,SKU-013,Oat Milk 1L,Beverages,Oatly,GreenGrocer Midtown,Toronto,Ontario,Premium Brands,Canada,44,2.6
2023-04-17,SKU-001,Organic Whole Milk 2L,Dairy,Natrel,Prairie Pantry,Calgary,Alberta,Lantic Inc,Canada,25,16.7
2025-05-24,SKU-012,Frozen Edamame 400g,Frozen,President's Choice,GreenGrocer Midtown,Toronto,Ontario,Lantic Inc,Canada,36,13.61
2025-01-23,SKU-008,Aged Cheddar 400g,Dairy,Black Diamond,FreshMart Downtown,Toronto,Ontario,Premium Brands,Canada,23,3.99
2024-04-20,SKU-007,Baby Spinach 142g,Produce,Earthbound Farm,FreshMart Downtown,Toronto,Ontario,Sysco Canada,Canada,6,22.51
2023-04-04,SKU-004,Cold Brew Coffee 330ml,Beverages,Pilot Coffee,Metro Fresh,Montreal,Quebec,Premium Brands,Canada,1,7.12
2023-04-27,SKU-004,Cold Brew Coffee 330ml,Beverages,Pilot Coffee,FreshMart Downtown,Toronto,Ontario,Maple Leaf Foods,Canada,9,7.12
2024-12-17,SKU-005,Greek Yogurt 500g,Dairy,Olympic,FreshMart Downtown,Toronto,Ontario,Gordon Food Service,Canada,39,18.93
2025-03-25,SKU-004,Cold Brew Coffee 330ml,Beverages,Pilot Coffee,FreshMart Westside,Vancouver,British Columbia,Sysco Canada,Canada,31,7.12
2024-05-27,SKU-011,Almond Butter 500g,Pantry,Maranatha,FreshMart Downtown,Toronto,Ontario,Maple Leaf Foods,Canada,35,7.02
2024-03-27,SKU-012,Frozen Edamame 400g,Frozen,President's Choice,FreshMart Uptown,Ottawa,Ontario,Gordon Food Service,Canada,29,13.61
2024-05-15,SKU-006,Atlantic Salmon Fillet 400g,Seafood,Ocean Choice,Prairie Pantry,Calgary,Alberta,Gordon Food Service,Canada,34,17.55
2025-10-28,SKU-006,Atlantic Salmon Fillet 400g,Seafood,Ocean Choice,FreshMart Uptown,Ottawa,Ontario,Premium Brands,Canada,7,17.55
2025-09-22,SKU-015,Rotisserie Chicken,Deli,In-store,Metro Fresh,Montreal,Quebec,Premium Brands,Canada,18,16.94
2024-04-17,SKU-015,Rotisserie Chicken,Deli,In-store,GreenGrocer Midtown,Toronto,Ontario,Premium Brands,Canada,20,16.94
2023-10-18,SKU-004,Cold Brew Coffee 330ml,Beverages,Pilot Coffee,FreshMart Downtown,Toronto,Ontario,Gordon Food Service,Canada,3,7.12
2023-08-22,SKU-012,Frozen Edamame 400g,Frozen,President's Choice,Metro Fresh,Montreal,Quebec,Lantic Inc,Canada,2,13.61
2025-02-25,SKU-001,Organic Whole Milk 2L,Dairy,Natrel,FreshMart Westside,Vancouver,British Columbia,Gordon Food Service,Canada,20,16.7
2025-02-25,SKU-002,Sourdough Bread 750g,Bakery,ACE Bakery,FreshMart Downtown,Toronto,Ontario,Gordon Food Service,Canada,32,2.57
2023-04-01,SKU-007,Baby Spinach 142g,Produce,Earthbound Farm,Metro Fresh,Montreal,Quebec,Lantic Inc,Canada,-7,22.51
2024-09-16,SKU-007,Baby Spinach 142g,Produce,Earthbound Farm,Prairie Pantry,Calgary,Alberta,Maple Leaf Foods,Canada,3,22.51
2024-11-19,SKU-006,Atlantic Salmon Fillet 400g,Seafood,Ocean Choice,FreshMart Downtown,Toronto,Ontario,Premium Brands,Canada,17,17.55
2024-11-29,SKU-010,Dark Chocolate 85g,Snacks,Lindt,GreenGrocer Midtown,Toronto,Ontario,Maple Leaf Foods,Canada,47,2.68
2023-08-12,SKU-007,Baby Spinach 142g,Produce,Earthbound Farm,Metro Fresh,Montreal,Quebec,Maple Leaf Foods,Canada,36,22.51
2025-12-31,SKU-012,Frozen Edamame 400g,Frozen,President's Choice,FreshMart Uptown,Ottawa,Ontario,Gordon Food Service,Canada,30,13.61
2024-06-16,SKU-012,Frozen Edamame 400g,Frozen,President's Choice,Prairie Pantry,Calgary,Alberta,Premium Brands,Canada,11,13.61
2023-09-28,SKU-008,Aged Cheddar 400g,Dairy,Black Diamond,FreshMart Uptown,Ottawa,Ontario,Sysco Canada,Canada,1,3.99
2024-05-26,SKU-011,Almond Butter 500g,Pantry,Maranatha,FreshMart Westside,Vancouver,British Columbia,Maple Leaf Foods,Canada,50,7.02
2023-03-21,SKU-006,Atlantic Salmon Fillet 400g,Seafood,Ocean Choice,Prairie Pantry,Calgary,Alberta,Lantic Inc,Canada,40,17.55
2023-01-26,SKU-005,Greek Yogurt 500g,Dairy,Olympic,FreshMart Uptown,Ottawa,Ontario,Gordon Food Service,Canada,8,18.93
2024-01-02,SKU-011,Almond Butter 500g,Pantry,Maranatha,FreshMart Westside,Vancouver,British Columbia,Gordon Food Service,Canada,29,7.02
2023-03-17,SKU-008,Aged Cheddar 400g,Dairy,Black Diamond,FreshMart Downtown,Toronto,Ontario,Lantic Inc,Canada,23,3.99
2025-04-16,SKU-014,Avocado each,Produce,Fresh Direct,Prairie Pantry,Calgary,Alberta,Sysco Canada,Canada,4,6.56
2024-10-05,SKU-002,Sourdough Bread 750g,Bakery,ACE Bakery,FreshMart Westside,Vancouver,British Columbia,Premium Brands,Canada,5,2.57
2025-10-10,SKU-005,Greek Yogurt 500g,Dairy,Olympic,FreshMart Westside,Vancouver,British Columbia,Gordon Food Service,Canada,9,18.93
2023-04-12,SKU-003,Free Range Eggs 12pk,Dairy,Burnbrae Farms,GreenGrocer Midtown,Toronto,Ontario,Premium Brands,Canada,15,8.32
2025-06-20,SKU-001,Organic Whole Milk 2L,Dairy,Natrel,GreenGrocer Midtown,Toronto,Ontario,Premium Brands,Canada,38,16.7
2023-05-05,SKU-009,Sparkling Water 6pk,Beverages,San Pellegrino,FreshMart Uptown,Ottawa,Ontario,Sysco Canada,Canada,46,11.69
2023-04-02,SKU-005,Greek Yogurt 500g,Dairy,Olympic,FreshMart Downtown,Toronto,Ontario,Gordon Food Service,Canada,39,18.93
2025-06-27,SKU-002,Sourdough Bread 750g,Bakery,ACE Bakery,FreshMart Downtown,Toronto,Ontario,Premium Brands,Canada,8,2.57
2025-01-30,SKU-004,Cold Brew Coffee 330ml,Beverages,Pilot Coffee,GreenGrocer Midtown,Toronto,Ontario,Gordon Food Service,Canada,44,7.12
2023-10-21,SKU-011,Almond Butter 500g,Pantry,Maranatha,Metro Fresh,Montreal,Quebec,Gordon Food Service,Canada,2,7.02
2025-04-15,SKU-013,Oat Milk 1L,Beverages,Oatly,FreshMart Westside,Vancouver,British Columbia,Gordon Food Service,Canada,42,2.6
2023-11-25,SKU-005,Greek Yogurt 500g,Dairy,Olympic,Prairie Pantry,Calgary,Alberta,Maple Leaf Foods,Canada,24,18.93
2023-02-22,SKU-015,Rotisserie Chicken,Deli,In-store,GreenGrocer Midtown,Toronto,Ontario,Premium Brands,Canada,7,16.94
2025-11-06,SKU-013,Oat Milk 1L,Beverages,Oatly,FreshMart Westside,Vancouver,British Columbia,Premium Brands,Canada,38,2.6
2023-03-08,SKU-004,Cold Brew Coffee 330ml,Beverages,Pilot Coffee,Metro Fresh,Montreal,Quebec,Premium Brands,Canada,43,7.12
2023-06-08,SKU-007,Baby Spinach 142g,Produce,Earthbound Farm,FreshMart Uptown,Ottawa,Ontario,Maple Leaf Foods,Canada,15,22.51
2025-05-06,SKU-010,Dark Chocolate 85g,Snacks,Lindt,FreshMart Uptown,Ottawa,Ontario,Premium Brands,Canada,35,2.68
2025-08-25,SKU-014,Avocado each,Produce,Fresh Direct,Prairie Pantry,Calgary,Alberta,Maple Leaf Foods,Canada,43,6.56
2024-02-04,SKU-008,Aged Cheddar 400g,Dairy,Black Diamond,FreshMart Westside,Vancouver,British Columbia,Gordon Food Service,Canada,37,3.99
2025-01-11,SKU-004,Cold Brew Coffee 330ml,Beverages,Pilot Coffee,FreshMart Westside,Vancouver,British Columbia,Sysco Canada,Canada,15,7.12
2025-06-30,SKU-012,Frozen Edamame 400g,Frozen,President's Choice,FreshMart Downtown,Toronto,Ontario,Sysco Canada,Canada,47,13.61
2024-12-21,SKU-007,Baby Spinach 142g,Produce,Earthbound Farm,FreshMart Westside,Vancouver,British Columbia,Maple Leaf Foods,Canada,36,22.51
2024-04-16,SKU-015,Rotisserie Chicken,Deli,In-store,FreshMart Westside,Vancouver,British Columbia,Lantic Inc,Canada,29,16.94
2024-05-16,SKU-004,Cold Brew Coffee 330ml,Beverages,Pilot Coffee,Prairie Pantry,Calgary,Alberta,Sysco Canada,Canada,50,7.12
2024-06-17,SKU-011,Almond Butter 500g,Pantry,Maranatha,Prairie Pantry,Calgary,Alberta,Sysco Canada,Canada,19,7.02
2025-05-12,SKU-002,Sourdough Bread 750g,Bakery,ACE Bakery,FreshMart Downtown,Toronto,Ontario,Lantic Inc,Canada,33,2.57
2024-01-04,SKU-010,Dark Chocolate 85g,Snacks,Lindt,Metro Fresh,Montreal,Quebec,Sysco Canada,Canada,30,2.68
not-a-date,SKU-002,Sourdough Bread 750g,Bakery,ACE Bakery,Metro Fresh,Montreal,Quebec,Gordon Food Service,Canada,48,2.57
2023-12-08,SKU-001,Organic Whole Milk 2L,Dairy,Natrel,Metro Fresh,Montreal,Quebec,Maple Leaf Foods,Canada,5,16.7
2025-05-14,SKU-014,Avocado each,Produce,Fresh Direct,Prairie Pantry,Calgary,Alberta,Lantic Inc,Canada,23,6.56
2024-08-23,SKU-012,Frozen Edamame 400g,Frozen,President's Choice,Prairie Pantry,Calgary,Alberta,Sysco Canada,Canada,8,13.61
2023-08-09,SKU-014,Avocado each,Produce,Fresh Direct,FreshMart Westside,Vancouver,British Columbia,Premium Brands,Canada,47,6.56
2025-04-17,SKU-012,Frozen Edamame 400g,Frozen,President's Choice,FreshMart Westside,Vancouver,British Columbia,Lantic Inc,Canada,41,13.61
2025-09-04,SKU-014,Avocado each,Produce,Fresh Direct,Metro Fresh,Montreal,Quebec,Gordon Food Service,Canada,45,6.56
2025-11-09,SKU-003,Free Range Eggs 12pk,Dairy,Burnbrae Farms,FreshMart Uptown,Ottawa,Ontario,Premium Brands,Canada,6,8.32
2025-01-27,SKU-001,Organic Whole Milk 2L,Dairy,Natrel,Prairie Pantry,Calgary,Alberta,Premium Brands,Canada,44,16.7
2023-12-28,SKU-007,Baby Spinach 142g,Produce,Earthbound Farm,FreshMart Westside,Vancouver,British Columbia,Lantic Inc,Canada,33,22.51
2024-08-31,SKU-005,Greek Yogurt 500g,Dairy,Olympic,FreshMart Downtown,Toronto,Ontario,Sysco Canada,Canada,32,18.93
2025-11-06,SKU-010,Dark Chocolate 85g,Snacks,Lindt,Prairie Pantry,Calgary,Alberta,Premium Brands,Canada,28,2.68
2023-10-21,SKU-007,Baby Spinach 142g,Produce,Earthbound Farm,FreshMart Westside,Vancouver,British Columbia,Sysco Canada,Canada,3,22.51
2025-05-31,SKU-012,Frozen Edamame 400g,Frozen,President's Choice,FreshMart Uptown,Ottawa,Ontario,Sysco Canada,Canada,34,13.61
2023-07-23,SKU-015,Rotisserie Chicken,Deli,In-store,Prairie Pantry,Calgary,Alberta,Gordon Food Service,Canada,23,16.94
2025-09-23,SKU-002,Sourdough Bread 750g,Bakery,ACE Bakery,FreshMart Westside,Vancouver,British Columbia,Gordon Food Service,Canada,29,2.57
2023-08-06,SKU-003,Free Range Eggs 12pk,Dairy,Burnbrae Farms,FreshMart Westside,Vancouver,British Columbia,Gordon Food Service,Canada,15,8.32
2025-11-07,SKU-003,Free Range Eggs 12pk,Dairy,Burnbrae Farms,FreshMart Downtown,Toronto,Ontario,Sysco Canada,Canada,49,8.32
2024-02-04,SKU-010,Dark Chocolate 85g,Snacks,Lindt,FreshMart Downtown,Toronto,Ontario,Premium Brands,Canada,1,2.68
2024-02-21,SKU-014,Avocado each,Produce,Fresh Direct,FreshMart Downtown,Toronto,Ontario,Gordon Food Service,Canada,19,6.56
2025-12-02,SKU-010,Dark Chocolate 85g,Snacks,Lindt,Metro Fresh,Montreal,Quebec,Lantic Inc,Canada,9,2.68
2025-06-29,SKU-005,Greek Yogurt 500g,Dairy,Olympic,FreshMart Downtown,Toronto,Ontario,Maple Leaf Foods,Canada,28,18.93
2023-08-27,SKU-002,Sourdough Bread 750g,Bakery,ACE Bakery,GreenGrocer Midtown,Toronto,Ontario,Gordon Food Service,Canada,23,2.57
2024-10-31,SKU-012,Frozen Edamame 400g,Frozen,President's Choice,GreenGrocer Midtown,Toronto,Ontario,Maple Leaf Foods,Canada,11,13.61
2023-06-01,SKU-005,Greek Yogurt 500g,Dairy,Olympic,Metro Fresh,Montreal,Quebec,Premium Brands,Canada,46,18.93
2023-07-25,SKU-015,Rotisserie Chicken,Deli,In-store,FreshMart Downtown,Toronto,Ontario,Lantic Inc,Canada,46,16.94
2023-03-14,SKU-006,Atlantic Salmon Fillet 400g,Seafood,Ocean Choice,GreenGrocer Midtown,Toronto,Ontario,Premium Brands,Canada,41,17.55
2025-02-09,SKU-004,Cold Brew Coffee 330ml,Beverages,Pilot Coffee,GreenGrocer Midtown,Toronto,Ontario,Premium Brands,Canada,15,7.12
2025-09-19,SKU-005,Greek Yogurt 500g,Dairy,Olympic,Metro Fresh,Montreal,Quebec,Sysco Canada,Canada,12,18.93
2023-07-01,SKU-005,Greek Yogurt 500g,Dairy,Olympic,GreenGrocer Midtown,Toronto,Ontario,Sysco Canada,Canada,34,18.93
2025-06-08,SKU-012,Frozen Edamame 400g,Frozen,President's Choice,GreenGrocer Midtown,Toronto,Ontario,Maple Leaf Foods,Canada,5,13.61
2023-03-21,SKU-010,Dark Chocolate 85g,Snacks,Lindt,GreenGrocer Midtown,Toronto,Ontario,Sysco Canada,Canada,27,2.68
2024-04-25,SKU-010,Dark Chocolate 85g,Snacks,Lindt,Metro Fresh,Montreal,Quebec,Premium Brands,Canada,41,2.68
2024-09-06,SKU-009,Sparkling Water 6pk,Beverages,San Pellegrino,FreshMart Uptown,Ottawa,Ontario,Sysco Canada,Canada,15,11.69
2025-03-14,SKU-011,Almond Butter 500g,Pantry,Maranatha,Metro Fresh,Montreal,Quebec,Lantic Inc,Canada,39,7.02
2024-03-24,SKU-008,Aged Cheddar 400g,Dairy,Black Diamond,FreshMart Westside,Vancouver,British Columbia,Maple Leaf Foods,Canada,8,3.99
2025-07-04,SKU-015,Rotisserie Chicken,Deli,In-store,FreshMart Westside,Vancouver,British Columbia,Lantic Inc,Canada,21,16.94
2025-08-09,SKU-007,Baby Spinach 142g,Produce,Earthbound Farm,FreshMart Downtown,Toronto,Ontario,Sysco Canada,Canada,21,22.51
2023-09-20,SKU-006,Atlantic Salmon Fillet 400g,Seafood,Ocean Choice,FreshMart Uptown,Ottawa,Ontario,Lantic Inc,Canada,50,17.55
2025-04-23,SKU-014,Avocado each,Produce,Fresh Direct,Metro Fresh,Montreal,Quebec,Premium Brands,Canada,44,6.56
2024-03-16,SKU-005,Greek Yogurt 500g,Dairy,Olympic,FreshMart Westside,Vancouver,British Columbia,Premium Brands,Canada,27,18.93
2024-10-12,SKU-013,Oat Milk 1L,Beverages,Oatly,FreshMart Westside,Vancouver,British Columbia,Gordon Food Service,Canada,27,2.6
2024-06-17,SKU-008,Aged Cheddar 400g,Dairy,Black Diamond,Metro Fresh,Montreal,Quebec,Lantic Inc,Canada,4,3.99
2023-04-04,SKU-012,Frozen Edamame 400g,Frozen,President's Choice,GreenGrocer Midtown,Toronto,Ontario,Gordon Food Service,Canada,20,13.61
2024-02-27,SKU-004,Cold Brew Coffee 330ml,Beverages,Pilot Coffee,Prairie Pantry,Calgary,Alberta,Sysco Canada,Canada,50,7.12
2023-09-22,SKU-010,Dark Chocolate 85g,Snacks,Lindt,Prairie Pantry,Calgary,Alberta,Gordon Food Service,Canada,39,2.68
2023-07-04,SKU-012,Frozen Edamame 400g,Frozen,President's Choice,FreshMart Downtown,Toronto,Ontario,Lantic Inc,Canada,50,13.61
2023-05-10,SKU-015,Rotisserie Chicken,Deli,In-store,FreshMart Westside,Vancouver,British Columbia,Premium Brands,Canada,42,16.94
2024-02-11,SKU-004,Cold Brew Coffee 330ml,Beverages,Pilot Coffee,FreshMart Westside,Vancouver,British Columbia,Premium Brands,Canada,11,7.12
2024-08-17,SKU-007,Baby Spinach 142g,Produce,Earthbound Farm,FreshMart Uptown,Ottawa,Ontario,Sysco Canada,Canada,11,22.51
2024-05-24,SKU-006,Atlantic Salmon Fillet 400g,Seafood,Ocean Choice,Metro Fresh,Montreal,Quebec,Sysco Canada,Canada,1,17.55
2025-10-24,SKU-001,Organic Whole Milk 2L,Dairy,Natrel,Prairie Pantry,Calgary,Alberta,Maple Leaf Foods,Canada,26,16.7
2024-09-09,SKU-001,Organic Whole Milk 2L,Dairy,Natrel,GreenGrocer Midtown,Toronto,Ontario,Gordon Food Service,Canada,2,16.7
2023-03-11,SKU-013,Oat Milk 1L,Beverages,Oatly,FreshMart Uptown,Ottawa,Ontario,Sysco Canada,Canada,18,2.6
2023-09-26,SKU-014,Avocado each,Produce,Fresh Direct,Metro Fresh,Montreal,Quebec,Lantic Inc,Canada,48,6.56
2023-06-01,SKU-014,Avocado each,Produce,Fresh Direct,FreshMart Downtown,Toronto,Ontario,Maple Leaf Foods,Canada,33,6.56
2023-02-11,SKU-013,Oat Milk 1L,Beverages,Oatly,FreshMart Uptown,Ottawa,Ontario,Lantic Inc,Canada,1,2.6
2023-07-15,SKU-009,Sparkling Water 6pk,Beverages,San Pellegrino,Prairie Pantry,Calgary,Alberta,Sysco Canada,Canada,48,11.69
2024-10-01,SKU-007,Baby Spinach 142g,Produce,Earthbound Farm,GreenGrocer Midtown,Toronto,Ontario,Premium Brands,Canada,21,22.51
2024-07-15,SKU-012,Frozen Edamame 400g,Frozen,President's Choice,FreshMart Downtown,Toronto,Ontario,Gordon Food Service,Canada,30,13.61
2025-08-23,SKU-005,Greek Yogurt 500g,Dairy,Olympic,FreshMart Uptown,Ottawa,Ontario,Premium Brands,Canada,25,18.93
2024-07-24,SKU-002,Sourdough Bread 750g,Bakery,ACE Bakery,GreenGrocer Midtown,Toronto,Ontario,Lantic Inc,Canada,31,2.57
2024-05-15,SKU-012,Frozen Edamame 400g,Frozen,President's Choice,Prairie Pantry,Calgary,Alberta,Premium Brands,Canada,25,13.61
not-a-date,SKU-008,Aged Cheddar 400g,Dairy,Black Diamond,FreshMart Uptown,Ottawa,Ontario,Lantic Inc,Canada,49,3.99
2024-04-20,SKU-010,Dark Chocolate 85g,Snacks,Lindt,FreshMart Downtown,Toronto,Ontario,Lantic Inc,Canada,29,2.68
2024-11-11,SKU-010,Dark Chocolate 85g,Snacks,Lindt,FreshMart Downtown,Toronto,Ontario,Gordon Food Service,Canada,10,2.68
2023-12-13,SKU-002,Sourdough Bread 750g,Bakery,ACE Bakery,FreshMart Downtown,Toronto,Ontario,Premium Brands,Canada,14,2.57
2023-06-21,SKU-008,Aged Cheddar 400g,Dairy,Black Diamond,Prairie Pantry,Calgary,Alberta,Sysco Canada,Canada,10,3.99
2024-04-21,SKU-014,Avocado each,Produce,Fresh Direct,Metro Fresh,Montreal,Quebec,Premium Brands,Canada,4,6.56
2024-11-22,SKU-005,Greek Yogurt 500g,Dairy,Olympic,Metro Fresh,Montreal,Quebec,Gordon Food Service,Canada,10,18.93
2025-04-12,SKU-012,Frozen Edamame 400g,Frozen,President's Choice,Prairie Pantry,Calgary,Alberta,Premium Brands,Canada,1,13.61
2025-10-20,SKU-004,Cold Brew Coffee 330ml,Beverages,Pilot Coffee,Prairie Pantry,Calgary,Alberta,Lantic Inc,Canada,21,7.12
2025-09-16,SKU-004,Cold Brew Coffee 330ml,Beverages,Pilot Coffee,FreshMart Westside,Vancouver,British Columbia,Lantic Inc,Canada,33,7.12
2023-08-04,SKU-012,Frozen Edamame 400g,Frozen,President's Choice,FreshMart Uptown,Ottawa,Ontario,Maple Leaf Foods,Canada,28,13.61
2023-11-28,SKU-007,Baby Spinach 142g,Produce,Earthbound Farm,GreenGrocer Midtown,Toronto,Ontario,Maple Leaf Foods,Canada,34,22.51
2023-08-21,SKU-003,Free Range Eggs 12pk,Dairy,Burnbrae Farms,GreenGrocer Midtown,Toronto,Ontario,Lantic Inc,Canada,3,8.32
2025-09-24,SKU-008,Aged Cheddar 400g,Dairy,Black Diamond,GreenGrocer Midtown,Toronto,Ontario,Premium Brands,Canada,9,3.99
2023-01-19,SKU-009,Sparkling Water 6pk,Beverages,San Pellegrino,Metro Fresh,Montreal,Quebec,Lantic Inc,Canada,19,11.69
2025-12-06,SKU-005,Greek Yogurt 500g,Dairy,Olympic,FreshMart Uptown,Ottawa,Ontario,Gordon Food Service,Canada,21,18.93
2023-10-17,SKU-006,Atlantic Salmon Fillet 400g,Seafood,Ocean Choice,Prairie Pantry,Calgary,Alberta,Sysco Canada,Canada,19,17.55
2025-11-29,SKU-004,Cold Brew Coffee 330ml,Beverages,Pilot Coffee,Prairie Pantry,Calgary,Alberta,Gordon Food Service,Canada,39,7.12
2023-10-05,SKU-008,Aged Cheddar 400g,Dairy,Black Diamond,GreenGrocer Midtown,Toronto,Ontario,Gordon Food Service,Canada,11,3.99
2024-10-12,SKU-014,Avocado each,Produce,Fresh Direct,Metro Fresh,Montreal,Quebec,Maple Leaf Foods,Canada,27,6.56
2024-09-30,SKU-008,Aged Cheddar 400g,Dairy,Black Diamond,FreshMart Downtown,Toronto,Ontario,Maple Leaf Foods,Canada,45,3.99
2025-07-28,SKU-012,Frozen Edamame 400g,Frozen,President's Choice,FreshMart Downtown,Toronto,Ontario,Premium Brands,Canada,22,13.61
2023-11-17,SKU-010,Dark Chocolate 85g,Snacks,Lindt,Metro Fresh,Montreal,Quebec,Premium Brands,Canada,5,2.68
2023-01-29,SKU-009,Sparkling Water 6pk,Beverages,San Pellegrino,GreenGrocer Midtown,Toronto,Ontario,Gordon Food Service,Canada,13,11.69
2024-09-18,SKU-014,Avocado each,Produce,Fresh Direct,Metro Fresh,Montreal,Quebec,Premium Brands,Canada,24,6.56
2024-02-19,SKU-007,Baby Spinach 142g,Produce,Earthbound Farm,FreshMart Westside,Vancouver,British Columbia,Premium Brands,Canada,5,22.51
2024-07-27,SKU-002,Sourdough Bread 750g,Bakery,ACE Bakery,FreshMart Uptown,Ottawa,Ontario,Sysco Canada,Canada,12,2.57
2025-02-23,SKU-002,Sourdough Bread 750g,Bakery,ACE Bakery,GreenGrocer Midtown,Toronto,Ontario,Premium Brands,Canada,22,2.57
2024-07-21,SKU-014,Avocado each,Produce,Fresh Direct,Prairie Pantry,Calgary,Alberta,Premium Brands,Canada,48,6.56
2023-12-11,SKU-011,Almond Butter 500g,Pantry,Maranatha,Metro Fresh,Montreal,Quebec,Sysco Canada,Canada,1,7.02
2023-10-28,SKU-004,Cold Brew Coffee 330ml,Beverages,Pilot Coffee,FreshMart Downtown,Toronto,Ontario,Premium Brands,Canada,10,7.12
2023-06-09,SKU-014,Avocado each,Produce,Fresh Direct,FreshMart Downtown,Toronto,Ontario,Gordon Food Service,Canada,4,6.56
2025-08-24,SKU-013,Oat Milk 1L,Beverages,Oatly,Metro Fresh,Montreal,Quebec,Lantic Inc,Canada,21,2.6
2025-03-16,SKU-013,Oat Milk 1L,Beverages,Oatly,FreshMart Downtown,Toronto,Ontario,Sysco Canada,Canada,25,2.6
2024-09-30,SKU-012,Frozen Edamame 400g,Frozen,President's Choice,Metro Fresh,Montreal,Quebec,Gordon Food Service,Canada,34,13.61
2023-12-07,SKU-002,Sourdough Bread 750g,Bakery,ACE Bakery,Prairie Pantry,Calgary,Alberta,Sysco Canada,Canada,41,2.57
2025-06-23,SKU-012,Frozen Edamame 400g,Frozen,President's Choice,GreenGrocer Midtown,Toronto,Ontario,Lantic Inc,Canada,32,13.61
2025-06-10,SKU-005,Greek Yogurt 500g,Dairy,Olympic,FreshMart Uptown,Ottawa,Ontario,Maple Leaf Foods,Canada,42,18.93
2024-12-09,SKU-001,Organic Whole Milk 2L,Dairy,Natrel,FreshMart Westside,Vancouver,British Columbia,Lantic Inc,Canada,47,16.7
2025-02-22,SKU-010,Dark Chocolate 85g,Snacks,Lindt,Prairie Pantry,Calgary,Alberta,Sysco Canada,Canada,24,2.68
2025-06-24,SKU-012,Frozen Edamame 400g,Frozen,President's Choice,FreshMart Downtown,Toronto,Ontario,Sysco Canada,Canada,24,13.61
2024-11-03,SKU-001,Organic Whole Milk 2L,Dairy,Natrel,Prairie Pantry,Calgary,Alberta,Gordon Food Service,Canada,7,16.7
2023-01-27,SKU-015,Rotisserie Chicken,Deli,In-store,FreshMart Westside,Vancouver,British Columbia,Premium Brands,Canada,39,16.94
2025-03-26,SKU-011,Almond Butter 500g,Pantry,Maranatha,FreshMart Westside,Vancouver,British Columbia,Lantic Inc,Canada,3,7.02
2023-04-28,SKU-012,Frozen Edamame 400g,Frozen,President's Choice,FreshMart Westside,Vancouver,British Columbia,Gordon Food Service,Canada,37,13.61
2025-07-19,SKU-014,Avocado each,Produce,Fresh Direct,FreshMart Uptown,Ottawa,Ontario,Lantic Inc,Canada,32,6.56
2023-08-01,SKU-012,Frozen Edamame 400g,Frozen,President's Choice,FreshMart Uptown,Ottawa,Ontario,Premium Brands,Canada,3,13.61
2023-12-29,SKU-010,Dark Chocolate 85g,Snacks,Lindt,FreshMart Uptown,Ottawa,Ontario,Sysco Canada,Canada,9,2.68
2025-06-27,SKU-014,Avocado each,Produce,Fresh Direct,FreshMart Downtown,Toronto,Ontario,Maple Leaf Foods,Canada,41,6.56
2024-07-22,SKU-006,Atlantic Salmon Fillet 400g,Seafood,Ocean Choice,FreshMart Downtown,Toronto,Ontario,Premium Brands,Canada,13,17.55
2024-10-10,SKU-012,Frozen Edamame 400g,Frozen,President's Choice,FreshMart Downtown,Toronto,Ontario,Gordon Food Service,Canada,46,13.61
2025-11-23,SKU-010,Dark Chocolate 85g,Snacks,Lindt,FreshMart Uptown,Ottawa,Ontario,Gordon Food Service,Canada,1,2.68
2023-05-14,SKU-007,Baby Spinach 142g,Produce,Earthbound Farm,Metro Fresh,Montreal,Quebec,Maple Leaf Foods,Canada,13,22.51
2023-06-21,SKU-009,Sparkling Water 6pk,Beverages,San Pellegrino,GreenGrocer Midtown,Toronto,Ontario,Gordon Food Service,Canada,12,11.69
2025-11-01,SKU-005,Greek Yogurt 500g,Dairy,Olympic,Prairie Pantry,Calgary,Alberta,Sysco Canada,Canada,27,18.93
2024-07-14,SKU-012,Frozen Edamame 400g,Frozen,President's Choice,FreshMart Downtown,Toronto,Ontario,Gordon Food Service,Canada,36,13.61
2023-06-26,SKU-006,Atlantic Salmon Fillet 400g,Seafood,Ocean Choice,Metro Fresh,Montreal,Quebec,Premium Brands,Canada,37,17.55
2024-01-09,SKU-002,Sourdough Bread 750g,Bakery,ACE Bakery,FreshMart Downtown,Toronto,Ontario,Maple Leaf Foods,Canada,47,2.57
2023-12-13,SKU-006,Atlantic Salmon Fillet 400g,Seafood,Ocean Choice,Prairie Pantry,Calgary,Alberta,Maple Leaf Foods,Canada,1,17.55
2024-05-20,SKU-006,Atlantic Salmon Fillet 400g,Seafood,Ocean Choice,Metro Fresh,Montreal,Quebec,Maple Leaf Foods,Canada,20,17.55
2024-09-27,SKU-011,Almond Butter 500g,Pantry,Maranatha,GreenGrocer Midtown,Toronto,Ontario,Sysco Canada,Canada,4,7.02
2023-10-15,SKU-005,Greek Yogurt 500g,Dairy,Olympic,GreenGrocer Midtown,Toronto,Ontario,Gordon Food Service,Canada,37,18.93
2024-02-13,SKU-004,Cold Brew Coffee 330ml,Beverages,Pilot Coffee,GreenGrocer Midtown,Toronto,Ontario,Gordon Food Service,Canada,12,7.12
2024-06-25,SKU-005,Greek Yogurt 500g,Dairy,Olympic,FreshMart Uptown,Ottawa,Ontario,Lantic Inc,Canada,6,18.93
2025-12-07,SKU-010,Dark Chocolate 85g,Snacks,Lindt,FreshMart Westside,Vancouver,British Columbia,Gordon Food Service,Canada,29,2.68
2025-02-28,SKU-011,Almond Butter 500g,Pantry,Maranatha,GreenGrocer Midtown,Toronto,Ontario,Maple Leaf Foods,Canada,10,7.02
2024-12-11,SKU-004,Cold Brew Coffee 330ml,Beverages,Pilot Coffee,FreshMart Uptown,Ottawa,Ontario,Lantic Inc,Canada,42,7.12
2024-12-01,SKU-013,Oat Milk 1L,Beverages,Oatly,FreshMart Westside,Vancouver,British Columbia,Sysco Canada,Canada,45,2.6
2023-07-05,SKU-009,Sparkling Water 6pk,Beverages,San Pellegrino,FreshMart Uptown,Ottawa,Ontario,Gordon Food Service,Canada,33,11.69
2024-06-18,SKU-005,Greek Yogurt 500g,Dairy,Olympic,GreenGrocer Midtown,Toronto,Ontario,Lantic Inc,Canada,3,18.93
2025-08-31,SKU-009,Sparkling Water 6pk,Beverages,San Pellegrino,FreshMart Uptown,Ottawa,Ontario,Sysco Canada,Canada,9,11.69
2025-02-12,SKU-006,Atlantic Salmon Fillet 400g,Seafood,Ocean Choice,FreshMart Westside,Vancouver,British Columbia,Premium Brands,Canada,43,17.55
2025-01-04,SKU-001,Organic Whole Milk 2L,Dairy,Natrel,FreshMart Westside,Vancouver,British Columbia,Maple Leaf Foods,Canada,1,16.7
2023-07-25,SKU-008,Aged Cheddar 400g,Dairy,Black Diamond,FreshMart Westside,Vancouver,British Columbia,Gordon Food Service,Canada,12,3.99
2024-01-17,SKU-005,Greek Yogurt 500g,Dairy,Olympic,GreenGrocer Midtown,Toronto,Ontario,Lantic Inc,Canada,49,18.93
2025-06-09,,Oat Milk 1L,Beverages,Oatly,Prairie Pantry,Calgary,Alberta,Lantic Inc,Canada,47,2.6
2024-11-22,SKU-004,Cold Brew Coffee 330ml,Beverages,Pilot Coffee,FreshMart Westside,Vancouver,British Columbia,Gordon Food Service,Canada,31,7.12
2025-11-04,SKU-005,Greek Yogurt 500g,Dairy,Olympic,FreshMart Downtown,Toronto,Ontario,Sysco Canada,Canada,7,18.93
2025-03-31,SKU-013,Oat Milk 1L,Beverages,Oatly,FreshMart Westside,Vancouver,British Columbia,Premium Brands,Canada,38,2.6
2025-12-09,SKU-009,Sparkling Water 6pk,Beverages,San Pellegrino,GreenGrocer Midtown,Toronto,Ontario,Gordon Food Service,Canada,-3,11.69
2024-09-25,SKU-013,Oat Milk 1L,Beverages,Oatly,FreshMart Downtown,Toronto,Ontario,Maple Leaf Foods,Canada,50,2.6
2023-12-05,SKU-006,Atlantic Salmon Fillet 400g,Seafood,Ocean Choice,Metro Fresh,Montreal,Quebec,Lantic Inc,Canada,30,17.55
not-a-date,SKU-003,Free Range Eggs 12pk,Dairy,Burnbrae Farms,GreenGrocer Midtown,Toronto,Ontario,Sysco Canada,Canada,20,8.32
2023-07-04,SKU-014,Avocado each,Produce,Fresh Direct,GreenGrocer Midtown,Toronto,Ontario,Lantic Inc,Canada,47,6.56
2023-01-11,SKU-011,Almond Butter 500g,Pantry,Maranatha,Prairie Pantry,Calgary,Alberta,Gordon Food Service,Canada,31,7.02
2025-03-18,SKU-002,Sourdough Bread 750g,Bakery,ACE Bakery,Metro Fresh,Montreal,Quebec,Premium Brands,Canada,45,2.57
2025-08-07,SKU-008,Aged Cheddar 400g,Dairy,Black Diamond,FreshMart Uptown,Ottawa,Ontario,Lantic Inc,Canada,46,3.99
2023-09-21,SKU-015,Rotisserie Chicken,Deli,In-store,FreshMart Downtown,Toronto,Ontario,Lantic Inc,Canada,21,16.94
2024-08-02,SKU-003,Free Range Eggs 12pk,Dairy,Burnbrae Farms,Metro Fresh,Montreal,Quebec,Gordon Food Service,Canada,44,8.32
2025-12-29,SKU-007,Baby Spinach 142g,Produce,Earthbound Farm,Prairie Pantry,Calgary,Alberta,Lantic Inc,Canada,5,22.51
2023-02-25,SKU-011,Almond Butter 500g,Pantry,Maranatha,FreshMart Uptown,Ottawa,Ontario,Premium Brands,Canada,15,7.02
2025-01-11,SKU-003,Free Range Eggs 12pk,Dairy,Burnbrae Farms,GreenGrocer Midtown,Toronto,Ontario,Gordon Food Service,Canada,22,8.32
2025-03-26,SKU-001,Organic Whole Milk 2L,Dairy,Natrel,Prairie Pantry,Calgary,Alberta,Premium Brands,Canada,5,16.7
2023-04-01,SKU-003,Free Range Eggs 12pk,Dairy,Burnbrae Farms,Metro Fresh,Montreal,Quebec,Sysco Canada,Canada,14,8.32
2024-01-04,SKU-002,Sourdough Bread 750g,Bakery,ACE Bakery,FreshMart Westside,Vancouver,British Columbia,Lantic Inc,Canada,28,2.57
2023-03-13,SKU-005,Greek Yogurt 500g,Dairy,Olympic,Metro Fresh,Montreal,Quebec,Lantic Inc,Canada,17,18.93
2025-03-26,SKU-007,Baby Spinach 142g,Produce,Earthbound Farm,GreenGrocer Midtown,Toronto,Ontario,Sysco Canada,Canada,44,22.51
2024-12-10,SKU-002,Sourdough Bread 750g,Bakery,ACE Bakery,Metro Fresh,Montreal,Quebec,Maple Leaf Foods,Canada,44,2.57
2023-11-26,SKU-011,Almond Butter 500g,Pantry,Maranatha,Metro Fresh,Montreal,Quebec,Maple Leaf Foods,Canada,21,7.02
2023-01-24,SKU-009,Sparkling Water 6pk,Beverages,San Pellegrino,Metro Fresh,Montreal,Quebec,Lantic Inc,Canada,32,11.69
2023-04-22,SKU-011,Almond Butter 500g,Pantry,Maranatha,Metro Fresh,Montreal,Quebec,Lantic Inc,Canada,20,7.02
2025-07-11,SKU-012,Frozen Edamame 400g,Frozen,President's Choice,FreshMart Uptown,Ottawa,Ontario,Maple Leaf Foods,Canada,33,13.61
2025-12-31,SKU-008,Aged Cheddar 400g,Dairy,Black Diamond,FreshMart Uptown,Ottawa,Ontario,Gordon Food Service,Canada,24,3.99
2025-02-24,SKU-003,Free Range Eggs 12pk,Dairy,Burnbrae Farms,Metro Fresh,Montreal,Quebec,Premium Brands,Canada,44,8.32
2024-06-12,SKU-001,Organic Whole Milk 2L,Dairy,Natrel,FreshMart Westside,Vancouver,British Columbia,Premium Brands,Canada,13,16.7
2025-06-09,SKU-010,Dark Chocolate 85g,Snacks,Lindt,FreshMart Uptown,Ottawa,Ontario,Lantic Inc,Canada,4,2.68
2025-07-31,SKU-001,Organic Whole Milk 2L,Dairy,Natrel,FreshMart Downtown,Toronto,Ontario,Lantic Inc,Canada,24,16.7
2024-05-31,SKU-010,Dark Chocolate 85g,Snacks,Lindt,FreshMart Uptown,Ottawa,Ontario,Gordon Food Service,Canada,28,2.68
2024-07-01,SKU-005,Greek Yogurt 500g,Dairy,Olympic,FreshMart Downtown,Toronto,Ontario,Premium Brands,Canada,12,18.93
2024-10-26,SKU-007,Baby Spinach 142g,Produce,Earthbound Farm,FreshMart Downtown,Toronto,Ontario,Lantic Inc,Canada,20,22.51
2023-03-16,SKU-010,Dark Chocolate 85g,Snacks,Lindt,FreshMart Downtown,Toronto,Ontario,Gordon Food Service,Canada,35,2.68
2025-12-31,SKU-004,Cold Brew Coffee 330ml,Beverages,Pilot Coffee,GreenGrocer Midtown,Toronto,Ontario,Maple Leaf Foods,Canada,7,7.12
2025-06-01,SKU-003,Free Range Eggs 12pk,Dairy,Burnbrae Farms,FreshMart Uptown,Ottawa,Ontario,Lantic Inc,Canada,18,8.32
2024-05-14,SKU-008,Aged Cheddar 400g,Dairy,Black Diamond,FreshMart Uptown,Ottawa,Ontario,Premium Brands,Canada,47,3.99
2023-06-06,SKU-010,Dark Chocolate 85g,Snacks,Lindt,Metro Fresh,Montreal,Quebec,Maple Leaf Foods,Canada,21,2.68
2025-02-21,SKU-003,Free Range Eggs 12pk,Dairy,Burnbrae Farms,Prairie Pantry,Calgary,Alberta,Maple Leaf Foods,Canada,33,8.32
2025-05-15,SKU-002,Sourdough Bread 750g,Bakery,ACE Bakery,FreshMart Westside,Vancouver,British Columbia,Gordon Food Service,Canada,26,2.57
2025-06-06,SKU-012,Frozen Edamame 400g,Frozen,President's Choice,FreshMart Westside,Vancouver,British Columbia,Maple Leaf Foods,Canada,-10,13.61
2024-05-14,SKU-005,Greek Yogurt 500g,Dairy,Olympic,Prairie Pantry,Calgary,Alberta,Premium Brands,Canada,45,18.93
2024-03-16,SKU-006,Atlantic Salmon Fillet 400g,Seafood,Ocean Choice,Prairie Pantry,Calgary,Alberta,Lantic Inc,Canada,49,17.55
2024-07-20,SKU-005,Greek Yogurt 500g,Dairy,Olympic,FreshMart Uptown,Ottawa,Ontario,Sysco Canada,Canada,33,18.93
2024-08-06,SKU-010,Dark Chocolate 85g,Snacks,Lindt,Metro Fresh,Montreal,Quebec,Sysco Canada,Canada,18,2.68
2023-09-23,SKU-004,Cold Brew Coffee 330ml,Beverages,Pilot Coffee,FreshMart Downtown,Toronto,Ontario,Lantic Inc,Canada,18,-7.12
2023-07-18,SKU-013,Oat Milk 1L,Beverages,Oatly,FreshMart Uptown,Ottawa,Ontario,Gordon Food Service,Canada,15,2.6
2023-05-11,SKU-012,Frozen Edamame 400g,Frozen,President's Choice,FreshMart Westside,Vancouver,British Columbia,Sysco Canada,Canada,40,13.61
2025-05-11,SKU-012,Frozen Edamame 400g,Frozen,President's Choice,Prairie Pantry,Calgary,Alberta,Lantic Inc,Canada,41,13.61
2023-01-26,SKU-009,Sparkling Water 6pk,Beverages,San Pellegrino,Metro Fresh,Montreal,Quebec,Lantic Inc,Canada,22,11.69
2025-08-04,SKU-006,Atlantic Salmon Fillet 400g,Seafood,Ocean Choice,Metro Fresh,Montreal,Quebec,Sysco Canada,Canada,48,17.55
2025-03-09,SKU-009,Sparkling Water 6pk,Beverages,San Pellegrino,FreshMart Uptown,Ottawa,Ontario,Sysco Canada,Canada,17,11.69
2025-09-23,SKU-011,Almond Butter 500g,Pantry,Maranatha,Prairie Pantry,Calgary,Alberta,Maple Leaf Foods,Canada,36,7.02
2025-01-26,SKU-002,Sourdough Bread 750g,Bakery,ACE Bakery,GreenGrocer Midtown,Toronto,Ontario,Premium Brands,Canada,20,2.57
2023-03-02,SKU-006,Atlantic Salmon Fillet 400g,Seafood,Ocean Choice,Metro Fresh,Montreal,Quebec,Lantic Inc,Canada,10,17.55
2025-06-02,SKU-003,Free Range Eggs 12pk,Dairy,Burnbrae Farms,Prairie Pantry,Calgary,Alberta,Gordon Food Service,Canada,27,8.32
2025-10-02,SKU-001,Organic Whole Milk 2L,Dairy,Natrel,FreshMart Westside,Vancouver,British Columbia,Premium Brands,Canada,16,16.7
2023-09-10,SKU-009,Sparkling Water 6pk,Beverages,San Pellegrino,GreenGrocer Midtown,Toronto,Ontario,Lantic Inc,Canada,7,11.69
2024-08-15,SKU-004,Cold Brew Coffee 330ml,Beverages,Pilot Coffee,FreshMart Downtown,Toronto,Ontario,Premium Brands,Canada,12,7.12
2025-04-16,SKU-013,Oat Milk 1L,Beverages,Oatly,FreshMart Uptown,Ottawa,Ontario,Lantic Inc,Canada,23,2.6
2024-10-16,SKU-007,Baby Spinach 142g,Produce,Earthbound Farm,Prairie Pantry,Calgary,Alberta,Gordon Food Service,Canada,50,22.51
2025-10-25,SKU-002,Sourdough Bread 750g,Bakery,ACE Bakery,FreshMart Uptown,Ottawa,Ontario,Gordon Food Service,Canada,35,2.57
2025-08-08,SKU-004,Cold Brew Coffee 330ml,Beverages,Pilot Coffee,Metro Fresh,Montreal,Quebec,Lantic Inc,Canada,19,7.12
2025-03-30,SKU-008,Aged Cheddar 400g,Dairy,Black Diamond,GreenGrocer Midtown,Toronto,Ontario,Sysco Canada,Canada,19,3.99
not-a-date,SKU-014,Avocado each,Produce,Fresh Direct,FreshMart Westside,Vancouver,British Columbia,Lantic Inc,Canada,44,6.56
2025-04-20,SKU-011,Almond Butter 500g,Pantry,Maranatha,Metro Fresh,Montreal,Quebec,Lantic Inc,Canada,13,7.02
2025-10-27,SKU-010,Dark Chocolate 85g,Snacks,Lindt,GreenGrocer Midtown,Toronto,Ontario,Sysco Canada,Canada,6,2.68
2024-10-27,SKU-012,Frozen Edamame 400g,Frozen,President's Choice,Metro Fresh,Montreal,Quebec,Maple Leaf Foods,Canada,40,13.61
2023-07-06,SKU-010,Dark Chocolate 85g,Snacks,Lindt,FreshMart Uptown,Ottawa,Ontario,Lantic Inc,Canada,24,2.68
2025-11-13,SKU-010,Dark Chocolate 85g,Snacks,Lindt,FreshMart Uptown,Ottawa,Ontario,Lantic Inc,Canada,-8,2.68
2025-08-25,SKU-014,Avocado each,Produce,Fresh Direct,GreenGrocer Midtown,Toronto,Ontario,Sysco Canada,Canada,46,6.56
2023-05-13,SKU-006,Atlantic Salmon Fillet 400g,Seafood,Ocean Choice,GreenGrocer Midtown,Toronto,Ontario,Gordon Food Service,Canada,2,17.55
2025-06-27,SKU-008,Aged Cheddar 400g,Dairy,Black Diamond,Metro Fresh,Montreal,Quebec,Sysco Canada,Canada,16,3.99
2024-11-09,SKU-008,Aged Cheddar 400g,Dairy,Black Diamond,Prairie Pantry,Calgary,Alberta,Maple Leaf Foods,Canada,11,3.99
2023-03-08,SKU-012,Frozen Edamame 400g,Frozen,President's Choice,FreshMart Downtown,Toronto,Ontario,Maple Leaf Foods,Canada,44,13.61
2025-02-28,SKU-014,Avocado each,Produce,Fresh Direct,Prairie Pantry,Calgary,Alberta,Lantic Inc,Canada,5,6.56
2023-09-05,SKU-005,Greek Yogurt 500g,Dairy,Olympic,FreshMart Uptown,Ottawa,Ontario,Premium Brands,Canada,46,18.93
2025-06-17,SKU-011,Almond Butter 500g,Pantry,Maranatha,Prairie Pantry,Calgary,Alberta,Maple Leaf Foods,Canada,31,7.02
2023-03-23,SKU-001,Organic Whole Milk 2L,Dairy,Natrel,FreshMart Westside,Vancouver,British Columbia,Lantic Inc,Canada,24,16.7
2025-05-27,SKU-015,Rotisserie Chicken,Deli,In-store,Prairie Pantry,Calgary,Alberta,Lantic Inc,Canada,8,16.94
2023-08-17,SKU-014,Avocado each,Produce,Fresh Direct,FreshMart Westside,Vancouver,British Columbia,Premium Brands,Canada,47,6.56
2023-10-18,SKU-007,Baby Spinach 142g,Produce,Earthbound Farm,FreshMart Uptown,Ottawa,Ontario,Gordon Food Service,Canada,16,22.51
2024-11-06,SKU-004,Cold Brew Coffee 330ml,Beverages,Pilot Coffee,FreshMart Westside,Vancouver,British Columbia,Maple Leaf Foods,Canada,42,7.12
2024-05-16,SKU-008,Aged Cheddar 400g,Dairy,Black Diamond,FreshMart Uptown,Ottawa,Ontario,Lantic Inc,Canada,49,3.99
2024-11-08,SKU-005,Greek Yogurt 500g,Dairy,Olympic,FreshMart Uptown,Ottawa,Ontario,Lantic Inc,Canada,29,18.93
2023-03-15,SKU-010,Dark Chocolate 85g,Snacks,Lindt,FreshMart Westside,Vancouver,British Columbia,Premium Brands,Canada,49,2.68
2024-03-28,SKU-009,Sparkling Water 6pk,Beverages,San Pellegrino,FreshMart Westside,Vancouver,British Columbia,Maple Leaf Foods,Canada,24,11.69
2023-11-21,SKU-012,Frozen Edamame 400g,Frozen,President's Choice,FreshMart Westside,Vancouver,British Columbia,Gordon Food Service,Canada,37,13.61
2024-08-26,SKU-008,Aged Cheddar 400g,Dairy,Black Diamond,FreshMart Uptown,Ottawa,Ontario,Lantic Inc,Canada,10,3.99
2024-08-21,SKU-012,Frozen Edamame 400g,Frozen,President's Choice,GreenGrocer Midtown,Toronto,Ontario,Sysco Canada,Canada,25,13.61
2024-09-12,SKU-004,Cold Brew Coffee 330ml,Beverages,Pilot Coffee,FreshMart Downtown,Toronto,Ontario,Sysco Canada,Canada,10,7.12
2025-11-24,SKU-005,Greek Yogurt 500g,Dairy,Olympic,FreshMart Westside,Vancouver,British Columbia,Premium Brands,Canada,26,18.93
2023-11-16,SKU-015,Rotisserie Chicken,Deli,In-store,GreenGrocer Midtown,Toronto,Ontario,Gordon Food Service,Canada,38,16.94
2025-02-13,SKU-006,Atlantic Salmon Fillet 400g,Seafood,Ocean Choice,Prairie Pantry,Calgary,Alberta,Gordon Food Service,Canada,32,17.55
2023-12-26,SKU-014,Avocado each,Produce,Fresh Direct,Prairie Pantry,Calgary,Alberta,Lantic Inc,Canada,31,6.56
2024-12-02,SKU-001,Organic Whole Milk 2L,Dairy,Natrel,FreshMart Uptown,Ottawa,Ontario,Maple Leaf Foods,Canada,15,16.7
2023-09-02,SKU-004,Cold Brew Coffee 330ml,Beverages,Pilot Coffee,GreenGrocer Midtown,Toronto,Ontario,Gordon Food Service,Canada,42,7.12
2023-01-25,SKU-008,Aged Cheddar 400g,Dairy,Black Diamond,Metro Fresh,Montreal,Quebec,Premium Brands,Canada,48,3.99
2024-02-19,SKU-013,Oat Milk 1L,Beverages,Oatly,Prairie Pantry,Calgary,Alberta,Sysco Canada,Canada,24,2.6
2024-11-05,SKU-007,Baby Spinach 142g,Produce,Earthbound Farm,FreshMart Uptown,Ottawa,Ontario,Maple Leaf Foods,Canada,33,22.51
2023-06-12,SKU-009,Sparkling Water 6pk,Beverages,San Pellegrino,Prairie Pantry,Calgary,Alberta,Premium Brands,Canada,4,11.69
2024-06-08,SKU-009,Sparkling Water 6pk,Beverages,San Pellegrino,GreenGrocer Midtown,Toronto,Ontario,Sysco Canada,Canada,48,11.69
2024-04-12,SKU-015,Rotisserie Chicken,Deli,In-store,FreshMart Uptown,Ottawa,Ontario,Sysco Canada,Canada,45,16.94
2024-06-28,SKU-003,Free Range Eggs 12pk,Dairy,Burnbrae Farms,FreshMart Downtown,Toronto,Ontario,Premium Brands,Canada,36,8.32
2023-09-29,SKU-012,Frozen Edamame 400g,Frozen,President's Choice,GreenGrocer Midtown,Toronto,Ontario,Maple Leaf Foods,Canada,34,13.61
2025-09-04,SKU-004,Cold Brew Coffee 330ml,Beverages,Pilot Coffee,GreenGrocer Midtown,Toronto,Ontario,Sysco Canada,Canada,30,7.12
2023-05-30,SKU-015,Rotisserie Chicken,Deli,In-store,FreshMart Downtown,Toronto,Ontario,Gordon Food Service,Canada,13,16.94
2024-02-09,SKU-008,Aged Cheddar 400g,Dairy,Black Diamond,FreshMart Downtown,Toronto,Ontario,Lantic Inc,Canada,7,3.99
2024-09-06,SKU-004,Cold Brew Coffee 330ml,Beverages,Pilot Coffee,Prairie Pantry,Calgary,Alberta,Lantic Inc,Canada,37,7.12
2024-02-03,,Baby Spinach 142g,Produce,Earthbound Farm,FreshMart Downtown,Toronto,Ontario,Lantic Inc,Canada,38,22.51
2024-07-08,SKU-005,Greek Yogurt 500g,Dairy,Olympic,Metro Fresh,Montreal,Quebec,Premium Brands,Canada,32,18.93
2025-11-19,SKU-006,Atlantic Salmon Fillet 400g,Seafood,Ocean Choice,Prairie Pantry,Calgary,Alberta,Lantic Inc,Canada,19,17.55
2024-05-24,SKU-005,Greek Yogurt 500g,Dairy,Olympic,FreshMart Westside,Vancouver,British Columbia,Premium Brands,Canada,22,18.93
2025-06-20,SKU-009,Sparkling Water 6pk,Beverages,San Pellegrino,Prairie Pantry,Calgary,Alberta,Gordon Food Service,Canada,8,11.69
2024-10-15,SKU-003,Free Range Eggs 12pk,Dairy,Burnbrae Farms,Metro Fresh,Montreal,Quebec,Maple Leaf Foods,Canada,33,8.32
2025-06-03,SKU-003,Free Range Eggs 12pk,Dairy,Burnbrae Farms,GreenGrocer Midtown,Toronto,Ontario,Maple Leaf Foods,Canada,44,8.32
2024-01-10,SKU-015,Rotisserie Chicken,Deli,In-store,Metro Fresh,Montreal,Quebec,Gordon Food Service,Canada,13,16.94
2024-09-21,SKU-013,Oat Milk 1L,Beverages,Oatly,GreenGrocer Midtown,Toronto,Ontario,Sysco Canada,Canada,33,2.6
2023-07-30,SKU-013,Oat Milk 1L,Beverages,Oatly,Prairie Pantry,Calgary,Alberta,Lantic Inc,Canada,44,2.6
2023-11-13,SKU-010,Dark Chocolate 85g,Snacks,Lindt,GreenGrocer Midtown,Toronto,Ontario,Premium Brands,Canada,21,2.68
2023-11-20,SKU-013,Oat Milk 1L,Beverages,Oatly,Metro Fresh,Montreal,Quebec,Sysco Canada,Canada,40,2.6
2025-05-03,SKU-006,Atlantic Salmon Fillet 400g,Seafood,Ocean Choice,Prairie Pantry,Calgary,Alberta,Lantic Inc,Canada,50,17.55
2024-09-13,SKU-004,Cold Brew Coffee 330ml,Beverages,Pilot Coffee,FreshMart Westside,Vancouver,British Columbia,Lantic Inc,Canada,24,7.12
2024-10-07,SKU-006,Atlantic Salmon Fillet 400g,Seafood,Ocean Choice,FreshMart Uptown,Ottawa,Ontario,Gordon Food Service,Canada,29,17.55
2023-01-12,SKU-010,Dark Chocolate 85g,Snacks,Lindt,Metro Fresh,Montreal,Quebec,Lantic Inc,Canada,49,2.68
2023-10-14,SKU-001,Organic Whole Milk 2L,Dairy,Natrel,Metro Fresh,Montreal,Quebec,Gordon Food Service,Canada,30,16.7
2024-03-03,SKU-001,Organic Whole Milk 2L,Dairy,Natrel,FreshMart Uptown,Ottawa,Ontario,Sysco Canada,Canada,43,16.7
2024-10-21,SKU-005,Greek Yogurt 500g,Dairy,Olympic,FreshMart Westside,Vancouver,British Columbia,Maple Leaf Foods,Canada,28,18.93
2024-02-13,SKU-006,Atlantic Salmon Fillet 400g,Seafood,Ocean Choice,Prairie Pantry,Calgary,Alberta,Premium Brands,Canada,14,17.55
2023-06-02,SKU-008,Aged Cheddar 400g,Dairy,Black Diamond,FreshMart Westside,Vancouver,British Columbia,Maple Leaf Foods,Canada,16,3.99
2025-08-20,SKU-012,Frozen Edamame 400g,Frozen,President's Choice,Metro Fresh,Montreal,Quebec,Premium Brands,Canada,3,13.61
2024-05-26,SKU-007,Baby Spinach 142g,Produce,Earthbound Farm,FreshMart Uptown,Ottawa,Ontario,Lantic Inc,Canada,18,22.51
2023-07-27,SKU-010,Dark Chocolate 85g,Snacks,Lindt,Metro Fresh,Montreal,Quebec,Maple Leaf Foods,Canada,4,2.68
2025-06-16,SKU-005,Greek Yogurt 500g,Dairy,Olympic,Prairie Pantry,Calgary,Alberta,Gordon Food Service,Canada,19,18.93
2024-10-26,SKU-003,Free Range Eggs 12pk,Dairy,Burnbrae Farms,FreshMart Uptown,Ottawa,Ontario,Maple Leaf Foods,Canada,50,8.32
2024-09-04,SKU-014,Avocado each,Produce,Fresh Direct,GreenGrocer Midtown,Toronto,Ontario,Sysco Canada,Canada,37,6.56
2024-11-02,SKU-002,Sourdough Bread 750g,Bakery,ACE Bakery,Metro Fresh,Montreal,Quebec,Sysco Canada,Canada,37,2.57
2025-12-23,SKU-011,Almond Butter 500g,Pantry,Maranatha,FreshMart Westside,Vancouver,British Columbia,Premium Brands,Canada,19,7.02
2025-01-09,SKU-003,Free Range Eggs 12pk,Dairy,Burnbrae Farms,FreshMart Downtown,Toronto,Ontario,Gordon Food Service,Canada,50,8.32
2024-10-19,SKU-015,Rotisserie Chicken,Deli,In-store,GreenGrocer Midtown,Toronto,Ontario,Sysco Canada,Canada,30,16.94
2024-06-14,SKU-006,Atlantic Salmon Fillet 400g,Seafood,Ocean Choice,FreshMart Westside,Vancouver,British Columbia,Sysco Canada,Canada,17,17.55
2023-09-02,SKU-015,Rotisserie Chicken,Deli,In-store,FreshMart Downtown,Toronto,Ontario,Sysco Canada,Canada,42,16.94
2025-12-18,SKU-007,Baby Spinach 142g,Produce,Earthbound Farm,Metro Fresh,Montreal,Quebec,Maple Leaf Foods,Canada,4,22.51
2025-06-14,SKU-009,Sparkling Water 6pk,Beverages,San Pellegrino,FreshMart Westside,Vancouver,British Columbia,Maple Leaf Foods,Canada,3,11.69
2025-10-04,SKU-014,Avocado each,Produce,Fresh Direct,FreshMart Westside,Vancouver,British Columbia,Premium Brands,Canada,19,6.56
2023-07-08,SKU-011,Almond Butter 500g,Pantry,Maranatha,FreshMart Downtown,Toronto,Ontario,Maple Leaf Foods,Canada,36,7.02
2023-06-29,SKU-009,Sparkling Water 6pk,Beverages,San Pellegrino,GreenGrocer Midtown,Toronto,Ontario,Premium Brands,Canada,37,11.69
2023-05-30,SKU-010,Dark Chocolate 85g,Snacks,Lindt,FreshMart Uptown,Ottawa,Ontario,Sysco Canada,Canada,50,2.68
2025-07-13,SKU-014,Avocado each,Produce,Fresh Direct,FreshMart Westside,Vancouver,British Columbia,Lantic Inc,Canada,48,6.56
2024-11-26,SKU-006,Atlantic Salmon Fillet 400g,Seafood,Ocean Choice,FreshMart Downtown,Toronto,Ontario,Sysco Canada,Canada,30,17.55
2023-02-13,SKU-012,Frozen Edamame 400g,Frozen,President's Choice,FreshMart Uptown,Ottawa,Ontario,Lantic Inc,Canada,26,13.61
2023-02-08,SKU-001,Organic Whole Milk 2L,Dairy,Natrel,Prairie Pantry,Calgary,Alberta,Lantic Inc,Canada,1,16.7
2024-04-01,SKU-007,Baby Spinach 142g,Produce,Earthbound Farm,GreenGrocer Midtown,Toronto,Ontario,Gordon Food Service,Canada,38,22.51
2024-02-15,SKU-006,Atlantic Salmon Fillet 400g,Seafood,Ocean Choice,Prairie Pantry,Calgary,Alberta,Lantic Inc,Canada,50,17.55
2023-11-09,SKU-015,Rotisserie Chicken,Deli,In-store,FreshMart Westside,Vancouver,British Columbia,Premium Brands,Canada,13,16.94
2023-07-26,SKU-004,Cold Brew Coffee 330ml,Beverages,Pilot Coffee,FreshMart Westside,Vancouver,British Columbia,Sysco Canada,Canada,2,7.12
2024-12-14,SKU-014,Avocado each,Produce,Fresh Direct,FreshMart Downtown,Toronto,Ontario,Sysco Canada,Canada,5,6.56
2024-02-18,SKU-006,Atlantic Salmon Fillet 400g,Seafood,Ocean Choice,GreenGrocer Midtown,Toronto,Ontario,Sysco Canada,Canada,20,17.55
2024-12-28,SKU-005,Greek Yogurt 500g,Dairy,Olympic,GreenGrocer Midtown,Toronto,Ontario,Sysco Canada,Canada,2,18.93
2025-02-07,SKU-015,Rotisserie Chicken,Deli,In-store,Metro Fresh,Montreal,Quebec,Maple Leaf Foods,Canada,2,16.94
2025-02-18,SKU-012,Frozen Edamame 400g,Frozen,President's Choice,FreshMart Uptown,Ottawa,Ontario,Sysco Canada,Canada,4,13.61
2025-02-18,SKU-007,Baby Spinach 142g,Produce,Earthbound Farm,GreenGrocer Midtown,Toronto,Ontario,Sysco Canada,Canada,38,22.51
2025-11-23,SKU-002,Sourdough Bread 750g,Bakery,ACE Bakery,GreenGrocer Midtown,Toronto,Ontario,Premium Brands,Canada,8,2.57
2025-01-03,SKU-004,Cold Brew Coffee 330ml,Beverages,Pilot Coffee,FreshMart Downtown,Toronto,Ontario,Lantic Inc,Canada,48,7.12
2023-07-05,SKU-007,Baby Spinach 142g,Produce,Earthbound Farm,GreenGrocer Midtown,Toronto,Ontario,Sysco Canada,Canada,33,22.51
2025-07-24,SKU-005,Greek Yogurt 500g,Dairy,Olympic,Prairie Pantry,Calgary,Alberta,Maple Leaf Foods,Canada,2,18.93
2023-07-24,SKU-013,Oat Milk 1L,Beverages,Oatly,Metro Fresh,Montreal,Quebec,Lantic Inc,Canada,23,-2.6
2024-09-07,SKU-014,Avocado each,Produce,Fresh Direct,FreshMart Downtown,Toronto,Ontario,Lantic Inc,Canada,15,6.56
2025-08-23,SKU-002,Sourdough Bread 750g,Bakery,ACE Bakery,FreshMart Uptown,Ottawa,Ontario,Lantic Inc,Canada,2,2.57
2023-04-03,SKU-005,Greek Yogurt 500g,Dairy,Olympic,FreshMart Uptown,Ottawa,Ontario,Gordon Food Service,Canada,10,18.93
2023-09-20,SKU-003,Free Range Eggs 12pk,Dairy,Burnbrae Farms,Prairie Pantry,Calgary,Alberta,Maple Leaf Foods,Canada,34,8.32
2023-05-06,SKU-012,Frozen Edamame 400g,Frozen,President's Choice,Metro Fresh,Montreal,Quebec,Maple Leaf Foods,Canada,39,13.61
2025-01-31,SKU-014,Avocado each,Produce,Fresh Direct,FreshMart Uptown,Ottawa,Ontario,Gordon Food Service,Canada,40,6.56
2023-12-24,SKU-003,Free Range Eggs 12pk,Dairy,Burnbrae Farms,Metro Fresh,Montreal,Quebec,Sysco Canada,Canada,34,8.32
2025-01-17,SKU-012,Frozen Edamame 400g,Frozen,President's Choice,FreshMart Uptown,Ottawa,Ontario,Sysco Canada,Canada,8,13.61
2024-09-18,SKU-001,Organic Whole Milk 2L,Dairy,Natrel,Metro Fresh,Montreal,Quebec,Sysco Canada,Canada,26,16.7
2024-10-19,SKU-015,Rotisserie Chicken,Deli,In-store,FreshMart Westside,Vancouver,British Columbia,Premium Brands,Canada,2,16.94
2023-03-12,SKU-006,Atlantic Salmon Fillet 400g,Seafood,Ocean Choice,FreshMart Downtown,Toronto,Ontario,Lantic Inc,Canada,48,17.55
2025-02-11,SKU-015,Rotisserie Chicken,Deli,In-store,Metro Fresh,Montreal,Quebec,Maple Leaf Foods,Canada,49,16.94
2023-07-25,SKU-009,Sparkling Water 6pk,Beverages,San Pellegrino,GreenGrocer Midtown,Toronto,Ontario,Sysco Canada,Canada,1,11.69
2023-05-16,SKU-004,Cold Brew Coffee 330ml,Beverages,Pilot Coffee,FreshMart Downtown,Toronto,Ontario,Lantic Inc,Canada,8,7.12
2025-06-20,SKU-008,Aged Cheddar 400g,Dairy,Black Diamond,Metro Fresh,Montreal,Quebec,Premium Brands,Canada,9,3.99
2024-09-29,SKU-013,Oat Milk 1L,Beverages,Oatly,FreshMart Uptown,Ottawa,Ontario,Maple Leaf Foods,Canada,31,2.6
2024-10-23,SKU-015,Rotisserie Chicken,Deli,In-store,FreshMart Westside,Vancouver,British Columbia,Sysco Canada,Canada,43,16.94
2025-09-05,SKU-010,Dark Chocolate 85g,Snacks,Lindt,FreshMart Uptown,Ottawa,Ontario,Maple Leaf Foods,Canada,32,2.68
2023-09-15,SKU-014,Avocado each,Produce,Fresh Direct,Prairie Pantry,Calgary,Alberta,Sysco Canada,Canada,15,6.56
2023-06-18,SKU-013,Oat Milk 1L,Beverages,Oatly,GreenGrocer Midtown,Toronto,Ontario,Sysco Canada,Canada,48,2.6
2023-08-04,SKU-007,Baby Spinach 142g,Produce,Earthbound Farm,FreshMart Westside,Vancouver,British Columbia,Premium Brands,Canada,16,22.51
2024-11-04,SKU-003,Free Range Eggs 12pk,Dairy,Burnbrae Farms,FreshMart Uptown,Ottawa,Ontario,Gordon Food Service,Canada,46,8.32
2025-11-24,SKU-011,Almond Butter 500g,Pantry,Maranatha,Prairie Pantry,Calgary,Alberta,Premium Brands,Canada,37,7.02
2025-05-14,SKU-005,Greek Yogurt 500g,Dairy,Olympic,GreenGrocer Midtown,Toronto,Ontario,Gordon Food Service,Canada,24,18.93
2025-02-27,SKU-010,Dark Chocolate 85g,Snacks,Lindt,FreshMart Uptown,Ottawa,Ontario,Maple Leaf Foods,Canada,41,2.68
2023-10-20,SKU-004,Cold Brew Coffee 330ml,Beverages,Pilot Coffee,GreenGrocer Midtown,Toronto,Ontario,Maple Leaf Foods,Canada,41,7.12
2025-03-23,SKU-013,Oat Milk 1L,Beverages,Oatly,GreenGrocer Midtown,Toronto,Ontario,Sysco Canada,Canada,21,2.6
2024-01-20,,Aged Cheddar 400g,Dairy,Black Diamond,Metro Fresh,Montreal,Quebec,Gordon Food Service,Canada,41,3.99
2024-06-22,SKU-004,Cold Brew Coffee 330ml,Beverages,Pilot Coffee,Metro Fresh,Montreal,Quebec,Premium Brands,Canada,35,7.12
2024-11-21,SKU-012,Frozen Edamame 400g,Frozen,President's Choice,FreshMart Westside,Vancouver,British Columbia,Premium Brands,Canada,22,13.61
2025-09-25,SKU-003,Free Range Eggs 12pk,Dairy,Burnbrae Farms,FreshMart Westside,Vancouver,British Columbia,Gordon Food Service,Canada,50,8.32
2025-11-29,SKU-011,Almond Butter 500g,Pantry,Maranatha,FreshMart Downtown,Toronto,Ontario,Gordon Food Service,Canada,17,7.02
2023-09-16,SKU-006,Atlantic Salmon Fillet 400g,Seafood,Ocean Choice,Metro Fresh,Montreal,Quebec,Maple Leaf Foods,Canada,7,17.55
2024-08-28,SKU-008,Aged Cheddar 400g,Dairy,Black Diamond,FreshMart Downtown,Toronto,Ontario,Maple Leaf Foods,Canada,9,3.99
2023-06-19,SKU-005,Greek Yogurt 500g,Dairy,Olympic,Metro Fresh,Montreal,Quebec,Lantic Inc,Canada,33,18.93
2023-10-18,SKU-014,Avocado each,Produce,Fresh Direct,Prairie Pantry,Calgary,Alberta,Sysco Canada,Canada,44,6.56
2025-12-12,SKU-001,Organic Whole Milk 2L,Dairy,Natrel,GreenGrocer Midtown,Toronto,Ontario,Gordon Food Service,Canada,39,16.7
2023-04-07,SKU-010,Dark Chocolate 85g,Snacks,Lindt,Prairie Pantry,Calgary,Alberta,Premium Brands,Canada,35,2.68
2023-12-08,SKU-004,Cold Brew Coffee 330ml,Beverages,Pilot Coffee,FreshMart Uptown,Ottawa,Ontario,Premium Brands,Canada,24,7.12
2024-04-08,SKU-011,Almond Butter 500g,Pantry,Maranatha,GreenGrocer Midtown,Toronto,Ontario,Premium Brands,Canada,49,7.02
2024-02-19,SKU-009,Sparkling Water 6pk,Beverages,San Pellegrino,Prairie Pantry,Calgary,Alberta,Lantic Inc,Canada,18,11.69
2025-12-04,SKU-007,Baby Spinach 142g,Produce,Earthbound Farm,FreshMart Westside,Vancouver,British Columbia,Lantic Inc,Canada,27,22.51
2024-09-06,SKU-008,Aged Cheddar 400g,Dairy,Black Diamond,FreshMart Westside,Vancouver,British Columbia,Sysco Canada,Canada,1,3.99
2024-03-03,SKU-012,Frozen Edamame 400g,Frozen,President's Choice,Prairie Pantry,Calgary,Alberta,Gordon Food Service,Canada,47,13.61
2023-10-15,SKU-002,Sourdough Bread 750g,Bakery,ACE Bakery,FreshMart Downtown,Toronto,Ontario,Lantic Inc,Canada,10,2.57
2023-11-23,SKU-003,Free Range Eggs 12pk,Dairy,Burnbrae Farms,GreenGrocer Midtown,Toronto,Ontario,Lantic Inc,Canada,42,8.32
2024-12-18,SKU-010,Dark Chocolate 85g,Snacks,Lindt,GreenGrocer Midtown,Toronto,Ontario,Sysco Canada,Canada,5,2.68
2023-09-10,SKU-005,Greek Yogurt 500g,Dairy,Olympic,GreenGrocer Midtown,Toronto,Ontario,Lantic Inc,Canada,47,18.93
2025-06-27,SKU-011,Almond Butter 500g,Pantry,Maranatha,GreenGrocer Midtown,Toronto,Ontario,Sysco Canada,Canada,10,7.02
2023-08-29,SKU-013,Oat Milk 1L,Beverages,Oatly,FreshMart Westside,Vancouver,British Columbia,Maple Leaf Foods,Canada,34,2.6
2025-08-22,SKU-002,Sourdough Bread 750g,Bakery,ACE Bakery,FreshMart Uptown,Ottawa,Ontario,Premium Brands,Canada,15,2.57
2025-07-19,SKU-005,Greek Yogurt 500g,Dairy,Olympic,FreshMart Downtown,Toronto,Ontario,Premium Brands,Canada,10,18.93
2024-07-11,SKU-013,Oat Milk 1L,Beverages,Oatly,FreshMart Uptown,Ottawa,Ontario,Gordon Food Service,Canada,3,2.6
2025-08-13,SKU-015,Rotisserie Chicken,Deli,In-store,FreshMart Westside,Vancouver,British Columbia,Maple Leaf Foods,Canada,28,16.94
2024-08-19,SKU-015,Rotisserie Chicken,Deli,In-store,FreshMart Uptown,Ottawa,Ontario,Lantic Inc,Canada,15,16.94
2025-01-12,SKU-002,Sourdough Bread 750g,Bakery,ACE Bakery,FreshMart Uptown,Ottawa,Ontario,Premium Brands,Canada,16,2.57
2025-05-13,SKU-011,Almond Butter 500g,Pantry,Maranatha,Metro Fresh,Montreal,Quebec,Lantic Inc,Canada,4,7.02
2024-05-30,SKU-014,Avocado each,Produce,Fresh Direct,FreshMart Westside,Vancouver,British Columbia,Gordon Food Service,Canada,41,6.56
2024-12-31,SKU-007,Baby Spinach 142g,Produce,Earthbound Farm,FreshMart Uptown,Ottawa,Ontario,Gordon Food Service,Canada,6,22.51
2025-10-10,,Frozen Edamame 400g,Frozen,President's Choice,Metro Fresh,Montreal,Quebec,Sysco Canada,Canada,15,13.61
2025-02-08,SKU-002,Sourdough Bread 750g,Bakery,ACE Bakery,FreshMart Uptown,Ottawa,Ontario,Lantic Inc,Canada,39,2.57
2023-03-28,SKU-015,Rotisserie Chicken,Deli,In-store,FreshMart Uptown,Ottawa,Ontario,Lantic Inc,Canada,39,16.94
2023-07-14,SKU-014,Avocado each,Produce,Fresh Direct,FreshMart Uptown,Ottawa,Ontario,Maple Leaf Foods,Canada,8,6.56
2025-05-13,SKU-004,Cold Brew Coffee 330ml,Beverages,Pilot Coffee,FreshMart Westside,Vancouver,British Columbia,Premium Brands,Canada,26,7.12
2025-08-01,SKU-001,Organic Whole Milk 2L,Dairy,Natrel,FreshMart Westside,Vancouver,British Columbia,Lantic Inc,Canada,37,16.7
2023-02-22,SKU-001,Organic Whole Milk 2L,Dairy,Natrel,Metro Fresh,Montreal,Quebec,Lantic Inc,Canada,14,16.7
2023-07-22,SKU-001,Organic Whole Milk 2L,Dairy,Natrel,FreshMart Uptown,Ottawa,Ontario,Gordon Food Service,Canada,19,16.7
2024-06-03,SKU-013,Oat Milk 1L,Beverages,Oatly,FreshMart Downtown,Toronto,Ontario,Lantic Inc,Canada,23,2.6
2024-07-20,SKU-006,Atlantic Salmon Fillet 400g,Seafood,Ocean Choice,FreshMart Westside,Vancouver,British Columbia,Sysco Canada,Canada,29,17.55
2023-11-25,SKU-006,Atlantic Salmon Fillet 400g,Seafood,Ocean Choice,Metro Fresh,Montreal,Quebec,Gordon Food Service,Canada,14,17.55
2025-04-01,SKU-014,Avocado each,Produce,Fresh Direct,Prairie Pantry,Calgary,Alberta,Gordon Food Service,Canada,49,6.56
2023-07-02,SKU-014,Avocado each,Produce,Fresh Direct,GreenGrocer Midtown,Toronto,Ontario,Lantic Inc,Canada,22,6.56
2024-10-10,SKU-009,Sparkling Water 6pk,Beverages,San Pellegrino,FreshMart Uptown,Ottawa,Ontario,Sysco Canada,Canada,20,11.69
2024-10-02,SKU-012,Frozen Edamame 400g,Frozen,President's Choice,FreshMart Downtown,Toronto,Ontario,Lantic Inc,Canada,40,13.61
2024-06-26,SKU-003,Free Range Eggs 12pk,Dairy,Burnbrae Farms,Metro Fresh,Montreal,Quebec,Sysco Canada,Canada,46,8.32
2023-11-23,SKU-006,Atlantic Salmon Fillet 400g,Seafood,Ocean Choice,Metro Fresh,Montreal,Quebec,Gordon Food Service,Canada,11,17.55
2024-09-27,SKU-002,Sourdough Bread 750g,Bakery,ACE Bakery,GreenGrocer Midtown,Toronto,Ontario,Premium Brands,Canada,33,2.57
2023-12-31,SKU-009,Sparkling Water 6pk,Beverages,San Pellegrino,FreshMart Westside,Vancouver,British Columbia,Premium Brands,Canada,26,11.69
2023-07-05,SKU-002,Sourdough Bread 750g,Bakery,ACE Bakery,GreenGrocer Midtown,Toronto,Ontario,Maple Leaf Foods,Canada,46,2.57
2024-06-23,SKU-015,Rotisserie Chicken,Deli,In-store,FreshMart Uptown,Ottawa,Ontario,Lantic Inc,Canada,10,16.94
2023-09-30,SKU-009,Sparkling Water 6pk,Beverages,San Pellegrino,FreshMart Westside,Vancouver,British Columbia,Lantic Inc,Canada,25,11.69
2023-06-18,SKU-012,Frozen Edamame 400g,Frozen,President's Choice,FreshMart Westside,Vancouver,British Columbia,Premium Brands,Canada,21,13.61
2023-11-14,SKU-008,Aged Cheddar 400g,Dairy,Black Diamond,FreshMart Downtown,Toronto,Ontario,Sysco Canada,Canada,43,3.99
2024-03-24,SKU-001,Organic Whole Milk 2L,Dairy,Natrel,Metro Fresh,Montreal,Quebec,Sysco Canada,Canada,16,16.7
2023-10-25,SKU-008,Aged Cheddar 400g,Dairy,Black Diamond,FreshMart Uptown,Ottawa,Ontario,Sysco Canada,Canada,1,3.99
2025-06-17,SKU-001,Organic Whole Milk 2L,Dairy,Natrel,Prairie Pantry,Calgary,Alberta,Lantic Inc,Canada,27,16.7
2024-01-17,SKU-010,Dark Chocolate 85g,Snacks,Lindt,GreenGrocer Midtown,Toronto,Ontario,Lantic Inc,Canada,34,2.68
2024-06-19,SKU-011,Almond Butter 500g,Pantry,Maranatha,Prairie Pantry,Calgary,Alberta,Lantic Inc,Canada,46,7.02
2025-01-28,SKU-006,Atlantic Salmon Fillet 400g,Seafood,Ocean Choice,FreshMart Westside,Vancouver,British Columbia,Lantic Inc,Canada,24,17.55
2025-01-01,SKU-015,Rotisserie Chicken,Deli,In-store,GreenGrocer Midtown,Toronto,Ontario,Gordon Food Service,Canada,5,16.94
2023-09-21,SKU-003,Free Range Eggs 12pk,Dairy,Burnbrae Farms,FreshMart Westside,Vancouver,British Columbia,Sysco Canada,Canada,7,8.32
2024-10-04,SKU-013,Oat Milk 1L,Beverages,Oatly,Prairie Pantry,Calgary,Alberta,Lantic Inc,Canada,7,2.6
2024-04-03,SKU-010,Dark Chocolate 85g,Snacks,Lindt,GreenGrocer Midtown,Toronto,Ontario,Gordon Food Service,Canada,30,2.68
2025-06-15,SKU-014,Avocado each,Produce,Fresh Direct,FreshMart Downtown,Toronto,Ontario,Lantic Inc,Canada,32,6.56
2025-07-07,SKU-002,Sourdough Bread 750g,Bakery,ACE Bakery,GreenGrocer Midtown,Toronto,Ontario,Maple Leaf Foods,Canada,36,2.57
2023-10-30,SKU-015,Rotisserie Chicken,Deli,In-store,FreshMart Westside,Vancouver,British Columbia,Lantic Inc,Canada,5,16.94
2024-05-31,SKU-002,Sourdough Bread 750g,Bakery,ACE Bakery,FreshMart Uptown,Ottawa,Ontario,Gordon Food Service,Canada,47,2.57
2023-10-01,SKU-010,Dark Chocolate 85g,Snacks,Lindt,Metro Fresh,Montreal,Quebec,Lantic Inc,Canada,-8,2.68
2024-11-07,SKU-012,Frozen Edamame 400g,Frozen,President's Choice,FreshMart Uptown,Ottawa,Ontario,Gordon Food Service,Canada,15,13.61
2023-10-23,SKU-015,Rotisserie Chicken,Deli,In-store,Prairie Pantry,Calgary,Alberta,Lantic Inc,Canada,50,16.94
2023-01-14,SKU-011,Almond Butter 500g,Pantry,Maranatha,Prairie Pantry,Calgary,Alberta,Gordon Food Service,Canada,40,7.02
2023-09-03,SKU-013,Oat Milk 1L,Beverages,Oatly,FreshMart Westside,Vancouver,British Columbia,Premium Brands,Canada,50,2.6
2025-04-27,SKU-010,Dark Chocolate 85g,Snacks,Lindt,FreshMart Downtown,Toronto,Ontario,Premium Brands,Canada,47,2.68
2024-01-03,SKU-004,Cold Brew Coffee 330ml,Beverages,Pilot Coffee,GreenGrocer Midtown,Toronto,Ontario,Premium Brands,Canada,12,7.12
not-a-date,SKU-015,Rotisserie Chicken,Deli,In-store,Metro Fresh,Montreal,Quebec,Maple Leaf Foods,Canada,6,16.94
2025-04-14,SKU-010,Dark Chocolate 85g,Snacks,Lindt,FreshMart Uptown,Ottawa,Ontario,Lantic Inc,Canada,25,2.68
2023-07-16,SKU-003,Free Range Eggs 12pk,Dairy,Burnbrae Farms,FreshMart Westside,Vancouver,British Columbia,Sysco Canada,Canada,20,8.32
2025-10-20,SKU-012,Frozen Edamame 400g,Frozen,President's Choice,Metro Fresh,Montreal,Quebec,Gordon Food Service,Canada,6,13.61
2024-12-20,SKU-007,Baby Spinach 142g,Produce,Earthbound Farm,GreenGrocer Midtown,Toronto,Ontario,Sysco Canada,Canada,42,22.51
2025-12-08,SKU-006,Atlantic Salmon Fillet 400g,Seafood,Ocean Choice,Metro Fresh,Montreal,Quebec,Maple Leaf Foods,Canada,17,17.55
2023-05-02,SKU-010,Dark Chocolate 85g,Snacks,Lindt,FreshMart Downtown,Toronto,Ontario,Premium Brands,Canada,44,-2.68
2023-01-10,SKU-001,Organic Whole Milk 2L,Dairy,Natrel,Prairie Pantry,Calgary,Alberta,Maple Leaf Foods,Canada,21,16.7
2025-02-06,SKU-001,Organic Whole Milk 2L,Dairy,Natrel,Prairie Pantry,Calgary,Alberta,Premium Brands,Canada,5,16.7
2025-10-17,SKU-004,Cold Brew Coffee 330ml,Beverages,Pilot Coffee,FreshMart Uptown,Ottawa,Ontario,Premium Brands,Canada,12,7.12
2025-02-05,SKU-006,Atlantic Salmon Fillet 400g,Seafood,Ocean Choice,FreshMart Downtown,Toronto,Ontario,Sysco Canada,Canada,37,17.55
2025-11-05,SKU-008,Aged Cheddar 400g,Dairy,Black Diamond,FreshMart Uptown,Ottawa,Ontario,Sysco Canada,Canada,10,3.99
2023-03-21,SKU-008,Aged Cheddar 400g,Dairy,Black Diamond,FreshMart Downtown,Toronto,Ontario,Premium Brands,Canada,35,3.99
2024-08-19,SKU-013,Oat Milk 1L,Beverages,Oatly,FreshMart Downtown,Toronto,Ontario,Gordon Food Service,Canada,7,2.6
2023-12-09,SKU-003,Free Range Eggs 12pk,Dairy,Burnbrae Farms,Prairie Pantry,Calgary,Alberta,Premium Brands,Canada,7,8.32
2024-11-21,SKU-010,Dark Chocolate 85g,Snacks,Lindt,GreenGrocer Midtown,Toronto,Ontario,Premium Brands,Canada,30,2.68
2023-08-27,SKU-009,Sparkling Water 6pk,Beverages,San Pellegrino,Metro Fresh,Montreal,Quebec,Lantic Inc,Canada,43,11.69
2023-10-17,SKU-006,Atlantic Salmon Fillet 400g,Seafood,Ocean Choice,GreenGrocer Midtown,Toronto,Ontario,Gordon Food Service,Canada,16,17.55
2023-03-27,SKU-008,Aged Cheddar 400g,Dairy,Black Diamond,GreenGrocer Midtown,Toronto,Ontario,Lantic Inc,Canada,23,3.99
2023-07-22,SKU-015,Rotisserie Chicken,Deli,In-store,Metro Fresh,Montreal,Quebec,Premium Brands,Canada,34,16.94
2025-12-25,SKU-011,Almond Butter 500g,Pantry,Maranatha,FreshMart Westside,Vancouver,British Columbia,Premium Brands,Canada,34,7.02
2024-08-01,SKU-009,Sparkling Water 6pk,Beverages,San Pellegrino,FreshMart Uptown,Ottawa,Ontario,Sysco Canada,Canada,21,11.69
2025-05-23,SKU-013,Oat Milk 1L,Beverages,Oatly,GreenGrocer Midtown,Toronto,Ontario,Gordon Food Service,Canada,26,2.6
2025-10-03,SKU-002,Sourdough Bread 750g,Bakery,ACE Bakery,Metro Fresh,Montreal,Quebec,Maple Leaf Foods,Canada,7,2.57
2024-09-18,SKU-008,Aged Cheddar 400g,Dairy,Black Diamond,Prairie Pantry,Calgary,Alberta,Lantic Inc,Canada,32,3.99
2025-12-16,SKU-013,Oat Milk 1L,Beverages,Oatly,FreshMart Westside,Vancouver,British Columbia,Maple Leaf Foods,Canada,3,2.6
2023-12-22,SKU-002,Sourdough Bread 750g,Bakery,ACE Bakery,FreshMart Westside,Vancouver,British Columbia,Premium Brands,Canada,42,2.57
2023-04-07,SKU-001,Organic Whole Milk 2L,Dairy,Natrel,Prairie Pantry,Calgary,Alberta,Maple Leaf Foods,Canada,20,16.7
2025-06-07,SKU-006,Atlantic Salmon Fillet 400g,Seafood,Ocean Choice,Prairie Pantry,Calgary,Alberta,Maple Leaf Foods,Canada,48,17.55
2025-01-29,SKU-014,Avocado each,Produce,Fresh Direct,GreenGrocer Midtown,Toronto,Ontario,Premium Brands,Canada,44,6.56
2025-07-25,SKU-015,Rotisserie Chicken,Deli,In-store,GreenGrocer Midtown,Toronto,Ontario,Maple Leaf Foods,Canada,12,16.94
2024-02-21,SKU-012,Frozen Edamame 400g,Frozen,President's Choice,FreshMart Westside,Vancouver,British Columbia,Maple Leaf Foods,Canada,32,13.61
2023-04-03,SKU-011,Almond Butter 500g,Pantry,Maranatha,Prairie Pantry,Calgary,Alberta,Maple Leaf Foods,Canada,25,7.02
2023-01-10,SKU-012,Frozen Edamame 400g,Frozen,President's Choice,FreshMart Downtown,Toronto,Ontario,Gordon Food Service,Canada,16,13.61
2025-03-09,SKU-015,Rotisserie Chicken,Deli,In-store,FreshMart Westside,Vancouver,British Columbia,Sysco Canada,Canada,15,16.94
2023-11-16,SKU-014,Avocado each,Produce,Fresh Direct,Metro Fresh,Montreal,Quebec,Maple Leaf Foods,Canada,10,6.56
2025-05-15,SKU-010,Dark Chocolate 85g,Snacks,Lindt,FreshMart Uptown,Ottawa,Ontario,Gordon Food Service,Canada,44,2.68
2024-02-24,SKU-014,Avocado each,Produce,Fresh Direct,FreshMart Uptown,Ottawa,Ontario,Gordon Food Service,Canada,42,6.56
2025-05-01,SKU-005,Greek Yogurt 500g,Dairy,Olympic,Metro Fresh,Montreal,Quebec,Maple Leaf Foods,Canada,27,18.93
2024-06-03,SKU-014,Avocado each,Produce,Fresh Direct,GreenGrocer Midtown,Toronto,Ontario,Lantic Inc,Canada,39,6.56
2025-07-08,SKU-012,Frozen Edamame 400g,Frozen,President's Choice,Metro Fresh,Montreal,Quebec,Maple Leaf Foods,Canada,-2,13.61
2023-05-17,SKU-002,Sourdough Bread 750g,Bakery,ACE Bakery,GreenGrocer Midtown,Toronto,Ontario,Lantic Inc,Canada,12,2.57
2025-03-26,SKU-003,Free Range Eggs 12pk,Dairy,Burnbrae Farms,FreshMart Uptown,Ottawa,Ontario,Gordon Food Service,Canada,19,8.32
2023-08-11,SKU-005,Greek Yogurt 500g,Dairy,Olympic,Prairie Pantry,Calgary,Alberta,Gordon Food Service,Canada,49,18.93
2025-10-16,SKU-014,Avocado each,Produce,Fresh Direct,GreenGrocer Midtown,Toronto,Ontario,Maple Leaf Foods,Canada,13,6.56
2023-08-12,SKU-001,Organic Whole Milk 2L,Dairy,Natrel,Metro Fresh,Montreal,Quebec,Lantic Inc,Canada,8,16.7
2023-06-21,SKU-014,Avocado each,Produce,Fresh Direct,Metro Fresh,Montreal,Quebec,Sysco Canada,Canada,49,6.56
2025-01-29,SKU-002,Sourdough Bread 750g,Bakery,ACE Bakery,GreenGrocer Midtown,Toronto,Ontario,Lantic Inc,Canada,29,2.57
2025-10-28,SKU-008,Aged Cheddar 400g,Dairy,Black Diamond,Prairie Pantry,Calgary,Alberta,Maple Leaf Foods,Canada,50,3.99
2023-03-31,SKU-013,Oat Milk 1L,Beverages,Oatly,GreenGrocer Midtown,Toronto,Ontario,Gordon Food Service,Canada,37,2.6
2023-12-26,,Free Range Eggs 12pk,Dairy,Burnbrae Farms,FreshMart Westside,Vancouver,British Columbia,Gordon Food Service,Canada,23,8.32
2025-02-17,SKU-011,Almond Butter 500g,Pantry,Maranatha,FreshMart Downtown,Toronto,Ontario,Lantic Inc,Canada,10,7.02
2024-01-12,SKU-009,Sparkling Water 6pk,Beverages,San Pellegrino,FreshMart Downtown,Toronto,Ontario,Sysco Canada,Canada,41,11.69
2023-02-21,SKU-011,Almond Butter 500g,Pantry,Maranatha,FreshMart Uptown,Ottawa,Ontario,Lantic Inc,Canada,29,7.02
2024-08-12,SKU-004,Cold Brew Coffee 330ml,Beverages,Pilot Coffee,Prairie Pantry,Calgary,Alberta,Premium Brands,Canada,36,7.12
2023-08-17,SKU-009,Sparkling Water 6pk,Beverages,San Pellegrino,FreshMart Westside,Vancouver,British Columbia,Maple Leaf Foods,Canada,44,11.69
2023-12-14,SKU-009,Sparkling Water 6pk,Beverages,San Pellegrino,Prairie Pantry,Calgary,Alberta,Maple Leaf Foods,Canada,47,11.69
2023-08-01,SKU-006,Atlantic Salmon Fillet 400g,Seafood,Ocean Choice,FreshMart Downtown,Toronto,Ontario,Sysco Canada,Canada,44,17.55
2023-04-30,SKU-007,Baby Spinach 142g,Produce,Earthbound Farm,FreshMart Downtown,Toronto,Ontario,Premium Brands,Canada,25,22.51
2023-06-01,SKU-002,Sourdough Bread 750g,Bakery,ACE Bakery,GreenGrocer Midtown,Toronto,Ontario,Maple Leaf Foods,Canada,2,2.57
2025-03-01,SKU-015,Rotisserie Chicken,Deli,In-store,Metro Fresh,Montreal,Quebec,Premium Brands,Canada,19,16.94
2025-10-01,SKU-007,Baby Spinach 142g,Produce,Earthbound Farm,Metro Fresh,Montreal,Quebec,Sysco Canada,Canada,40,22.51
2023-11-10,SKU-011,Almond Butter 500g,Pantry,Maranatha,Metro Fresh,Montreal,Quebec,Lantic Inc,Canada,30,7.02
2024-08-10,SKU-006,Atlantic Salmon Fillet 400g,Seafood,Ocean Choice,GreenGrocer Midtown,Toronto,Ontario,Sysco Canada,Canada,41,17.55
2025-01-23,SKU-007,Baby Spinach 142g,Produce,Earthbound Farm,FreshMart Westside,Vancouver,British Columbia,Sysco Canada,Canada,48,22.51
2023-03-29,,Oat Milk 1L,Beverages,Oatly,FreshMart Westside,Vancouver,British Columbia,Sysco Canada,Canada,30,2.6
2023-09-14,SKU-009,Sparkling Water 6pk,Beverages,San Pellegrino,GreenGrocer Midtown,Toronto,Ontario,Lantic Inc,Canada,41,11.69
2025-08-01,SKU-007,Baby Spinach 142g,Produce,Earthbound Farm,Metro Fresh,Montreal,Quebec,Lantic Inc,Canada,47,22.51
2024-11-22,SKU-007,Baby Spinach 142g,Produce,Earthbound Farm,Metro Fresh,Montreal,Quebec,Gordon Food Service,Canada,21,22.51
2024-02-26,SKU-003,Free Range Eggs 12pk,Dairy,Burnbrae Farms,FreshMart Uptown,Ottawa,Ontario,Premium Brands,Canada,16,8.32
2025-01-14,SKU-004,Cold Brew Coffee 330ml,Beverages,Pilot Coffee,Prairie Pantry,Calgary,Alberta,Sysco Canada,Canada,30,7.12
2024-09-20,SKU-013,Oat Milk 1L,Beverages,Oatly,Metro Fresh,Montreal,Quebec,Gordon Food Service,Canada,14,2.6
2025-07-15,SKU-008,Aged Cheddar 400g,Dairy,Black Diamond,FreshMart Downtown,Toronto,Ontario,Premium Brands,Canada,20,3.99
2023-04-15,SKU-013,Oat Milk 1L,Beverages,Oatly,Prairie Pantry,Calgary,Alberta,Lantic Inc,Canada,13,2.6
2025-11-25,SKU-009,Sparkling Water 6pk,Beverages,San Pellegrino,GreenGrocer Midtown,Toronto,Ontario,Lantic Inc,Canada,28,11.69
2025-03-01,SKU-008,Aged Cheddar 400g,Dairy,Black Diamond,FreshMart Downtown,Toronto,Ontario,Sysco Canada,Canada,37,3.99
2023-11-16,SKU-005,Greek Yogurt 500g,Dairy,Olympic,FreshMart Uptown,Ottawa,Ontario,Premium Brands,Canada,42,18.93
2025-04-22,SKU-013,Oat Milk 1L,Beverages,Oatly,GreenGrocer Midtown,Toronto,Ontario,Sysco Canada,Canada,21,2.6
2025-09-23,SKU-014,Avocado each,Produce,Fresh Direct,FreshMart Uptown,Ottawa,Ontario,Sysco Canada,Canada,21,6.56
2023-03-14,SKU-013,Oat Milk 1L,Beverages,Oatly,Prairie Pantry,Calgary,Alberta,Premium Brands,Canada,44,2.6
2023-01-18,SKU-002,Sourdough Bread 750g,Bakery,ACE Bakery,FreshMart Downtown,Toronto,Ontario,Maple Leaf Foods,Canada,4,2.57
2024-02-20,SKU-002,Sourdough Bread 750g,Bakery,ACE Bakery,FreshMart Westside,Vancouver,British Columbia,Gordon Food Service,Canada,48,2.57
2025-01-13,SKU-004,Cold Brew Coffee 330ml,Beverages,Pilot Coffee,FreshMart Westside,Vancouver,British Columbia,Maple Leaf Foods,Canada,40,7.12
2024-11-24,SKU-010,Dark Chocolate 85g,Snacks,Lindt,Metro Fresh,Montreal,Quebec,Lantic Inc,Canada,46,2.68
2023-11-24,SKU-005,Greek Yogurt 500g,Dairy,Olympic,FreshMart Downtown,Toronto,Ontario,Premium Brands,Canada,10,18.93
2025-04-19,SKU-002,Sourdough Bread 750g,Bakery,ACE Bakery,Prairie Pantry,Calgary,Alberta,Premium Brands,Canada,11,2.57
2024-05-25,SKU-011,Almond Butter 500g,Pantry,Maranatha,Metro Fresh,Montreal,Quebec,Gordon Food Service,Canada,8,7.02
2023-03-22,SKU-003,Free Range Eggs 12pk,Dairy,Burnbrae Farms,Metro Fresh,Montreal,Quebec,Maple Leaf Foods,Canada,9,8.32
2023-12-16,SKU-008,Aged Cheddar 400g,Dairy,Black Diamond,Metro Fresh,Montreal,Quebec,Lantic Inc,Canada,50,3.99
not-a-date,SKU-012,Frozen Edamame 400g,Frozen,President's Choice,FreshMart Westside,Vancouver,British Columbia,Lantic Inc,Canada,29,13.61
2024-11-26,SKU-011,Almond Butter 500g,Pantry,Maranatha,Prairie Pantry,Calgary,Alberta,Gordon Food Service,Canada,6,7.02
2024-09-06,SKU-002,Sourdough Bread 750g,Bakery,ACE Bakery,GreenGrocer Midtown,Toronto,Ontario,Sysco Canada,Canada,44,2.57
2024-10-18,SKU-003,Free Range Eggs 12pk,Dairy,Burnbrae Farms,FreshMart Downtown,Toronto,Ontario,Sysco Canada,Canada,19,8.32
2025-10-10,SKU-013,Oat Milk 1L,Beverages,Oatly,FreshMart Downtown,Toronto,Ontario,Gordon Food Service,Canada,2,2.6
2025-01-17,SKU-010,Dark Chocolate 85g,Snacks,Lindt,Metro Fresh,Montreal,Quebec,Sysco Canada,Canada,17,2.68
2025-09-29,SKU-005,Greek Yogurt 500g,Dairy,Olympic,Prairie Pantry,Calgary,Alberta,Maple Leaf Foods,Canada,21,18.93
2024-09-19,SKU-001,Organic Whole Milk 2L,Dairy,Natrel,FreshMart Uptown,Ottawa,Ontario,Sysco Canada,Canada,17,16.7
2024-07-12,SKU-007,Baby Spinach 142g,Produce,Earthbound Farm,FreshMart Westside,Vancouver,British Columbia,Maple Leaf Foods,Canada,48,22.51
2024-11-12,SKU-011,Almond Butter 500g,Pantry,Maranatha,Metro Fresh,Montreal,Quebec,Maple Leaf Foods,Canada,36,7.02
2023-02-09,SKU-014,Avocado each,Produce,Fresh Direct,Prairie Pantry,Calgary,Alberta,Maple Leaf Foods,Canada,20,6.56
2025-03-06,SKU-015,Rotisserie Chicken,Deli,In-store,Metro Fresh,Montreal,Quebec,Lantic Inc,Canada,3,16.94
2024-11-18,SKU-005,Greek Yogurt 500g,Dairy,Olympic,FreshMart Uptown,Ottawa,Ontario,Lantic Inc,Canada,24,18.93
2024-12-01,SKU-014,Avocado each,Produce,Fresh Direct,Metro Fresh,Montreal,Quebec,Lantic Inc,Canada,9,6.56
2024-01-31,SKU-012,Frozen Edamame 400g,Frozen,President's Choice,FreshMart Westside,Vancouver,British Columbia,Premium Brands,Canada,32,13.61
2024-10-14,SKU-002,Sourdough Bread 750g,Bakery,ACE Bakery,Metro Fresh,Montreal,Quebec,Maple Leaf Foods,Canada,33,2.57
2024-05-12,SKU-001,Organic Whole Milk 2L,Dairy,Natrel,GreenGrocer Midtown,Toronto,Ontario,Maple Leaf Foods,Canada,5,16.7
2024-04-30,SKU-002,Sourdough Bread 750g,Bakery,ACE Bakery,GreenGrocer Midtown,Toronto,Ontario,Premium Brands,Canada,50,2.57
2024-11-29,SKU-002,Sourdough Bread 750g,Bakery,ACE Bakery,FreshMart Downtown,Toronto,Ontario,Maple Leaf Foods,Canada,40,2.57
2024-11-08,SKU-010,Dark Chocolate 85g,Snacks,Lindt,FreshMart Uptown,Ottawa,Ontario,Lantic Inc,Canada,43,2.68
2024-02-13,SKU-002,Sourdough Bread 750g,Bakery,ACE Bakery,FreshMart Downtown,Toronto,Ontario,Sysco Canada,Canada,48,2.57
2023-01-08,SKU-003,Free Range Eggs 12pk,Dairy,Burnbrae Farms,FreshMart Downtown,Toronto,Ontario,Maple Leaf Foods,Canada,28,8.32
2023-06-12,SKU-004,Cold Brew Coffee 330ml,Beverages,Pilot Coffee,GreenGrocer Midtown,Toronto,Ontario,Maple Leaf Foods,Canada,25,7.12
2024-02-09,SKU-009,Sparkling Water 6pk,Beverages,San Pellegrino,GreenGrocer Midtown,Toronto,Ontario,Lantic Inc,Canada,46,11.69
2025-08-18,SKU-010,Dark Chocolate 85g,Snacks,Lindt,FreshMart Uptown,Ottawa,Ontario,Sysco Canada,Canada,19,2.68
2024-01-14,SKU-010,Dark Chocolate 85g,Snacks,Lindt,FreshMart Downtown,Toronto,Ontario,Lantic Inc,Canada,33,2.68
2023-10-22,SKU-003,Free Range Eggs 12pk,Dairy,Burnbrae Farms,GreenGrocer Midtown,Toronto,Ontario,Gordon Food Service,Canada,-2,8.32
2024-10-20,SKU-002,Sourdough Bread 750g,Bakery,ACE Bakery,GreenGrocer Midtown,Toronto,Ontario,Sysco Canada,Canada,49,2.57
2024-08-30,SKU-003,Free Range Eggs 12pk,Dairy,Burnbrae Farms,Metro Fresh,Montreal,Quebec,Premium Brands,Canada,39,8.32
2025-05-23,SKU-011,Almond Butter 500g,Pantry,Maranatha,FreshMart Westside,Vancouver,British Columbia,Sysco Canada,Canada,17,7.02
2023-01-15,SKU-012,Frozen Edamame 400g,Frozen,President's Choice,GreenGrocer Midtown,Toronto,Ontario,Premium Brands,Canada,42,13.61
2023-11-27,SKU-011,Almond Butter 500g,Pantry,Maranatha,FreshMart Westside,Vancouver,British Columbia,Gordon Food Service,Canada,5,7.02
2025-05-30,SKU-008,Aged Cheddar 400g,Dairy,Black Diamond,FreshMart Westside,Vancouver,British Columbia,Maple Leaf Foods,Canada,6,3.99
2023-01-25,SKU-015,Rotisserie Chicken,Deli,In-store,FreshMart Uptown,Ottawa,Ontario,Lantic Inc,Canada,48,16.94
2023-05-15,SKU-006,Atlantic Salmon Fillet 400g,Seafood,Ocean Choice,Prairie Pantry,Calgary,Alberta,Gordon Food Service,Canada,37,17.55
2025-01-03,SKU-014,Avocado each,Produce,Fresh Direct,FreshMart Westside,Vancouver,British Columbia,Lantic Inc,Canada,48,6.56
2025-09-28,SKU-006,Atlantic Salmon Fillet 400g,Seafood,Ocean Choice,Metro Fresh,Montreal,Quebec,Gordon Food Service,Canada,21,17.55
2023-12-16,SKU-012,Frozen Edamame 400g,Frozen,President's Choice,GreenGrocer Midtown,Toronto,Ontario,Sysco Canada,Canada,3,13.61
2024-10-26,SKU-007,Baby Spinach 142g,Produce,Earthbound Farm,Metro Fresh,Montreal,Quebec,Lantic Inc,Canada,26,22.51
2023-11-09,SKU-015,Rotisserie Chicken,Deli,In-store,Metro Fresh,Montreal,Quebec,Lantic Inc,Canada,10,16.94
2023-10-13,SKU-007,Baby Spinach 142g,Produce,Earthbound Farm,Metro Fresh,Montreal,Quebec,Maple Leaf Foods,Canada,21,22.51
2025-03-29,SKU-014,Avocado each,Produce,Fresh Direct,FreshMart Uptown,Ottawa,Ontario,Sysco Canada,Canada,24,6.56
2023-11-06,SKU-013,Oat Milk 1L,Beverages,Oatly,FreshMart Uptown,Ottawa,Ontario,Sysco Canada,Canada,-4,2.6
2024-07-08,SKU-007,Baby Spinach 142g,Produce,Earthbound Farm,Metro Fresh,Montreal,Quebec,Sysco Canada,Canada,22,22.51
2024-09-13,SKU-008,Aged Cheddar 400g,Dairy,Black Diamond,Metro Fresh,Montreal,Quebec,Sysco Canada,Canada,36,3.99
2025-10-19,SKU-004,Cold Brew Coffee 330ml,Beverages,Pilot Coffee,Metro Fresh,Montreal,Quebec,Premium Brands,Canada,28,7.12
2023-05-03,SKU-014,Avocado each,Produce,Fresh Direct,GreenGrocer Midtown,Toronto,Ontario,Lantic Inc,Canada,23,6.56
2024-08-15,SKU-002,Sourdough Bread 750g,Bakery,ACE Bakery,FreshMart Westside,Vancouver,British Columbia,Lantic Inc,Canada,10,2.57
2025-10-01,SKU-008,Aged Cheddar 400g,Dairy,Black Diamond,GreenGrocer Midtown,Toronto,Ontario,Lantic Inc,Canada,1,3.99
2024-09-28,SKU-011,Almond Butter 500g,Pantry,Maranatha,GreenGrocer Midtown,Toronto,Ontario,Gordon Food Service,Canada,44,7.02
2023-09-23,SKU-010,Dark Chocolate 85g,Snacks,Lindt,FreshMart Downtown,Toronto,Ontario,Premium Brands,Canada,34,2.68
2025-01-26,SKU-012,Frozen Edamame 400g,Frozen,President's Choice,FreshMart Westside,Vancouver,British Columbia,Sysco Canada,Canada,37,13.61
2025-01-27,SKU-002,Sourdough Bread 750g,Bakery,ACE Bakery,FreshMart Downtown,Toronto,Ontario,Lantic Inc,Canada,27,2.57
2024-10-02,SKU-006,Atlantic Salmon Fillet 400g,Seafood,Ocean Choice,FreshMart Uptown,Ottawa,Ontario,Sysco Canada,Canada,41,17.55
2024-11-28,SKU-008,Aged Cheddar 400g,Dairy,Black Diamond,FreshMart Westside,Vancouver,British Columbia,Premium Brands,Canada,37,3.99
2024-10-21,SKU-012,Frozen Edamame 400g,Frozen,President's Choice,GreenGrocer Midtown,Toronto,Ontario,Sysco Canada,Canada,41,13.61
2024-04-30,SKU-015,Rotisserie Chicken,Deli,In-store,GreenGrocer Midtown,Toronto,Ontario,Premium Brands,Canada,16,16.94
2025-11-12,SKU-008,Aged Cheddar 400g,Dairy,Black Diamond,FreshMart Downtown,Toronto,Ontario,Gordon Food Service,Canada,7,3.99
2023-06-16,SKU-003,Free Range Eggs 12pk,Dairy,Burnbrae Farms,Prairie Pantry,Calgary,Alberta,Gordon Food Service,Canada,34,8.32
2023-05-18,SKU-010,Dark Chocolate 85g,Snacks,Lindt,FreshMart Uptown,Ottawa,Ontario,Gordon Food Service,Canada,29,2.68
2025-01-15,SKU-004,Cold Brew Coffee 330ml,Beverages,Pilot Coffee,FreshMart Westside,Vancouver,British Columbia,Sysco Canada,Canada,50,7.12
2024-11-01,SKU-004,Cold Brew Coffee 330ml,Beverages,Pilot Coffee,GreenGrocer Midtown,Toronto,Ontario,Maple Leaf Foods,Canada,23,7.12
2024-07-12,SKU-008,Aged Cheddar 400g,Dairy,Black Diamond,Prairie Pantry,Calgary,Alberta,Sysco Canada,Canada,21,3.99
2024-02-14,SKU-006,Atlantic Salmon Fillet 400g,Seafood,Ocean Choice,Prairie Pantry,Calgary,Alberta,Premium Brands,Canada,42,17.55
2023-09-04,SKU-015,Rotisserie Chicken,Deli,In-store,Prairie Pantry,Calgary,Alberta,Premium Brands,Canada,19,16.94
2025-10-29,SKU-012,Frozen Edamame 400g,Frozen,President's Choice,GreenGrocer Midtown,Toronto,Ontario,Premium Brands,Canada,19,13.61
2024-09-02,SKU-007,Baby Spinach 142g,Produce,Earthbound Farm,Metro Fresh,Montreal,Quebec,Maple Leaf Foods,Canada,17,22.51
2025-05-13,SKU-005,Greek Yogurt 500g,Dairy,Olympic,FreshMart Downtown,Toronto,Ontario,Maple Leaf Foods,Canada,6,18.93
2025-02-21,SKU-013,Oat Milk 1L,Beverages,Oatly,GreenGrocer Midtown,Toronto,Ontario,Lantic Inc,Canada,36,2.6
2024-07-14,SKU-008,Aged Cheddar 400g,Dairy,Black Diamond,FreshMart Westside,Vancouver,British Columbia,Maple Leaf Foods,Canada,30,3.99
2024-08-06,SKU-012,Frozen Edamame 400g,Frozen,President's Choice,Prairie Pantry,Calgary,Alberta,Lantic Inc,Canada,11,13.61
2023-04-18,SKU-006,Atlantic Salmon Fillet 400g,Seafood,Ocean Choice,FreshMart Downtown,Toronto,Ontario,Maple Leaf Foods,Canada,21,17.55
2025-02-07,SKU-006,Atlantic Salmon Fillet 400g,Seafood,Ocean Choice,GreenGrocer Midtown,Toronto,Ontario,Gordon Food Service,Canada,36,17.55
2025-03-21,SKU-007,Baby Spinach 142g,Produce,Earthbound Farm,FreshMart Uptown,Ottawa,Ontario,Gordon Food Service,Canada,12,-22.51
2024-10-25,SKU-013,Oat Milk 1L,Beverages,Oatly,FreshMart Downtown,Toronto,Ontario,Gordon Food Service,Canada,37,2.6
2023-09-28,SKU-001,Organic Whole Milk 2L,Dairy,Natrel,Prairie Pantry,Calgary,Alberta,Maple Leaf Foods,Canada,32,16.7
2023-07-29,SKU-002,Sourdough Bread 750g,Bakery,ACE Bakery,GreenGrocer Midtown,Toronto,Ontario,Sysco Canada,Canada,34,2.57
2025-01-07,SKU-012,Frozen Edamame 400g,Frozen,President's Choice,GreenGrocer Midtown,Toronto,Ontario,Maple Leaf Foods,Canada,23,13.61
2025-10-05,SKU-007,Baby Spinach 142g,Produce,Earthbound Farm,FreshMart Westside,Vancouver,British Columbia,Maple Leaf Foods,Canada,26,22.51
2023-11-14,SKU-009,Sparkling Water 6pk,Beverages,San Pellegrino,Metro Fresh,Montreal,Quebec,Lantic Inc,Canada,36,11.69
2023-11-22,SKU-014,Avocado each,Produce,Fresh Direct,GreenGrocer Midtown,Toronto,Ontario,Lantic Inc,Canada,8,6.56
2024-05-05,SKU-014,Avocado each,Produce,Fresh Direct,FreshMart Westside,Vancouver,British Columbia,Sysco Canada,Canada,4,6.56
2024-04-06,SKU-009,Sparkling Water 6pk,Beverages,San Pellegrino,FreshMart Downtown,Toronto,Ontario,Maple Leaf Foods,Canada,31,11.69
2023-10-09,SKU-004,Cold Brew Coffee 330ml,Beverages,Pilot Coffee,GreenGrocer Midtown,Toronto,Ontario,Sysco Canada,Canada,33,7.12
2023-02-09,SKU-007,Baby Spinach 142g,Produce,Earthbound Farm,FreshMart Uptown,Ottawa,Ontario,Lantic Inc,Canada,33,22.51
2023-05-20,SKU-008,Aged Cheddar 400g,Dairy,Black Diamond,FreshMart Downtown,Toronto,Ontario,Lantic Inc,Canada,3,3.99
2025-10-03,SKU-001,Organic Whole Milk 2L,Dairy,Natrel,GreenGrocer Midtown,Toronto,Ontario,Sysco Canada,Canada,1,16.7
2025-11-08,SKU-002,Sourdough Bread 750g,Bakery,ACE Bakery,Prairie Pantry,Calgary,Alberta,Gordon Food Service,Canada,11,2.57
2024-07-30,SKU-003,Free Range Eggs 12pk,Dairy,Burnbrae Farms,Prairie Pantry,Calgary,Alberta,Maple Leaf Foods,Canada,18,8.32
2024-02-17,SKU-009,Sparkling Water 6pk,Beverages,San Pellegrino,Metro Fresh,Montreal,Quebec,Sysco Canada,Canada,49,11.69
2024-06-17,SKU-006,Atlantic Salmon Fillet 400g,Seafood,Ocean Choice,GreenGrocer Midtown,Toronto,Ontario,Gordon Food Service,Canada,26,17.55
2025-07-01,SKU-005,Greek Yogurt 500g,Dairy,Olympic,Metro Fresh,Montreal,Quebec,Maple Leaf Foods,Canada,39,18.93
2024-02-24,SKU-011,Almond Butter 500g,Pantry,Maranatha,Prairie Pantry,Calgary,Alberta,Lantic Inc,Canada,12,7.02
2024-02-14,SKU-007,Baby Spinach 142g,Produce,Earthbound Farm,FreshMart Downtown,Toronto,Ontario,Sysco Canada,Canada,49,22.51
2024-09-13,SKU-012,Frozen Edamame 400g,Frozen,President's Choice,FreshMart Westside,Vancouver,British Columbia,Sysco Canada,Canada,24,13.61
2024-05-31,SKU-011,Almond Butter 500g,Pantry,Maranatha,FreshMart Uptown,Ottawa,Ontario,Sysco Canada,Canada,14,7.02
2024-01-06,SKU-005,Greek Yogurt 500g,Dairy,Olympic,FreshMart Downtown,Toronto,Ontario,Sysco Canada,Canada,22,18.93
2025-07-26,SKU-012,Frozen Edamame 400g,Frozen,President's Choice,Metro Fresh,Montreal,Quebec,Gordon Food Service,Canada,26,13.61
2024-08-07,SKU-003,Free Range Eggs 12pk,Dairy,Burnbrae Farms,Metro Fresh,Montreal,Quebec,Lantic Inc,Canada,43,8.32
2023-08-08,SKU-004,Cold Brew Coffee 330ml,Beverages,Pilot Coffee,FreshMart Downtown,Toronto,Ontario,Premium Brands,Canada,1,7.12
2024-07-15,SKU-010,Dark Chocolate 85g,Snacks,Lindt,FreshMart Downtown,Toronto,Ontario,Maple Leaf Foods,Canada,1,2.68
2023-11-23,SKU-007,Baby Spinach 142g,Produce,Earthbound Farm,FreshMart Uptown,Ottawa,Ontario,Premium Brands,Canada,7,22.51
2025-05-16,SKU-004,Cold Brew Coffee 330ml,Beverages,Pilot Coffee,FreshMart Uptown,Ottawa,Ontario,Sysco Canada,Canada,48,7.12
2023-02-15,SKU-002,Sourdough Bread 750g,Bakery,ACE Bakery,FreshMart Westside,Vancouver,British Columbia,Lantic Inc,Canada,20,2.57
2023-10-18,SKU-015,Rotisserie Chicken,Deli,In-store,FreshMart Downtown,Toronto,Ontario,Gordon Food Service,Canada,17,16.94
2023-03-04,SKU-015,Rotisserie Chicken,Deli,In-store,GreenGrocer Midtown,Toronto,Ontario,Maple Leaf Foods,Canada,31,16.94
2025-07-21,SKU-002,Sourdough Bread 750g,Bakery,ACE Bakery,FreshMart Downtown,Toronto,Ontario,Sysco Canada,Canada,38,2.57
2025-09-09,SKU-005,Greek Yogurt 500g,Dairy,Olympic,FreshMart Westside,Vancouver,British Columbia,Maple Leaf Foods,Canada,5,18.93
2025-03-25,SKU-003,Free Range Eggs 12pk,Dairy,Burnbrae Farms,GreenGrocer Midtown,Toronto,Ontario,Maple Leaf Foods,Canada,44,8.32
2025-08-11,SKU-001,Organic Whole Milk 2L,Dairy,Natrel,Metro Fresh,Montreal,Quebec,Lantic Inc,Canada,27,16.7
2023-05-10,SKU-001,Organic Whole Milk 2L,Dairy,Natrel,Prairie Pantry,Calgary,Alberta,Maple Leaf Foods,Canada,50,16.7
2024-02-20,SKU-012,Frozen Edamame 400g,Frozen,President's Choice,FreshMart Westside,Vancouver,British Columbia,Lantic Inc,Canada,18,13.61
not-a-date,SKU-005,Greek Yogurt 500g,Dairy,Olympic,GreenGrocer Midtown,Toronto,Ontario,Sysco Canada,Canada,1,18.93
2025-09-27,SKU-014,Avocado each,Produce,Fresh Direct,Metro Fresh,Montreal,Quebec,Premium Brands,Canada,15,6.56
2025-01-15,SKU-012,Frozen Edamame 400g,Frozen,President's Choice,FreshMart Downtown,Toronto,Ontario,Gordon Food Service,Canada,6,13.61
2023-12-02,SKU-008,Aged Cheddar 400g,Dairy,Black Diamond,Metro Fresh,Montreal,Quebec,Premium Brands,Canada,24,3.99
2023-10-26,SKU-006,Atlantic Salmon Fillet 400g,Seafood,Ocean Choice,FreshMart Uptown,Ottawa,Ontario,Premium Brands,Canada,21,17.55
2025-04-02,SKU-006,Atlantic Salmon Fillet 400g,Seafood,Ocean Choice,Metro Fresh,Montreal,Quebec,Sysco Canada,Canada,24,17.55
2025-10-09,SKU-006,Atlantic Salmon Fillet 400g,Seafood,Ocean Choice,FreshMart Westside,Vancouver,British Columbia,Sysco Canada,Canada,44,17.55
2024-06-02,SKU-006,Atlantic Salmon Fillet 400g,Seafood,Ocean Choice,Metro Fresh,Montreal,Quebec,Maple Leaf Foods,Canada,9,17.55
2025-07-12,SKU-006,Atlantic Salmon Fillet 400g,Seafood,Ocean Choice,FreshMart Uptown,Ottawa,Ontario,Lantic Inc,Canada,49,17.55
2024-12-04,SKU-011,Almond Butter 500g,Pantry,Maranatha,GreenGrocer Midtown,Toronto,Ontario,Maple Leaf Foods,Canada,33,7.02
2024-11-30,SKU-011,Almond Butter 500g,Pantry,Maranatha,GreenGrocer Midtown,Toronto,Ontario,Premium Brands,Canada,35,7.02
2023-10-13,SKU-012,Frozen Edamame 400g,Frozen,President's Choice,GreenGrocer Midtown,Toronto,Ontario,Premium Brands,Canada,14,13.61
2023-08-18,SKU-007,Baby Spinach 142g,Produce,Earthbound Farm,FreshMart Downtown,Toronto,Ontario,Lantic Inc,Canada,33,22.51
2023-01-09,SKU-009,Sparkling Water 6pk,Beverages,San Pellegrino,FreshMart Downtown,Toronto,Ontario,Premium Brands,Canada,17,11.69
2024-11-16,SKU-011,Almond Butter 500g,Pantry,Maranatha,GreenGrocer Midtown,Toronto,Ontario,Sysco Canada,Canada,32,7.02
2025-03-19,SKU-012,Frozen Edamame 400g,Frozen,President's Choice,FreshMart Westside,Vancouver,British Columbia,Premium Brands,Canada,34,13.61
2024-12-20,SKU-007,Baby Spinach 142g,Produce,Earthbound Farm,GreenGrocer Midtown,Toronto,Ontario,Premium Brands,Canada,48,22.51
2025-07-18,SKU-013,Oat Milk 1L,Beverages,Oatly,FreshMart Downtown,Toronto,Ontario,Sysco Canada,Canada,10,2.6
2025-10-30,SKU-015,Rotisserie Chicken,Deli,In-store,GreenGrocer Midtown,Toronto,Ontario,Maple Leaf Foods,Canada,7,16.94
2024-05-10,SKU-015,Rotisserie Chicken,Deli,In-store,FreshMart Downtown,Toronto,Ontario,Gordon Food Service,Canada,49,16.94
2023-07-17,SKU-014,Avocado each,Produce,Fresh Direct,GreenGrocer Midtown,Toronto,Ontario,Premium Brands,Canada,13,6.56
not-a-date,SKU-001,Organic Whole Milk 2L,Dairy,Natrel,FreshMart Westside,Vancouver,British Columbia,Maple Leaf Foods,Canada,12,16.7
2025-01-02,SKU-008,Aged Cheddar 400g,Dairy,Black Diamond,FreshMart Downtown,Toronto,Ontario,Lantic Inc,Canada,43,3.99
2024-12-03,SKU-012,Frozen Edamame 400g,Frozen,President's Choice,Prairie Pantry,Calgary,Alberta,Gordon Food Service,Canada,25,13.61
2025-09-06,SKU-005,Greek Yogurt 500g,Dairy,Olympic,Metro Fresh,Montreal,Quebec,Premium Brands,Canada,41,18.93
2023-03-06,SKU-001,Organic Whole Milk 2L,Dairy,Natrel,FreshMart Uptown,Ottawa,Ontario,Lantic Inc,Canada,32,16.7
2025-02-24,SKU-001,Organic Whole Milk 2L,Dairy,Natrel,FreshMart Westside,Vancouver,British Columbia,Lantic Inc,Canada,49,16.7
2024-12-19,SKU-002,Sourdough Bread 750g,Bakery,ACE Bakery,Metro Fresh,Montreal,Quebec,Premium Brands,Canada,44,2.57
2025-09-25,SKU-001,Organic Whole Milk 2L,Dairy,Natrel,Metro Fresh,Montreal,Quebec,Maple Leaf Foods,Canada,49,16.7
2023-07-08,SKU-008,Aged Cheddar 400g,Dairy,Black Diamond,FreshMart Westside,Vancouver,British Columbia,Premium Brands,Canada,6,3.99
2025-07-20,SKU-014,Avocado each,Produce,Fresh Direct,FreshMart Uptown,Ottawa,Ontario,Maple Leaf Foods,Canada,25,6.56
2023-03-12,SKU-004,Cold Brew Coffee 330ml,Beverages,Pilot Coffee,Prairie Pantry,Calgary,Alberta,Lantic Inc,Canada,21,7.12
2024-03-19,SKU-013,Oat Milk 1L,Beverages,Oatly,FreshMart Uptown,Ottawa,Ontario,Lantic Inc,Canada,40,2.6
2023-02-27,SKU-001,Organic Whole Milk 2L,Dairy,Natrel,FreshMart Uptown,Ottawa,Ontario,Sysco Canada,Canada,33,16.7
2024-07-16,SKU-009,Sparkling Water 6pk,Beverages,San Pellegrino,GreenGrocer Midtown,Toronto,Ontario,Lantic Inc,Canada,45,11.69
2024-06-02,SKU-013,Oat Milk 1L,Beverages,Oatly,Prairie Pantry,Calgary,Alberta,Maple Leaf Foods,Canada,38,2.6
2025-07-14,SKU-009,Sparkling Water 6pk,Beverages,San Pellegrino,Metro Fresh,Montreal,Quebec,Sysco Canada,Canada,19,11.69
2024-11-09,SKU-001,Organic Whole Milk 2L,Dairy,Natrel,FreshMart Westside,Vancouver,British Columbia,Premium Brands,Canada,28,16.7
2025-09-14,SKU-003,Free Range Eggs 12pk,Dairy,Burnbrae Farms,FreshMart Downtown,Toronto,Ontario,Sysco Canada,Canada,32,8.32
2025-02-10,SKU-007,Baby Spinach 142g,Produce,Earthbound Farm,FreshMart Uptown,Ottawa,Ontario,Sysco Canada,Canada,3,22.51
2025-10-07,SKU-004,Cold Brew Coffee 330ml,Beverages,Pilot Coffee,FreshMart Westside,Vancouver,British Columbia,Premium Brands,Canada,15,7.12
2023-07-27,SKU-013,Oat Milk 1L,Beverages,Oatly,FreshMart Uptown,Ottawa,Ontario,Maple Leaf Foods,Canada,11,2.6
2023-02-18,SKU-012,Frozen Edamame 400g,Frozen,President's Choice,Prairie Pantry,Calgary,Alberta,Premium Brands,Canada,29,13.61
2023-02-12,SKU-013,Oat Milk 1L,Beverages,Oatly,FreshMart Uptown,Ottawa,Ontario,Lantic Inc,Canada,46,2.6
2023-08-06,SKU-012,Frozen Edamame 400g,Frozen,President's Choice,FreshMart Westside,Vancouver,British Columbia,Premium Brands,Canada,27,13.61
2025-05-14,SKU-005,Greek Yogurt 500g,Dairy,Olympic,Metro Fresh,Montreal,Quebec,Premium Brands,Canada,5,18.93
2025-08-30,SKU-005,Greek Yogurt 500g,Dairy,Olympic,FreshMart Uptown,Ottawa,Ontario,Gordon Food Service,Canada,26,18.93
2023-02-19,SKU-004,Cold Brew Coffee 330ml,Beverages,Pilot Coffee,GreenGrocer Midtown,Toronto,Ontario,Maple Leaf Foods,Canada,11,7.12
2025-07-02,SKU-003,Free Range Eggs 12pk,Dairy,Burnbrae Farms,FreshMart Uptown,Ottawa,Ontario,Sysco Canada,Canada,43,8.32
2025-09-05,SKU-006,Atlantic Salmon Fillet 400g,Seafood,Ocean Choice,Prairie Pantry,Calgary,Alberta,Gordon Food Service,Canada,5,17.55
2025-04-26,SKU-011,Almond Butter 500g,Pantry,Maranatha,GreenGrocer Midtown,Toronto,Ontario,Premium Brands,Canada,8,7.02
2024-09-07,SKU-004,Cold Brew Coffee 330ml,Beverages,Pilot Coffee,GreenGrocer Midtown,Toronto,Ontario,Sysco Canada,Canada,9,7.12
2023-05-03,SKU-007,Baby Spinach 142g,Produce,Earthbound Farm,FreshMart Downtown,Toronto,Ontario,Gordon Food Service,Canada,33,22.51
2025-12-22,SKU-002,Sourdough Bread 750g,Bakery,ACE Bakery,Prairie Pantry,Calgary,Alberta,Gordon Food Service,Canada,1,2.57
2024-05-14,SKU-013,Oat Milk 1L,Beverages,Oatly,GreenGrocer Midtown,Toronto,Ontario,Gordon Food Service,Canada,31,2.6
2025-09-06,SKU-004,Cold Brew Coffee 330ml,Beverages,Pilot Coffee,FreshMart Uptown,Ottawa,Ontario,Lantic Inc,Canada,31,7.12
2023-05-26,SKU-003,Free Range Eggs 12pk,Dairy,Burnbrae Farms,Metro Fresh,Montreal,Quebec,Premium Brands,Canada,10,8.32
2023-05-20,SKU-014,Avocado each,Produce,Fresh Direct,Prairie Pantry,Calgary,Alberta,Sysco Canada,Canada,31,6.56
2024-05-20,SKU-002,Sourdough Bread 750g,Bakery,ACE Bakery,Prairie Pantry,Calgary,Alberta,Sysco Canada,Canada,41,2.57
2024-04-06,SKU-014,Avocado each,Produce,Fresh Direct,FreshMart Uptown,Ottawa,Ontario,Gordon Food Service,Canada,17,6.56
2024-10-18,SKU-013,Oat Milk 1L,Beverages,Oatly,Metro Fresh,Montreal,Quebec,Maple Leaf Foods,Canada,50,2.6
2025-03-11,SKU-004,Cold Brew Coffee 330ml,Beverages,Pilot Coffee,FreshMart Uptown,Ottawa,Ontario,Gordon Food Service,Canada,29,7.12
2025-09-08,SKU-014,Avocado each,Produce,Fresh Direct,GreenGrocer Midtown,Toronto,Ontario,Sysco Canada,Canada,40,6.56
2024-05-09,SKU-009,Sparkling Water 6pk,Beverages,San Pellegrino,Metro Fresh,Montreal,Quebec,Sysco Canada,Canada,39,11.69
2023-03-05,SKU-008,Aged Cheddar 400g,Dairy,Black Diamond,FreshMart Downtown,Toronto,Ontario,Lantic Inc,Canada,27,3.99
2023-03-23,SKU-002,Sourdough Bread 750g,Bakery,ACE Bakery,FreshMart Uptown,Ottawa,Ontario,Sysco Canada,Canada,24,2.57
2024-09-13,SKU-005,Greek Yogurt 500g,Dairy,Olympic,Metro Fresh,Montreal,Quebec,Gordon Food Service,Canada,35,18.93
2025-11-13,SKU-015,Rotisserie Chicken,Deli,In-store,FreshMart Westside,Vancouver,British Columbia,Lantic Inc,Canada,32,16.94
2023-10-09,SKU-014,Avocado each,Produce,Fresh Direct,FreshMart Uptown,Ottawa,Ontario,Premium Brands,Canada,31,6.56
2025-12-27,SKU-012,Frozen Edamame 400g,Frozen,President's Choice,Metro Fresh,Montreal,Quebec,Gordon Food Service,Canada,34,13.61
2024-07-09,SKU-002,Sourdough Bread 750g,Bakery,ACE Bakery,FreshMart Westside,Vancouver,British Columbia,Gordon Food Service,Canada,19,2.57
2024-05-05,SKU-004,Cold Brew Coffee 330ml,Beverages,Pilot Coffee,FreshMart Westside,Vancouver,British Columbia,Gordon Food Service,Canada,37,7.12
2025-11-26,SKU-005,Greek Yogurt 500g,Dairy,Olympic,GreenGrocer Midtown,Toronto,Ontario,Gordon Food Service,Canada,44,18.93
2024-01-21,SKU-005,Greek Yogurt 500g,Dairy,Olympic,Prairie Pantry,Calgary,Alberta,Lantic Inc,Canada,50,18.93
2024-01-25,SKU-013,Oat Milk 1L,Beverages,Oatly,GreenGrocer Midtown,Toronto,Ontario,Gordon Food Service,Canada,44,2.6
2024-10-19,SKU-012,Frozen Edamame 400g,Frozen,President's Choice,Prairie Pantry,Calgary,Alberta,Premium Brands,Canada,14,13.61
2023-08-29,SKU-010,Dark Chocolate 85g,Snacks,Lindt,Prairie Pantry,Calgary,Alberta,Sysco Canada,Canada,47,2.68
2024-02-26,SKU-005,Greek Yogurt 500g,Dairy,Olympic,FreshMart Uptown,Ottawa,Ontario,Sysco Canada,Canada,39,18.93
2025-10-14,SKU-014,Avocado each,Produce,Fresh Direct,FreshMart Westside,Vancouver,British Columbia,Sysco Canada,Canada,24,6.56
2025-07-29,SKU-008,Aged Cheddar 400g,Dairy,Black Diamond,FreshMart Uptown,Ottawa,Ontario,Gordon Food Service,Canada,35,3.99
2024-06-01,SKU-005,Greek Yogurt 500g,Dairy,Olympic,Prairie Pantry,Calgary,Alberta,Maple Leaf Foods,Canada,8,18.93
2023-01-07,SKU-014,Avocado each,Produce,Fresh Direct,Prairie Pantry,Calgary,Alberta,Lantic Inc,Canada,5,6.56
2025-07-20,SKU-015,Rotisserie Chicken,Deli,In-store,FreshMart Westside,Vancouver,British Columbia,Lantic Inc,Canada,36,16.94
2025-05-11,SKU-005,Greek Yogurt 500g,Dairy,Olympic,Prairie Pantry,Calgary,Alberta,Premium Brands,Canada,13,18.93
2023-08-10,SKU-007,Baby Spinach 142g,Produce,Earthbound Farm,FreshMart Uptown,Ottawa,Ontario,Lantic Inc,Canada,31,22.51
2024-01-06,SKU-006,Atlantic Salmon Fillet 400g,Seafood,Ocean Choice,FreshMart Downtown,Toronto,Ontario,Sysco Canada,Canada,8,17.55
2023-05-24,SKU-013,Oat Milk 1L,Beverages,Oatly,FreshMart Downtown,Toronto,Ontario,Maple Leaf Foods,Canada,18,2.6
2023-07-16,SKU-009,Sparkling Water 6pk,Beverages,San Pellegrino,FreshMart Westside,Vancouver,British Columbia,Sysco Canada,Canada,48,11.69
2023-05-03,SKU-004,Cold Brew Coffee 330ml,Beverages,Pilot Coffee,FreshMart Downtown,Toronto,Ontario,Premium Brands,Canada,1,7.12
2024-08-05,SKU-010,Dark Chocolate 85g,Snacks,Lindt,FreshMart Uptown,Ottawa,Ontario,Gordon Food Service,Canada,28,2.68
2024-06-30,SKU-004,Cold Brew Coffee 330ml,Beverages,Pilot Coffee,Prairie Pantry,Calgary,Alberta,Premium Brands,Canada,36,7.12
2024-10-10,SKU-004,Cold Brew Coffee 330ml,Beverages,Pilot Coffee,GreenGrocer Midtown,Toronto,Ontario,Maple Leaf Foods,Canada,49,7.12
2023-02-05,SKU-013,Oat Milk 1L,Beverages,Oatly,Metro Fresh,Montreal,Quebec,Sysco Canada,Canada,11,2.6
2025-09-22,SKU-012,Frozen Edamame 400g,Frozen,President's Choice,Prairie Pantry,Calgary,Alberta,Gordon Food Service,Canada,8,13.61
2024-05-10,SKU-014,Avocado each,Produce,Fresh Direct,Metro Fresh,Montreal,Quebec,Sysco Canada,Canada,30,6.56
2024-07-26,SKU-015,Rotisserie Chicken,Deli,In-store,GreenGrocer Midtown,Toronto,Ontario,Sysco Canada,Canada,7,16.94
2025-03-02,SKU-011,Almond Butter 500g,Pantry,Maranatha,FreshMart Westside,Vancouver,British Columbia,Lantic Inc,Canada,-4,7.02
2025-06-25,SKU-002,Sourdough Bread 750g,Bakery,ACE Bakery,Metro Fresh,Montreal,Quebec,Lantic Inc,Canada,10,2.57
2023-02-17,SKU-007,Baby Spinach 142g,Produce,Earthbound Farm,Prairie Pantry,Calgary,Alberta,Lantic Inc,Canada,35,22.51
2025-06-13,SKU-004,Cold Brew Coffee 330ml,Beverages,Pilot Coffee,FreshMart Uptown,Ottawa,Ontario,Lantic Inc,Canada,34,7.12
2025-03-05,SKU-001,Organic Whole Milk 2L,Dairy,Natrel,Metro Fresh,Montreal,Quebec,Premium Brands,Canada,29,16.7
2025-02-12,SKU-006,Atlantic Salmon Fillet 400g,Seafood,Ocean Choice,GreenGrocer Midtown,Toronto,Ontario,Maple Leaf Foods,Canada,11,17.55
2024-12-24,SKU-004,Cold Brew Coffee 330ml,Beverages,Pilot Coffee,GreenGrocer Midtown,Toronto,Ontario,Gordon Food Service,Canada,26,7.12
2025-02-16,SKU-012,Frozen Edamame 400g,Frozen,President's Choice,FreshMart Westside,Vancouver,British Columbia,Sysco Canada,Canada,39,13.61
2024-05-14,SKU-001,Organic Whole Milk 2L,Dairy,Natrel,FreshMart Uptown,Ottawa,Ontario,Premium Brands,Canada,42,16.7
2025-03-07,SKU-008,Aged Cheddar 400g,Dairy,Black Diamond,FreshMart Uptown,Ottawa,Ontario,Maple Leaf Foods,Canada,37,3.99
2025-06-12,SKU-007,Baby Spinach 142g,Produce,Earthbound Farm,FreshMart Downtown,Toronto,Ontario,Lantic Inc,Canada,47,22.51
2024-06-06,SKU-007,Baby Spinach 142g,Produce,Earthbound Farm,FreshMart Downtown,Toronto,Ontario,Lantic Inc,Canada,23,22.51
2023-11-20,SKU-006,Atlantic Salmon Fillet 400g,Seafood,Ocean Choice,FreshMart Westside,Vancouver,British Columbia,Lantic Inc,Canada,11,17.55
2025-12-23,SKU-010,Dark Chocolate 85g,Snacks,Lindt,FreshMart Uptown,Ottawa,Ontario,Premium Brands,Canada,13,2.68
2024-04-13,SKU-007,Baby Spinach 142g,Produce,Earthbound Farm,FreshMart Westside,Vancouver,British Columbia,Maple Leaf Foods,Canada,6,22.51
2023-04-13,SKU-003,Free Range Eggs 12pk,Dairy,Burnbrae Farms,FreshMart Downtown,Toronto,Ontario,Premium Brands,Canada,17,8.32
2023-11-02,SKU-015,Rotisserie Chicken,Deli,In-store,FreshMart Westside,Vancouver,British Columbia,Lantic Inc,Canada,19,16.94
2024-04-14,SKU-007,Baby Spinach 142g,Produce,Earthbound Farm,FreshMart Westside,Vancouver,British Columbia,Sysco Canada,Canada,27,22.51
2023-07-08,SKU-009,Sparkling Water 6pk,Beverages,San Pellegrino,FreshMart Downtown,Toronto,Ontario,Sysco Canada,Canada,40,11.69
2024-08-13,SKU-011,Almond Butter 500g,Pantry,Maranatha,FreshMart Uptown,Ottawa,Ontario,Sysco Canada,Canada,36,7.02
2023-02-05,SKU-007,Baby Spinach 142g,Produce,Earthbound Farm,GreenGrocer Midtown,Toronto,Ontario,Sysco Canada,Canada,13,22.51
2024-07-05,SKU-002,Sourdough Bread 750g,Bakery,ACE Bakery,FreshMart Downtown,Toronto,Ontario,Maple Leaf Foods,Canada,12,2.57
2025-01-25,SKU-013,Oat Milk 1L,Beverages,Oatly,Metro Fresh,Montreal,Quebec,Premium Brands,Canada,47,2.6
2023-01-18,SKU-009,Sparkling Water 6pk,Beverages,San Pellegrino,GreenGrocer Midtown,Toronto,Ontario,Sysco Canada,Canada,21,11.69
2023-02-12,SKU-013,Oat Milk 1L,Beverages,Oatly,FreshMart Westside,Vancouver,British Columbia,Premium Brands,Canada,33,2.6
2023-12-09,SKU-001,Organic Whole Milk 2L,Dairy,Natrel,Metro Fresh,Montreal,Quebec,Sysco Canada,Canada,4,16.7
2025-01-22,SKU-014,Avocado each,Produce,Fresh Direct,GreenGrocer Midtown,Toronto,Ontario,Sysco Canada,Canada,37,6.56
2023-12-25,SKU-008,Aged Cheddar 400g,Dairy,Black Diamond,GreenGrocer Midtown,Toronto,Ontario,Lantic Inc,Canada,46,3.99
2023-03-28,SKU-004,Cold Brew Coffee 330ml,Beverages,Pilot Coffee,GreenGrocer Midtown,Toronto,Ontario,Premium Brands,Canada,5,7.12
2025-08-01,SKU-003,Free Range Eggs 12pk,Dairy,Burnbrae Farms,FreshMart Downtown,Toronto,Ontario,Gordon Food Service,Canada,34,8.32
2025-04-07,SKU-011,Almond Butter 500g,Pantry,Maranatha,Metro Fresh,Montreal,Quebec,Premium Brands,Canada,34,7.02
2025-04-09,SKU-011,Almond Butter 500g,Pantry,Maranatha,Prairie Pantry,Calgary,Alberta,Gordon Food Service,Canada,49,7.02
2025-10-27,SKU-015,Rotisserie Chicken,Deli,In-store,Metro Fresh,Montreal,Quebec,Sysco Canada,Canada,32,16.94
2025-01-22,SKU-001,Organic Whole Milk 2L,Dairy,Natrel,GreenGrocer Midtown,Toronto,Ontario,Maple Leaf Foods,Canada,20,16.7
2025-02-08,SKU-015,Rotisserie Chicken,Deli,In-store,Metro Fresh,Montreal,Quebec,Lantic Inc,Canada,20,16.94
2023-02-02,SKU-006,Atlantic Salmon Fillet 400g,Seafood,Ocean Choice,Metro Fresh,Montreal,Quebec,Sysco Canada,Canada,14,17.55
2023-10-14,SKU-011,Almond Butter 500g,Pantry,Maranatha,GreenGrocer Midtown,Toronto,Ontario,Lantic Inc,Canada,42,7.02
2023-02-03,SKU-007,Baby Spinach 142g,Produce,Earthbound Farm,GreenGrocer Midtown,Toronto,Ontario,Sysco Canada,Canada,15,22.51
2025-08-13,SKU-005,Greek Yogurt 500g,Dairy,Olympic,Metro Fresh,Montreal,Quebec,Lantic Inc,Canada,46,18.93
2023-09-25,SKU-015,Rotisserie Chicken,Deli,In-store,GreenGrocer Midtown,Toronto,Ontario,Lantic Inc,Canada,27,16.94
2024-08-28,SKU-004,Cold Brew Coffee 330ml,Beverages,Pilot Coffee,GreenGrocer Midtown,Toronto,Ontario,Maple Leaf Foods,Canada,24,7.12
2023-06-09,SKU-008,Aged Cheddar 400g,Dairy,Black Diamond,Metro Fresh,Montreal,Quebec,Lantic Inc,Canada,39,3.99
2025-09-04,SKU-014,Avocado each,Produce,Fresh Direct,Prairie Pantry,Calgary,Alberta,Premium Brands,Canada,3,6.56
2024-12-22,SKU-014,Avocado each,Produce,Fresh Direct,Metro Fresh,Montreal,Quebec,Maple Leaf Foods,Canada,22,6.56
2023-01-23,SKU-015,Rotisserie Chicken,Deli,In-store,Prairie Pantry,Calgary,Alberta,Sysco Canada,Canada,7,16.94
2023-05-03,SKU-012,Frozen Edamame 400g,Frozen,President's Choice,Prairie Pantry,Calgary,Alberta,Gordon Food Service,Canada,2,13.61
2023-02-19,SKU-011,Almond Butter 500g,Pantry,Maranatha,Prairie Pantry,Calgary,Alberta,Gordon Food Service,Canada,29,7.02
2024-12-11,SKU-013,Oat Milk 1L,Beverages,Oatly,Prairie Pantry,Calgary,Alberta,Lantic Inc,Canada,40,2.6
2023-09-10,SKU-006,Atlantic Salmon Fillet 400g,Seafood,Ocean Choice,FreshMart Downtown,Toronto,Ontario,Premium Brands,Canada,29,17.55
2025-11-02,SKU-007,Baby Spinach 142g,Produce,Earthbound Farm,Prairie Pantry,Calgary,Alberta,Maple Leaf Foods,Canada,5,22.51
2025-06-19,SKU-003,Free Range Eggs 12pk,Dairy,Burnbrae Farms,Metro Fresh,Montreal,Quebec,Gordon Food Service,Canada,47,8.32
2024-02-07,SKU-005,Greek Yogurt 500g,Dairy,Olympic,GreenGrocer Midtown,Toronto,Ontario,Sysco Canada,Canada,6,18.93
2023-03-27,SKU-005,Greek Yogurt 500g,Dairy,Olympic,Metro Fresh,Montreal,Quebec,Sysco Canada,Canada,3,18.93
2024-02-01,SKU-003,Free Range Eggs 12pk,Dairy,Burnbrae Farms,GreenGrocer Midtown,Toronto,Ontario,Lantic Inc,Canada,27,8.32
2024-06-06,SKU-015,Rotisserie Chicken,Deli,In-store,GreenGrocer Midtown,Toronto,Ontario,Lantic Inc,Canada,14,16.94
2024-06-27,,Sourdough Bread 750g,Bakery,ACE Bakery,GreenGrocer Midtown,Toronto,Ontario,Maple Leaf Foods,Canada,47,2.57
2025-10-07,SKU-004,Cold Brew Coffee 330ml,Beverages,Pilot Coffee,Metro Fresh,Montreal,Quebec,Sysco Canada,Canada,8,7.12
2025-02-01,SKU-008,Aged Cheddar 400g,Dairy,Black Diamond,FreshMart Westside,Vancouver,British Columbia,Premium Brands,Canada,31,3.99
